date,below_ma60,dd25,dd40,newlow60,n_stocks,med_pb_pct,idx_pos250,idx_gain250
2014-01-02,0.0,0.0,0.0,0.0,247200,,,
2014-01-03,0.0,0.0,0.0,0.0,247200,,,
2014-01-06,0.0,0.0,0.0,0.0,247200,,,
2014-01-07,0.0,0.0,0.0,0.0,247200,,,
2014-01-08,0.0,0.0,0.0,0.0,247200,,,
2014-01-09,0.0,0.0,0.0,0.0,247200,,,
2014-01-10,0.0,0.0,0.0,0.0,247200,,,
2014-01-13,0.0,0.0,0.0,0.0,247200,,,
2014-01-14,0.0,0.0,0.0,0.0,247200,,,
2014-01-15,0.0,0.04,0.02,0.0,247200,,,
2014-01-16,0.0,0.04,0.02,0.0,247200,,,
2014-01-17,0.0,0.07,0.02,0.0,247300,,,
2014-01-20,0.0,0.09,0.02,0.0,247300,,,
2014-01-21,0.0,0.07,0.02,0.0,248100,,,
2014-01-22,0.0,0.05,0.02,0.0,248200,,,
2014-01-23,0.0,0.05,0.02,0.0,249000,,,
2014-01-24,0.0,0.05,0.02,0.0,249100,,,
2014-01-27,0.0,0.07,0.02,0.0,249900,,,
2014-01-28,0.0,0.11,0.02,0.0,250800,,,
2014-01-29,11.35,0.09,0.02,0.0,251500,,,
2014-01-30,14.85,0.11,0.02,0.0,251500,,,
2014-02-07,10.92,0.04,0.02,0.0,251500,,,
2014-02-10,3.95,0.04,0.02,0.0,251600,,,
2014-02-11,3.22,0.04,0.02,0.0,251700,,,
2014-02-12,2.82,0.02,0.0,0.0,251700,,,
2014-02-13,4.49,0.02,0.0,0.0,251700,,,
2014-02-14,3.22,0.02,0.0,0.0,251700,,,
2014-02-17,2.25,0.02,0.0,0.0,251700,,,
2014-02-18,3.4,0.02,0.0,0.0,251700,,,
2014-02-19,3.06,0.0,0.0,1.34,252000,,,
2014-02-20,4.27,0.0,0.0,1.54,252000,,,
2014-02-21,6.21,0.0,0.0,1.68,252000,,,
2014-02-24,10.45,0.0,0.0,2.81,252000,,,
2014-02-25,21.02,0.05,0.0,5.59,252000,,,
2014-02-26,20.41,0.14,0.0,3.77,252000,,,
2014-02-27,23.5,0.33,0.02,5.81,252000,,,
2014-02-28,20.8,0.16,0.02,2.52,252000,,,
2014-03-03,15.05,0.16,0.02,1.61,252000,,,
2014-03-04,15.44,0.18,0.04,2.14,252000,,,
2014-03-05,16.33,0.18,0.05,2.15,252000,,,
2014-03-06,16.2,0.18,0.05,1.92,252000,,,
2014-03-07,17.47,0.2,0.05,2.39,252000,,,
2014-03-10,26.72,0.85,0.07,9.14,252000,,,
2014-03-11,26.29,0.96,0.07,4.4,252000,,,
2014-03-12,26.76,0.89,0.07,3.78,252000,,,
2014-03-13,23.66,0.63,0.05,1.32,252000,,,
2014-03-14,24.43,0.71,0.07,2.44,252000,,,
2014-03-17,20.04,0.27,0.05,1.09,252000,,,
2014-03-18,19.14,0.22,0.05,1.07,252000,,,
2014-03-19,19.07,0.27,0.07,1.76,252000,,,
2014-03-20,24.64,0.78,0.09,4.54,252000,,,
2014-03-21,19.63,0.62,0.13,1.2,252000,,,
2014-03-24,17.58,0.51,0.11,1.81,252000,,,
2014-03-25,17.58,0.58,0.11,1.3,252000,,,
2014-03-26,17.4,0.47,0.09,1.01,252000,,,
2014-03-27,21.24,0.8,0.09,3.11,252000,,,
2014-03-28,25.2,1.41,0.11,5.96,252000,,,
2014-03-31,26.85,1.52,0.13,4.73,252000,,,
2014-04-01,23.97,1.0,0.11,1.14,252000,,,
2014-04-02,23.74,1.07,0.13,2.17,252000,,,
2014-04-03,23.92,0.71,0.18,1.45,252000,,,
2014-04-04,21.94,0.53,0.22,0.81,252000,,,
2014-04-08,19.28,0.53,0.22,0.8,252000,,,
2014-04-09,17.73,0.36,0.22,0.69,252000,,,
2014-04-10,16.51,0.38,0.24,0.8,252000,,,
2014-04-11,18.0,0.53,0.29,0.87,252000,,,
2014-04-14,16.37,0.53,0.33,0.71,252000,,,
2014-04-15,18.7,0.54,0.33,0.89,252000,,,
2014-04-16,18.63,0.62,0.36,1.1,252000,,,
2014-04-17,18.88,0.56,0.36,1.07,252000,,,
2014-04-18,18.98,0.54,0.36,1.09,252000,,,
2014-04-21,24.24,0.63,0.45,2.25,252000,,,
2014-04-22,26.65,0.8,0.56,3.84,252000,,,
2014-04-23,27.21,0.96,0.69,3.71,252000,,,
2014-04-24,29.28,1.01,0.71,5.45,252000,,,
2014-04-25,33.48,1.07,0.81,10.83,252000,,,
2014-04-28,37.43,1.52,0.87,19.37,252000,,,
2014-04-29,36.43,1.43,0.94,3.39,252000,,,
2014-04-30,35.18,1.5,1.0,2.37,252000,,,
2014-05-05,33.89,1.32,0.91,1.88,252000,,,
2014-05-06,33.1,1.23,0.81,1.3,252000,,,
2014-05-07,34.89,1.7,0.91,5.76,252000,,,
2014-05-08,34.73,1.74,1.01,4.44,252000,,,
2014-05-09,35.22,2.05,1.03,8.02,252000,,,
2014-05-12,31.69,1.85,1.0,1.27,252000,,,
2014-05-13,32.27,1.96,1.12,1.83,252000,,,
2014-05-14,32.03,2.1,1.2,1.77,252000,,,
2014-05-15,34.27,2.59,1.29,5.59,252000,,,
2014-05-16,34.29,2.77,1.45,6.23,252000,,,
2014-05-19,35.09,2.88,1.54,6.61,252000,,,
2014-05-20,34.87,2.68,1.59,4.02,252000,,,
2014-05-21,33.53,2.57,1.47,1.9,252000,,,
2014-05-22,33.51,2.61,1.45,2.79,252000,,,
2014-05-23,32.1,2.77,1.34,1.88,252000,,,
2014-05-26,30.29,2.61,1.27,1.18,252000,,,
2014-05-27,30.8,2.73,1.3,1.96,252000,,,
2014-05-28,28.44,2.64,1.32,1.48,252000,,,
2014-05-29,31.12,2.7,1.32,3.24,252000,,,
2014-05-30,30.58,2.77,1.36,2.75,252000,,,
2014-06-03,30.6,2.79,1.43,2.72,252000,,,
2014-06-04,31.9,2.7,1.38,5.31,252000,,,
2014-06-05,29.49,2.57,1.3,1.56,251900,,,
2014-06-06,29.95,2.59,1.29,3.77,251900,,,
2014-06-09,30.6,2.63,1.34,5.18,251900,,,
2014-06-10,28.64,2.35,1.21,1.65,251900,,,
2014-06-11,27.39,2.28,1.14,1.86,251900,,,
2014-06-12,28.08,2.28,1.18,2.95,251900,,,
2014-06-13,25.51,2.06,1.09,1.45,251900,,,
2014-06-16,24.37,1.99,1.1,1.54,251900,,,
2014-06-17,26.4,2.08,1.14,2.7,251900,,,
2014-06-18,28.01,2.14,1.21,4.96,251900,,,
2014-06-19,33.53,2.23,1.32,12.28,251900,,,
2014-06-20,31.36,2.03,1.2,4.2,251900,,,
2014-06-23,29.4,1.99,1.2,3.1,251900,,,
2014-06-24,27.79,1.88,1.07,2.08,251900,,,
2014-06-25,27.97,1.77,0.94,3.73,251900,,,
2014-06-26,25.28,1.63,0.94,1.54,252200,,,
2014-06-27,23.65,1.59,0.94,1.65,252200,,,
2014-06-30,21.51,1.56,0.91,1.32,252300,,,
2014-07-01,20.06,1.45,0.89,1.3,252400,,96.0,113.1
2014-07-02,18.63,1.43,0.89,1.48,252700,,96.6,113.8
2014-07-03,16.77,1.36,0.85,1.48,252800,,97.3,114.6
2014-07-04,17.31,1.45,0.87,1.76,252800,,97.2,114.5
2014-07-07,17.06,1.38,0.87,2.03,252800,,97.1,114.4
2014-07-08,15.75,1.34,0.85,1.63,252800,,97.9,115.4
2014-07-09,19.14,1.29,0.83,2.77,252800,,96.4,113.6
2014-07-10,18.45,1.27,0.74,2.59,252800,,96.4,113.5
2014-07-11,16.33,1.16,0.65,1.9,252800,,97.0,114.3
2014-07-14,13.78,1.07,0.6,1.85,252800,,98.1,115.6
2014-07-15,13.38,1.07,0.62,1.83,252800,,97.5,114.9
2014-07-16,14.0,1.0,0.54,2.12,252800,,96.2,113.3
2014-07-17,14.74,1.03,0.58,2.19,252800,,95.9,112.9
2014-07-18,14.09,0.98,0.58,2.28,252900,,95.9,113.0
2014-07-21,15.1,0.96,0.58,2.5,252900,,95.7,112.7
2014-07-22,12.95,0.92,0.56,1.41,252900,,97.0,114.3
2014-07-23,14.25,0.92,0.54,2.86,252900,,95.7,112.7
2014-07-24,14.41,0.92,0.53,3.15,252900,,94.9,111.8
2014-07-25,12.95,0.83,0.49,1.72,252900,,95.7,112.7
2014-07-28,10.37,0.8,0.47,1.38,252900,,97.3,114.7
2014-07-29,9.07,0.71,0.45,1.29,252900,,98.6,116.1
2014-07-30,8.62,0.76,0.42,1.34,252900,,99.4,117.1
2014-07-31,8.15,0.54,0.33,1.3,253200,,99.9,117.7
2014-08-01,9.13,0.53,0.31,1.38,253700,,98.7,116.3
2014-08-04,8.31,0.49,0.27,1.38,253700,,100.0,117.8
2014-08-05,6.9,0.42,0.22,1.27,253800,,100.0,118.9
2014-08-06,6.72,0.38,0.24,1.23,253800,,100.0,119.5
2014-08-07,7.3,0.38,0.22,1.27,253800,,99.3,118.7
2014-08-08,6.72,0.29,0.18,1.23,253900,,100.0,119.8
2014-08-11,5.59,0.27,0.18,1.23,253900,,100.0,121.6
2014-08-12,5.34,0.24,0.13,1.2,253900,,100.0,122.4
2014-08-13,5.49,0.22,0.14,1.25,253900,,100.0,122.4
2014-08-14,5.74,0.16,0.11,1.27,253900,,99.6,122.0
2014-08-15,5.05,0.16,0.09,1.38,253900,,100.0,123.3
2014-08-18,4.11,0.14,0.04,1.29,253900,,100.0,125.4
2014-08-19,3.71,0.14,0.04,1.21,253900,,100.0,125.9
2014-08-20,3.69,0.16,0.05,1.2,253900,,99.8,125.6
2014-08-21,3.75,0.16,0.07,1.16,253900,,100.0,126.0
2014-08-22,3.37,0.14,0.07,1.12,254000,,100.0,127.1
2014-08-25,3.69,0.14,0.07,1.07,254100,,99.3,126.2
2014-08-26,5.58,0.14,0.07,1.07,254100,,97.3,123.7
2014-08-27,5.43,0.18,0.09,1.18,254100,,97.9,124.4
2014-08-28,6.54,0.22,0.11,1.34,254100,,97.0,123.3
2014-08-29,5.59,0.18,0.11,1.12,254100,,98.1,124.7
2014-09-01,4.15,0.18,0.11,1.09,254100,,100.0,127.1
2014-09-02,3.33,0.16,0.11,1.03,254100,,100.0,128.9
2014-09-03,2.9,0.16,0.13,1.09,254100,,100.0,130.0
2014-09-04,2.52,0.16,0.13,1.1,254100,,100.0,131.2
2014-09-05,2.48,0.14,0.13,1.05,254200,,100.0,131.7
2014-09-09,2.39,0.14,0.13,1.03,254300,,100.0,132.5
2014-09-10,1.97,0.14,0.13,1.01,254700,,100.0,133.4
2014-09-11,2.05,0.14,0.13,0.98,254700,,99.9,133.2
2014-09-12,1.97,0.16,0.14,1.0,254900,,100.0,134.9
2014-09-15,1.97,0.22,0.18,1.01,254900,,100.0,136.2
2014-09-16,3.95,0.25,0.22,1.09,254900,,96.5,131.5
2014-09-17,4.04,0.24,0.22,1.1,254900,,97.2,132.5
2014-09-18,3.84,0.25,0.24,1.12,254900,,98.0,133.5
2014-09-19,3.35,0.33,0.31,1.12,254900,,99.1,135.0
2014-09-22,4.58,0.38,0.34,1.3,254900,,98.3,133.9
2014-09-23,4.02,0.36,0.31,1.12,254900,,99.7,135.9
2014-09-24,3.26,0.36,0.31,1.14,254900,,100.0,137.7
2014-09-25,3.26,0.38,0.31,1.16,254900,,100.0,137.8
2014-09-26,3.42,0.43,0.36,1.12,255000,,100.0,138.4
2014-09-29,3.02,0.43,0.36,1.2,255100,,100.0,139.9
2014-09-30,2.84,0.45,0.36,1.03,255200,,100.0,141.0
2014-10-08,2.25,0.43,0.34,1.01,255200,,100.0,143.0
2014-10-09,2.21,0.51,0.38,1.07,255700,,100.0,143.5
2014-10-10,2.61,0.54,0.43,1.07,256100,,99.7,143.0
2014-10-13,2.97,0.54,0.4,1.12,256200,,99.7,143.0
2014-10-14,3.31,0.53,0.4,1.2,256200,,99.5,142.7
2014-10-15,3.3,0.53,0.4,1.16,256300,,99.8,143.2
2014-10-16,4.58,0.58,0.43,1.47,256300,,98.3,141.1
2014-10-17,5.85,0.54,0.43,1.48,256300,,97.1,139.4
2014-10-20,5.27,0.49,0.38,1.14,256300,,98.7,141.6
2014-10-21,6.34,0.51,0.38,1.52,256300,,97.8,140.4
2014-10-22,8.4,0.49,0.36,1.81,256300,,96.6,138.7
2014-10-23,13.13,0.42,0.29,2.35,256300,,95.1,136.4
2014-10-24,13.22,0.42,0.27,1.92,256300,,95.2,136.7
2014-10-27,12.86,0.42,0.27,2.3,256300,,96.3,138.2
2014-10-28,8.73,0.38,0.29,1.0,256300,,98.8,141.8
2014-10-29,7.19,0.34,0.27,1.07,256300,,100.0,143.7
2014-10-30,7.15,0.29,0.2,1.01,256600,,99.9,143.6
2014-10-31,7.33,0.25,0.2,1.12,256700,,99.4,142.8
2014-11-03,6.54,0.25,0.2,1.01,256700,,100.0,144.4
2014-11-04,7.26,0.25,0.18,1.29,257000,,99.3,143.4
2014-11-05,7.91,0.18,0.11,1.38,257100,,99.2,143.3
2014-11-06,7.37,0.14,0.07,1.2,257200,,100.0,144.7
2014-11-07,8.96,0.14,0.07,1.56,257300,,99.0,143.3
2014-11-10,8.65,0.14,0.07,1.39,257300,,99.3,143.7
2014-11-11,15.95,0.18,0.09,3.8,257400,,95.8,138.6
2014-11-12,13.42,0.09,0.05,1.34,257400,,97.3,140.8
2014-11-13,16.57,0.07,0.05,3.82,257400,,95.8,138.6
2014-11-14,17.69,0.09,0.05,2.37,257400,,95.6,138.3
2014-11-17,15.52,0.11,0.07,1.32,257400,,97.0,140.4
2014-11-18,15.37,0.13,0.07,1.41,257400,,97.6,141.2
2014-11-19,14.29,0.09,0.07,1.27,257400,,98.5,142.5
2014-11-20,14.77,0.07,0.05,1.45,257400,,98.4,142.3
2014-11-21,13.24,0.07,0.05,1.25,257400,,99.2,143.6
2014-11-24,11.62,0.05,0.04,1.29,257400,,100.0,144.8
2014-11-25,9.23,0.04,0.02,1.09,257400,,100.0,147.1
2014-11-26,8.76,0.04,0.02,1.07,257400,,100.0,148.0
2014-11-27,8.2,0.02,0.02,1.12,257500,,100.0,148.9
2014-11-28,9.18,0.04,0.02,1.21,257500,,100.0,149.0
2014-12-01,11.82,0.07,0.02,1.88,257500,,98.7,147.1
2014-12-02,10.41,0.04,0.02,1.18,257500,,99.7,148.6
2014-12-03,9.51,0.05,0.02,1.36,258100,,100.0,149.9
2014-12-04,8.4,0.05,0.02,1.2,258200,,100.0,152.0
2014-12-05,14.29,0.04,0.02,2.14,258400,,97.8,148.7
2014-12-08,15.37,0.09,0.02,3.13,258400,,97.8,148.6
2014-12-09,23.05,0.34,0.02,8.67,258500,,93.3,141.7
2014-12-10,18.52,0.2,0.02,1.25,258500,,96.4,146.5
2014-12-11,16.42,0.13,0.02,1.34,258600,,97.9,148.7
2014-12-12,14.5,0.09,0.0,1.27,258600,,99.1,150.6
2014-12-15,12.44,0.07,0.0,1.29,258600,,100.0,153.2
2014-12-16,13.31,0.11,0.0,1.32,258600,,99.7,152.6
2014-12-17,16.8,0.22,0.0,1.81,258600,,98.4,150.7
2014-12-18,17.26,0.25,0.0,1.81,258600,,98.2,150.5
2014-12-19,20.37,0.54,0.0,4.85,258600,,96.7,148.1
2014-12-22,26.13,2.73,0.04,14.1,258600,,91.9,140.8
2014-12-23,28.05,3.19,0.09,9.7,258600,,90.5,138.6
2014-12-24,26.43,1.67,0.04,1.45,258600,,92.4,141.6
2014-12-25,24.93,1.29,0.04,1.52,258600,,93.5,143.2
2014-12-26,24.48,1.29,0.05,1.96,258600,,93.6,143.4
2014-12-29,26.47,2.61,0.05,7.13,258800,,91.6,140.3
2014-12-30,28.19,3.42,0.07,10.5,259100,,89.9,137.6
2014-12-31,27.79,2.75,0.05,3.66,259600,,90.5,138.7
2015-01-05,26.47,2.32,0.05,3.73,259600,,90.9,139.2
2015-01-06,24.73,1.1,0.0,1.56,259600,,92.7,142.0
2015-01-07,24.71,1.1,0.0,1.61,259600,,92.6,141.9
2015-01-08,24.84,0.98,0.0,1.63,259600,,92.6,141.8
2015-01-09,25.84,0.94,0.04,1.81,259600,,92.0,141.0
2015-01-12,27.43,1.18,0.04,5.2,259600,,91.1,139.5
2015-01-13,25.69,0.71,0.02,1.59,259600,,92.6,141.9
2015-01-14,26.34,0.74,0.02,2.48,259600,,92.2,141.2
2015-01-15,25.57,0.65,0.0,1.48,259600,,92.6,141.9
2015-01-16,23.9,0.4,0.0,1.32,259600,,93.9,143.8
2015-01-19,29.46,0.72,0.0,4.83,259600,,91.8,140.5
2015-01-20,23.74,0.2,0.0,1.25,259700,,95.2,145.8
2015-01-21,19.03,0.05,0.0,1.18,260100,,97.1,146.4
2015-01-22,15.43,0.02,0.0,1.25,260700,,98.7,148.8
2015-01-23,17.53,0.02,0.0,1.23,261000,,97.7,147.3
2015-01-26,13.18,0.02,0.0,1.23,261200,,99.8,150.5
2015-01-27,11.84,0.04,0.0,1.2,261500,,100.0,151.6
2015-01-28,11.66,0.04,0.0,1.14,261700,,99.6,150.7
2015-01-29,13.72,0.04,0.0,1.16,261800,,99.0,149.7
2015-01-30,16.55,0.04,0.0,1.29,261800,,97.8,148.0
2015-02-02,18.38,0.04,0.0,1.5,261800,,97.6,147.7
2015-02-03,14.56,0.02,0.0,1.14,261800,,99.4,150.4
2015-02-04,15.26,0.02,0.0,1.2,261800,,99.4,150.4
2015-02-05,18.05,0.02,0.0,1.47,261800,,99.4,150.4
2015-02-06,23.21,0.02,0.0,2.34,261800,,97.5,147.5
2015-02-09,25.26,0.11,0.0,2.15,261800,,96.7,146.3
2015-02-10,23.32,0.13,0.0,1.56,261800,,97.9,148.2
2015-02-11,20.77,0.05,0.0,1.36,261800,,99.3,150.2
2015-02-12,18.83,0.09,0.0,1.34,261800,,100.0,151.5
2015-02-13,15.03,0.04,0.0,1.27,261800,,100.0,154.1
2015-02-16,11.41,0.07,0.0,1.21,262100,,100.0,157.4
2015-02-17,10.32,0.07,0.0,1.2,263500,,100.0,158.7
2015-02-25,10.37,0.09,0.0,1.2,263600,,99.8,158.3
2015-02-26,7.57,0.07,0.0,1.2,263800,,100.0,159.2
2015-02-27,6.1,0.05,0.0,1.23,263900,,100.0,161.4
2015-03-02,4.11,0.02,0.02,1.32,264100,,100.0,165.4
2015-03-03,5.79,0.05,0.02,1.32,264200,,99.5,164.6
2015-03-04,4.92,0.04,0.02,1.34,264200,,100.0,167.5
2015-03-05,5.2,0.05,0.0,1.36,264200,,100.0,168.4
2015-03-06,5.74,0.09,0.02,1.39,264200,,98.5,165.9
2015-03-09,5.02,0.11,0.05,1.38,264200,,100.0,168.4
2015-03-10,4.67,0.14,0.05,1.41,264200,,100.0,171.0
2015-03-11,4.83,0.14,0.09,1.41,264200,,100.0,171.0
2015-03-12,4.53,0.11,0.09,1.45,264200,,99.3,169.8
2015-03-13,3.68,0.13,0.07,1.45,264200,,100.0,172.9
2015-03-16,2.1,0.13,0.07,1.43,264200,,100.0,178.6
2015-03-17,1.32,0.16,0.11,1.43,264200,,100.0,180.7
2015-03-18,1.09,0.18,0.13,1.43,264300,,100.0,184.2
2015-03-19,1.12,0.25,0.2,1.48,265100,,100.0,185.7
2015-03-20,1.1,0.33,0.25,1.47,265600,,100.0,188.0
2015-03-23,0.89,0.33,0.24,1.47,265700,,100.0,193.5
2015-03-24,0.78,0.33,0.13,1.45,266100,,100.0,195.6
2015-03-25,0.92,0.33,0.11,1.38,266300,,100.0,198.6
2015-03-26,0.87,0.42,0.18,1.38,266600,,98.0,194.6
2015-03-27,0.96,0.38,0.27,1.45,266600,,99.2,196.9
2015-03-30,0.89,0.36,0.29,1.48,266600,,99.3,197.1
2015-03-31,0.83,0.34,0.25,1.43,266600,,100.0,198.5
2015-04-01,0.74,0.36,0.27,1.41,266600,,100.0,203.6
2015-04-02,0.58,0.34,0.25,1.47,266600,,100.0,208.8
2015-04-03,0.56,0.31,0.25,1.56,266600,,100.0,212.9
2015-04-07,0.62,0.34,0.27,1.58,266600,,100.0,217.0
2015-04-08,0.67,0.45,0.31,1.68,266600,,98.5,213.7
2015-04-09,0.83,0.54,0.34,1.65,266600,,97.6,211.8
2015-04-10,0.85,0.65,0.45,1.65,266600,,100.0,217.0
2015-04-13,0.87,0.67,0.45,1.67,266600,,100.0,221.8
2015-04-14,1.03,0.72,0.56,1.79,266600,,100.0,222.2
2015-04-15,1.52,0.87,0.63,1.92,266600,,96.0,213.4
2015-04-16,1.67,0.91,0.62,1.88,266600,,97.1,215.7
2015-04-17,1.52,0.98,0.62,1.86,266600,,97.3,216.2
2015-04-20,1.68,1.18,0.69,1.97,266600,,95.2,211.4
2015-04-21,1.61,1.03,0.74,1.7,266600,,98.8,219.6
2015-04-22,1.48,1.01,0.78,1.58,267600,,100.0,225.9
2015-04-23,1.58,1.05,0.85,1.68,268400,,100.0,228.4
2015-04-24,1.76,1.25,0.98,1.76,269400,,100.0,228.8
2015-04-27,1.85,1.36,1.12,1.79,269500,,100.0,230.0
2015-04-28,2.26,1.54,1.32,2.17,269600,,96.8,222.6
2015-04-29,2.26,1.63,1.38,1.65,269600,,99.3,228.4
2015-04-30,2.5,1.92,1.59,1.88,269600,,100.0,230.1
2015-05-04,2.68,2.06,1.67,1.94,269600,,100.0,232.1
2015-05-05,3.42,2.17,1.72,2.17,269600,,97.4,226.2
2015-05-06,4.36,2.23,1.72,2.14,269600,,97.1,225.4
2015-05-07,6.99,2.86,1.74,2.46,269600,,95.5,220.0
2015-05-08,5.11,2.34,1.67,1.59,269600,,100.0,230.5
2015-05-11,3.78,2.23,1.5,1.34,269600,,100.0,241.6
2015-05-12,3.71,2.23,1.58,1.41,269600,,100.0,247.9
2015-05-13,3.84,2.23,1.45,1.36,269900,,100.0,249.8
2015-05-14,4.24,2.35,1.52,1.54,270200,,100.0,251.5
2015-05-15,5.11,2.55,1.68,1.67,271300,,100.0,251.6
2015-05-18,5.09,2.41,1.48,1.43,271800,,100.0,258.9
2015-05-19,4.29,2.3,1.43,1.32,272000,,100.0,265.4
2015-05-20,4.35,2.41,1.41,1.43,271800,,100.0,272.1
2015-05-21,4.06,2.37,1.12,1.45,271700,,100.0,282.3
2015-05-22,4.04,2.48,1.3,1.43,271700,,100.0,284.6
2015-05-25,3.97,2.53,1.36,1.38,271700,,100.0,288.8
2015-05-26,3.77,2.43,1.23,1.32,271700,,100.0,299.1
2015-05-27,3.64,2.35,1.18,1.38,272600,,100.0,300.6
2015-05-28,5.0,2.64,1.67,1.72,273400,,94.4,283.1
2015-05-29,5.5,2.75,1.76,1.63,273700,,95.9,284.3
2015-06-01,4.67,2.81,1.74,1.41,273700,,100.0,298.8
2015-06-02,4.45,2.95,1.56,1.41,273700,,100.0,311.6
2015-06-03,4.4,2.93,1.58,1.36,273700,,100.0,313.3
2015-06-04,4.67,3.3,1.74,1.48,273700,,99.7,312.3
2015-06-05,4.67,3.37,1.81,1.43,273700,,100.0,315.7
2015-06-08,5.02,3.69,2.05,1.68,273700,,97.5,307.7
2015-06-09,5.21,3.71,2.1,1.58,273700,,97.5,307.9
2015-06-10,5.21,3.42,1.94,1.5,274500,,100.0,315.6
2015-06-11,5.2,3.2,2.01,1.65,275400,,100.0,322.3
2015-06-12,5.23,3.46,2.1,1.47,276000,,100.0,327.5
2015-06-15,6.03,4.09,2.39,1.99,276000,,98.0,321.0
2015-06-16,7.08,5.11,2.5,2.52,276000,,94.0,307.8
2015-06-17,6.74,4.07,2.3,1.61,276000,,96.0,314.4
2015-06-18,8.56,6.07,2.5,3.11,276000,,92.9,304.1
2015-06-19,14.58,11.04,2.95,4.44,276000,,86.8,284.3
2015-06-23,13.71,10.86,2.66,2.7,276000,,86.9,284.8
2015-06-24,12.08,8.87,2.53,1.7,276000,,88.7,290.6
2015-06-25,17.64,14.09,2.7,3.78,276000,,85.0,278.5
2015-06-26,29.97,29.57,4.74,8.4,276500,,78.2,253.1
2015-06-29,35.81,35.96,11.14,13.2,277100,,72.7,232.2
2015-06-30,33.08,32.36,6.63,1.94,278000,,75.8,241.3
2015-07-01,37.33,36.57,13.83,11.79,278300,,71.5,227.6
2015-07-02,40.3,39.04,23.97,20.3,278500,,66.7,208.7
2015-07-03,41.95,40.77,30.54,27.0,278500,,62.4,193.8
2015-07-06,42.55,41.19,32.27,25.98,278500,,59.0,182.3
2015-07-07,43.09,41.9,35.29,33.15,278500,,55.7,172.0
2015-07-08,43.47,42.22,37.05,33.42,278500,,54.1,167.0
2015-07-09,43.27,41.59,34.71,15.68,278500,,55.6,171.8
2015-07-10,42.78,40.47,31.61,14.87,278500,,57.4,177.4
2015-07-13,41.9,38.13,26.13,10.27,278400,,60.2,185.9
2015-07-14,42.04,37.1,20.7,7.06,278400,,62.2,192.2
2015-07-15,43.69,39.71,26.43,6.9,278400,,59.6,184.0
2015-07-16,43.62,38.38,21.17,7.08,278400,,60.2,186.0
2015-07-17,42.66,31.94,9.94,5.25,278400,,63.6,196.3
2015-07-20,42.28,29.4,6.55,4.74,278400,,65.6,202.5
2015-07-21,41.72,26.2,4.83,4.45,278400,,67.1,207.1
2015-07-22,40.96,19.28,2.64,4.16,278400,,68.2,210.5
2015-07-23,39.56,6.19,1.29,4.04,278400,,70.3,217.2
2015-07-24,40.39,4.91,1.01,4.16,278400,,69.6,215.0
2015-07-27,43.11,11.01,1.3,5.41,278400,,64.8,200.0
2015-07-28,43.31,9.38,1.12,6.14,278400,,61.9,191.1
2015-07-29,42.19,3.26,0.71,4.11,278400,,64.8,200.2
2015-07-30,42.69,3.19,0.72,6.05,278400,,63.0,194.7
2015-07-31,43.18,4.69,0.85,6.81,278400,,61.5,188.2
2015-08-03,43.91,11.08,1.32,9.25,278400,,58.1,175.0
2015-08-04,42.91,4.47,0.76,4.27,278400,,61.7,183.6
2015-08-05,43.13,4.83,0.81,4.6,278400,,61.6,182.8
2015-08-06,43.31,4.96,0.87,5.25,278400,,61.5,182.5
2015-08-07,42.44,2.88,0.62,4.06,278400,,63.9,189.6
2015-08-10,40.3,1.52,0.38,4.11,278400,,67.2,196.8
2015-08-11,39.65,1.21,0.34,4.18,278400,,67.7,196.8
2015-08-12,40.43,1.65,0.34,4.36,278400,,66.7,194.0
2015-08-13,38.4,1.21,0.24,4.31,278400,,68.7,199.8
2015-08-14,36.85,1.09,0.22,4.42,278400,,69.2,199.3
2015-08-17,34.55,1.18,0.22,4.58,278400,,70.4,199.8
2015-08-18,41.68,2.73,0.24,5.61,278400,,65.4,184.9
2015-08-19,39.34,2.14,0.25,4.83,278400,,67.0,189.7
2015-08-20,41.72,3.35,0.34,6.36,278400,,64.9,183.7
2015-08-21,44.43,6.05,0.49,8.87,278400,,61.4,171.8
2015-08-24,46.21,25.51,1.1,15.28,278400,,56.7,158.7
2015-08-25,46.68,38.38,3.97,24.82,278400,,52.5,147.1
2015-08-26,46.66,39.09,11.39,24.33,278400,,50.3,140.8
2015-08-27,46.42,36.99,5.36,7.75,278400,,51.9,145.4
2015-08-28,45.68,29.11,1.29,5.41,278400,,55.1,154.3
2015-08-31,46.13,34.09,4.16,7.64,278400,,53.0,148.3
2015-09-01,46.7,37.26,13.63,19.74,278400,,49.6,138.8
2015-09-02,46.91,38.06,19.39,24.21,278400,,47.5,133.0
2015-09-07,46.86,38.55,16.4,7.1,278400,,48.6,136.0
2015-09-08,46.59,35.83,8.71,5.83,278400,,51.0,141.1
2015-09-09,45.83,31.88,4.36,5.52,278400,,53.0,144.1
2015-09-10,45.68,33.86,5.14,5.67,278400,,52.3,139.9
2015-09-11,45.07,32.39,4.36,5.76,278400,,53.0,140.8
2015-09-14,45.74,38.44,12.87,10.59,278400,,49.4,129.9
2015-09-15,45.95,39.85,21.93,26.91,278400,,46.9,123.0
2015-09-16,44.99,30.58,6.57,5.49,278400,,50.0,131.2
2015-09-17,45.17,32.72,7.95,6.5,278400,,49.5,129.9
2015-09-18,44.63,25.75,4.73,6.34,278400,,50.4,132.2
2015-09-21,43.06,11.53,2.01,5.43,278400,,52.3,137.3
2015-09-22,42.5,5.49,1.61,5.34,278400,,52.5,137.8
2015-09-23,42.48,4.13,1.77,5.67,278400,,52.1,136.8
2015-09-24,41.92,3.64,1.76,5.52,278400,,52.8,137.7
2015-09-25,43.04,4.33,2.12,6.39,278400,,50.9,131.6
2015-09-28,41.63,4.24,2.25,5.43,278400,,52.2,134.7
2015-09-29,41.97,4.27,2.34,6.37,278400,,51.4,132.6
2015-09-30,42.1,3.69,2.35,5.72,278400,,51.5,130.9
2015-10-08,39.78,3.17,2.15,4.74,278400,,53.7,135.8
2015-10-09,38.64,3.1,2.14,4.85,278400,,54.5,137.9
2015-10-12,33.95,2.88,1.96,4.49,278400,,56.8,143.7
2015-10-13,31.25,2.82,1.9,4.64,278400,,57.6,145.9
2015-10-14,32.95,2.97,1.99,4.6,278400,,56.9,143.9
2015-10-15,26.22,2.79,1.76,4.27,278400,,58.7,148.5
2015-10-16,23.01,2.72,1.61,4.29,278400,,59.6,150.8
2015-10-19,23.34,2.63,1.47,4.33,278400,,59.5,150.7
2015-10-20,19.14,2.52,1.43,4.25,278400,,60.8,153.7
2015-10-21,33.04,2.66,1.86,4.91,278400,,56.9,144.0
2015-10-22,25.13,2.5,1.63,4.07,278400,,59.3,150.0
2015-10-23,18.9,2.28,1.41,3.98,278400,,61.2,154.8
2015-10-26,16.06,2.05,1.38,3.97,278400,,61.7,156.2
2015-10-27,14.92,1.99,1.29,4.04,278400,,62.3,157.6
2015-10-28,17.36,1.9,1.16,4.22,278400,,60.9,154.0
2015-10-29,15.61,1.72,1.03,4.16,278400,,61.4,155.4
2015-10-30,15.64,1.63,1.03,4.07,278400,,61.2,154.9
2015-11-02,18.49,1.67,0.96,4.6,278400,,59.6,150.5
2015-11-03,18.29,1.58,0.85,4.54,278400,,59.5,149.2
2015-11-04,11.81,1.41,0.76,3.77,278400,,62.6,157.1
2015-11-05,10.25,1.3,0.69,3.82,278400,,62.6,157.0
2015-11-06,8.53,1.12,0.58,3.66,278400,,64.2,161.0
2015-11-09,7.8,0.98,0.54,3.75,278400,,65.4,164.1
2015-11-10,7.35,0.85,0.49,3.69,278400,,66.0,165.7
2015-11-11,6.54,0.81,0.49,3.6,278400,,67.3,168.8
2015-11-12,6.64,0.8,0.45,3.51,278400,,67.5,169.4
2015-11-13,7.64,0.78,0.49,3.64,278400,,66.2,166.1
2015-11-16,6.64,0.67,0.42,3.57,278400,,67.9,170.4
2015-11-17,6.48,0.6,0.34,3.59,278400,,67.4,169.0
2015-11-18,6.64,0.63,0.31,3.53,278400,,66.2,166.0
2015-11-19,5.69,0.6,0.29,3.33,278400,,68.2,171.1
2015-11-20,5.21,0.56,0.29,3.3,278400,,69.6,174.5
2015-11-23,5.03,0.45,0.24,3.19,278400,,68.9,172.9
2015-11-24,4.83,0.34,0.2,3.08,278400,,69.7,174.8
2015-11-25,4.27,0.29,0.16,2.97,278400,,71.3,178.8
2015-11-26,4.47,0.29,0.16,2.97,278400,,70.8,177.5
2015-11-27,8.8,0.38,0.16,3.55,278400,,66.2,166.0
2015-11-30,9.87,0.45,0.2,3.53,278400,,66.6,167.2
2015-12-01,9.09,0.49,0.18,3.22,278400,,66.3,166.4
2015-12-02,8.42,0.56,0.14,3.28,278400,,65.5,164.2
2015-12-03,6.83,0.4,0.14,2.82,278400,,67.3,168.9
2015-12-04,7.95,0.42,0.16,2.81,278500,,67.2,168.5
2015-12-07,7.21,0.34,0.16,2.81,278500,,68.2,171.1
2015-12-08,10.1,0.45,0.16,3.13,278500,,67.0,168.1
2015-12-09,10.83,0.56,0.14,3.26,279100,,66.9,167.7
2015-12-10,11.39,0.45,0.09,3.19,279500,,66.9,167.7
2015-12-11,12.24,0.6,0.11,3.66,279500,,66.3,166.2
2015-12-14,9.85,0.43,0.13,2.52,279500,,67.4,169.1
2015-12-15,9.63,0.33,0.11,2.41,279500,,68.5,171.8
2015-12-16,9.22,0.27,0.09,2.37,279500,,69.1,173.4
2015-12-17,6.93,0.22,0.07,2.21,279500,,71.2,178.5
2015-12-18,6.97,0.24,0.09,2.34,279500,,70.8,177.7
2015-12-21,5.88,0.27,0.09,2.28,279500,,71.3,178.8
2015-12-22,5.56,0.25,0.09,2.23,280100,,72.0,180.7
2015-12-23,6.7,0.27,0.09,2.14,280400,,70.9,177.8
2015-12-24,7.82,0.27,0.09,2.23,280500,,70.9,177.7
2015-12-25,7.48,0.24,0.07,2.08,280500,,71.5,179.3
2015-12-28,10.88,0.29,0.09,2.41,280500,,70.1,175.8
2015-12-29,9.98,0.29,0.09,2.32,280500,,71.0,178.1
2015-12-30,9.16,0.29,0.09,2.25,280500,,72.0,180.6
2015-12-31,11.42,0.36,0.07,2.61,281200,,70.7,177.4
2016-01-04,30.62,1.92,0.11,9.42,281200,,64.6,162.0
2016-01-05,33.64,4.82,0.11,9.11,281200,,63.0,158.0
2016-01-06,30.24,2.12,0.07,1.86,281300,,64.7,162.3
2016-01-07,40.56,15.43,0.14,19.52,281300,,59.0,148.0
2016-01-08,39.09,15.34,0.14,8.35,281300,,59.2,147.3
2016-01-11,42.68,31.0,1.39,26.25,281300,,54.7,135.6
2016-01-12,43.35,30.94,1.27,11.03,281300,,54.6,135.1
2016-01-13,44.5,35.54,5.52,27.76,281300,,52.2,129.3
2016-01-14,44.02,31.2,1.45,2.46,281300,,54.4,134.6
2016-01-15,44.79,36.01,4.6,22.92,281300,,52.4,129.8
2016-01-18,44.67,34.02,2.15,5.83,281300,,53.7,133.0
2016-01-19,43.87,27.41,0.53,2.08,281300,,55.9,137.3
2016-01-20,43.89,27.23,0.56,2.37,281300,,55.5,136.2
2016-01-21,45.27,33.64,2.23,12.73,281300,,52.9,130.0
2016-01-22,44.96,30.53,1.34,3.62,281300,,53.8,132.2
2016-01-25,44.52,25.73,0.56,2.61,281300,,54.5,133.9
2016-01-26,45.72,37.68,4.8,30.58,281300,,50.3,119.1
2016-01-27,45.94,38.04,6.72,27.58,281300,,49.8,115.5
2016-01-28,46.7,40.07,10.7,37.08,281300,,47.3,109.7
2016-01-29,46.42,26.18,1.9,2.63,281300,,49.2,114.1
2016-02-01,46.64,25.98,2.08,8.02,281300,,48.6,112.6
2016-02-02,45.95,18.41,1.09,2.35,281400,,50.5,117.0
2016-02-03,46.03,7.22,0.53,2.9,281400,,50.8,117.8
2016-02-04,45.52,4.4,0.24,2.23,281600,,52.0,120.6
2016-02-05,45.83,2.52,0.24,2.46,281700,,51.4,119.2
2016-02-15,45.52,1.96,0.16,3.08,281800,,51.5,119.3
2016-02-16,44.31,1.05,0.11,2.06,281800,,53.8,124.6
2016-02-17,43.45,0.85,0.05,2.05,281800,,54.7,126.7
2016-02-18,43.58,0.63,0.07,1.94,282000,,54.5,126.3
2016-02-19,43.16,0.58,0.05,1.94,282000,,54.9,127.3
2016-02-22,42.02,0.38,0.04,1.92,282000,,56.0,129.9
2016-02-23,42.04,0.34,0.04,2.06,282000,,55.7,127.5
2016-02-24,41.64,0.22,0.0,1.94,282000,,55.7,125.9
2016-02-25,45.59,0.49,0.05,4.02,282000,,51.3,114.9
2016-02-26,45.17,0.83,0.05,3.93,282000,,51.1,112.5
2016-02-29,46.44,3.78,0.07,20.24,282000,,47.9,103.1
2016-03-01,45.63,2.08,0.09,3.15,282000,,48.9,104.9
2016-03-02,43.78,0.63,0.07,1.9,282000,,51.4,110.1
2016-03-03,43.65,0.87,0.07,1.92,282100,,51.5,109.8
2016-03-04,44.49,3.93,0.16,5.92,282100,,49.4,105.5
2016-03-07,43.22,2.46,0.09,1.97,282200,,50.6,108.0
2016-03-08,42.78,1.77,0.11,2.25,282300,,51.1,109.0
2016-03-09,44.67,2.46,0.13,2.88,282500,,50.0,106.6
2016-03-10,45.63,3.33,0.13,4.11,282600,,49.2,104.9
2016-03-11,45.81,3.73,0.2,4.04,282700,,49.0,104.5
2016-03-14,43.83,1.38,0.13,1.9,282700,,50.9,108.6
2016-03-15,44.29,1.88,0.16,2.14,282800,,50.5,107.6
2016-03-16,44.65,2.05,0.18,2.35,282900,,49.9,106.4
2016-03-17,41.77,0.96,0.2,1.85,282900,,51.8,110.6
2016-03-18,36.16,0.51,0.22,1.83,282900,,54.0,115.1
2016-03-21,28.52,0.42,0.22,1.79,282900,,55.5,118.4
2016-03-22,28.01,0.42,0.2,1.81,283100,,55.4,118.1
2016-03-23,23.47,0.33,0.14,1.83,283100,,56.0,119.5
2016-03-24,26.82,0.34,0.16,1.94,283200,,55.2,117.7
2016-03-25,22.69,0.34,0.2,1.97,283200,,55.6,118.6
2016-03-28,22.52,0.33,0.18,1.92,283300,,55.3,118.0
2016-03-29,27.61,0.43,0.25,2.15,283400,,54.1,115.4
2016-03-30,15.57,0.4,0.25,1.88,283400,,56.2,120.0
2016-03-31,12.73,0.43,0.27,1.99,283600,,56.3,120.1
2016-04-01,12.13,0.58,0.36,2.15,283600,,55.9,119.3
2016-04-05,6.21,0.54,0.36,1.9,283600,,57.5,122.8
2016-04-06,5.16,0.58,0.42,1.94,283700,,57.9,123.5
2016-04-07,6.19,0.58,0.42,2.1,283700,,57.0,121.5
2016-04-08,7.86,0.6,0.42,2.15,283700,,56.5,120.6
2016-04-11,4.47,0.65,0.49,1.88,283700,,57.8,123.3
2016-04-12,5.2,0.63,0.51,2.03,283800,,57.4,122.4
2016-04-13,3.91,0.65,0.53,1.77,283800,,58.2,124.1
2016-04-14,3.39,0.63,0.53,1.77,283800,,58.9,125.6
2016-04-15,3.33,0.67,0.54,1.88,283900,,58.9,125.7
2016-04-18,4.58,0.71,0.6,2.05,284000,,58.1,123.9
2016-04-19,4.35,0.78,0.62,1.96,284100,,58.3,124.4
2016-04-20,16.39,0.91,0.67,2.9,284100,,55.4,118.2
2016-04-21,19.79,1.01,0.67,3.04,284200,,54.6,116.5
2016-04-22,17.69,1.05,0.72,2.05,284200,,55.2,117.7
2016-04-25,19.52,1.09,0.72,2.43,284300,,54.9,117.0
2016-04-26,16.24,1.03,0.72,1.79,284300,,55.6,118.6
2016-04-27,17.54,1.16,0.8,2.08,284400,,55.5,118.3
2016-04-28,18.69,1.18,0.81,2.3,284600,,55.3,118.0
2016-04-29,19.5,1.21,0.91,2.61,284700,,55.3,117.9
2016-05-03,12.95,1.23,0.91,1.92,284800,,57.0,121.7
2016-05-04,13.58,1.32,0.98,1.99,284900,,57.1,121.8
2016-05-05,12.75,1.48,1.05,1.99,284900,,57.5,122.7
2016-05-06,23.36,1.65,1.23,3.71,285100,,55.2,117.6
2016-05-09,33.73,2.79,1.38,8.17,285100,,52.8,112.6
2016-05-10,34.98,3.01,1.47,5.18,285200,,52.6,112.3
2016-05-11,36.03,4.22,1.65,7.51,285300,,52.1,111.2
2016-05-12,36.83,4.78,1.77,8.64,285300,,52.1,111.2
2016-05-13,37.03,4.71,1.86,8.17,285200,,52.0,111.0
2016-05-16,35.13,3.39,1.83,2.61,285300,,53.1,113.2
2016-05-17,34.96,3.35,1.94,3.49,285400,,53.1,113.2
2016-05-18,39.0,4.67,2.05,12.93,285400,,51.4,109.6
2016-05-19,38.42,4.38,2.25,6.59,285500,,51.8,110.4
2016-05-20,37.05,3.98,2.26,3.6,285500,,52.4,111.7
2016-05-23,34.84,3.66,2.37,2.35,285500,,53.3,113.7
2016-05-24,36.14,3.97,2.44,5.16,285500,,52.7,112.5
2016-05-25,36.85,3.87,2.52,5.65,285600,,52.6,112.2
2016-05-26,36.34,3.86,2.61,6.01,285700,,52.8,112.7
2016-05-27,36.36,3.87,2.68,5.83,285700,,52.7,112.5
2016-05-30,36.88,4.0,2.72,7.68,285900,,52.4,111.8
2016-05-31,30.8,3.71,2.68,2.44,285900,,54.6,116.5
2016-06-01,29.69,3.59,2.68,2.37,285900,,55.1,117.6
2016-06-02,27.81,3.42,2.53,2.35,286000,,55.8,119.0
2016-06-03,26.8,3.35,2.55,2.52,286100,,55.9,119.3
2016-06-06,26.94,3.3,2.5,2.37,286200,,56.1,119.7
2016-06-07,27.29,3.31,2.5,2.7,286300,,56.2,119.9
2016-06-08,28.44,3.37,2.53,2.99,286500,,56.2,119.9
2016-06-13,37.7,3.59,2.64,11.23,286500,,53.3,113.7
2016-06-14,37.08,3.57,2.61,7.26,286500,,53.6,114.3
2016-06-15,33.03,3.37,2.46,2.32,286600,,55.6,118.6
2016-06-16,32.45,3.46,2.41,3.77,286600,,55.7,118.8
2016-06-17,31.38,3.37,2.35,3.02,286600,,56.1,119.6
2016-06-20,31.02,3.44,2.37,4.07,286600,,56.4,120.2
2016-06-21,32.66,3.49,2.44,5.05,286600,,55.6,118.7
2016-06-22,29.55,3.35,2.35,2.81,286700,,57.9,121.0
2016-06-23,30.27,3.35,2.32,4.04,286700,,59.0,120.8
2016-06-24,32.19,3.49,2.41,7.24,286900,,58.5,119.8
2016-06-27,28.32,3.22,2.1,2.72,286900,,62.0,122.9
2016-06-28,25.96,3.01,2.05,2.73,287000,,65.6,124.1
2016-06-29,24.9,2.79,1.92,2.68,287200,,65.7,124.3
2016-06-30,24.28,2.73,1.9,2.9,287200,,65.7,124.3
2016-07-01,24.43,2.68,1.86,2.79,287300,,68.3,123.8
2016-07-04,19.75,2.43,1.65,2.5,287300,,75.6,126.1
2016-07-05,17.73,2.37,1.61,2.75,287500,,78.3,126.7
2016-07-06,16.66,2.17,1.48,2.72,287600,,78.6,127.2
2016-07-07,16.6,2.01,1.38,2.82,287700,,82.8,127.3
2016-07-08,17.15,1.86,1.27,2.79,287800,,82.7,127.1
2016-07-11,17.38,1.85,1.27,3.11,287800,,82.1,126.2
2016-07-12,14.5,1.68,1.16,2.88,288000,,82.7,127.1
2016-07-13,13.04,1.54,1.07,2.5,288000,,83.5,128.3
2016-07-14,12.69,1.41,0.96,2.57,288000,,83.7,128.5
2016-07-15,13.09,1.3,0.91,2.72,288000,,83.1,127.7
2016-07-18,13.96,1.25,0.85,3.17,288000,,82.7,127.1
2016-07-19,13.02,1.14,0.78,2.75,288100,,83.2,127.9
2016-07-20,13.04,1.05,0.71,2.57,288100,,83.2,127.9
2016-07-21,12.76,0.92,0.56,2.72,288100,,83.3,128.0
2016-07-22,14.21,0.91,0.62,3.19,288100,,82.6,127.0
2016-07-25,13.83,0.91,0.58,2.99,288100,,82.6,126.9
2016-07-26,12.37,0.81,0.56,2.32,288400,,83.6,128.4
2016-07-27,23.59,1.48,0.56,5.12,288400,,79.6,122.3
2016-07-28,24.37,1.56,0.58,5.11,288500,,79.3,121.8
2016-07-29,25.64,1.56,0.6,5.29,288500,,78.6,120.8
2016-08-01,30.89,1.88,0.56,6.74,288600,,77.4,118.9
2016-08-02,28.15,1.38,0.53,2.64,288900,,78.1,120.1
2016-08-03,26.65,1.03,0.47,3.08,288900,,78.5,120.6
2016-08-04,25.31,0.78,0.42,2.15,288900,,79.1,121.6
2016-08-05,26.24,0.8,0.38,3.44,289000,,78.7,120.9
2016-08-08,23.48,0.67,0.34,2.41,289200,,79.6,122.4
2016-08-09,21.31,0.51,0.34,1.99,289500,,80.5,123.7
2016-08-10,21.96,0.49,0.33,2.01,289600,,80.2,123.3
2016-08-11,27.14,0.51,0.29,3.49,289600,,78.9,121.3
2016-08-12,24.33,0.42,0.25,2.12,289900,,79.7,122.5
2016-08-15,18.18,0.34,0.24,1.94,290000,,81.5,125.2
2016-08-16,16.98,0.29,0.24,1.86,290100,,82.1,126.2
2016-08-17,16.31,0.27,0.22,1.86,290200,,82.4,126.7
2016-08-18,16.82,0.22,0.18,1.9,290500,,82.4,126.6
2016-08-19,16.82,0.16,0.16,1.94,290600,,82.6,126.8
2016-08-22,20.01,0.16,0.14,2.19,290700,,81.5,125.2
2016-08-23,19.54,0.16,0.14,2.1,290900,,81.6,125.4
2016-08-24,19.23,0.13,0.11,2.08,290900,,81.9,125.8
2016-08-25,22.05,0.09,0.07,2.93,290900,,81.3,124.9
2016-08-26,20.57,0.05,0.05,2.39,291200,,81.5,125.3
2016-08-29,19.95,0.05,0.05,2.46,291200,,81.8,125.6
2016-08-30,19.66,0.11,0.11,2.35,291400,,81.8,125.6
2016-08-31,19.99,0.11,0.11,2.26,291500,,81.8,125.6
2016-09-01,21.55,0.13,0.13,2.95,291600,,81.1,124.7
2016-09-02,22.45,0.16,0.13,3.8,291700,,80.7,124.0
2016-09-05,22.23,0.16,0.11,3.06,291800,,81.1,124.5
2016-09-06,18.85,0.16,0.14,1.96,291800,,82.4,126.6
2016-09-07,18.9,0.18,0.14,2.25,291800,,82.3,126.5
2016-09-08,17.93,0.2,0.18,2.32,292000,,82.7,127.1
2016-09-09,20.24,0.24,0.2,3.06,292100,,82.1,126.1
2016-09-12,30.76,0.34,0.2,9.2,292200,,79.4,122.1
2016-09-13,29.02,0.34,0.22,4.73,292500,,80.1,123.1
2016-09-14,30.27,0.34,0.24,6.88,292700,,79.7,122.5
2016-09-19,27.65,0.36,0.27,2.28,292800,,80.6,123.9
2016-09-20,27.99,0.36,0.27,3.59,293000,,80.6,123.8
2016-09-21,27.14,0.29,0.25,2.75,293000,,80.8,124.1
2016-09-22,26.05,0.31,0.29,2.43,293000,,81.1,123.5
2016-09-23,26.74,0.54,0.36,4.94,293100,,80.8,122.9
2016-09-26,32.21,0.92,0.43,12.93,293100,,79.0,120.3
2016-09-27,31.25,0.83,0.51,3.69,293100,,79.6,121.2
2016-09-28,31.43,0.87,0.53,6.54,293400,,79.5,121.0
2016-09-29,30.09,0.87,0.56,5.02,293400,,79.7,121.4
2016-09-30,28.66,0.83,0.54,3.26,293700,,80.1,122.0
2016-10-10,23.47,0.71,0.53,2.05,293800,,81.8,124.5
2016-10-11,21.65,0.69,0.54,1.79,293900,,82.4,125.4
2016-10-12,21.55,0.65,0.54,1.77,294300,,82.5,125.6
2016-10-13,20.64,0.67,0.56,1.9,294400,,82.6,125.8
2016-10-14,20.88,0.63,0.51,2.14,294500,,82.5,125.5
2016-10-17,23.7,0.65,0.49,2.46,294600,,81.7,124.4
2016-10-18,18.34,0.65,0.54,1.76,294900,,83.0,126.3
2016-10-19,18.88,0.63,0.53,1.9,294900,,82.8,126.1
2016-10-20,17.4,0.63,0.51,1.94,294900,,83.2,126.7
2016-10-21,19.01,0.65,0.53,2.14,295200,,82.7,125.9
2016-10-24,15.55,0.63,0.53,1.76,295200,,83.3,126.8
2016-10-25,14.09,0.63,0.53,1.67,295500,,83.6,127.3
2016-10-26,15.21,0.62,0.53,1.94,295600,,83.3,126.8
2016-10-27,15.43,0.56,0.47,1.88,295700,,83.2,126.7
2016-10-28,18.72,0.49,0.43,2.37,295800,,82.5,125.5
2016-10-31,19.57,0.45,0.36,2.79,295900,,82.4,125.5
2016-11-01,16.53,0.38,0.29,1.56,296200,,83.3,126.8
2016-11-02,19.28,0.36,0.27,2.88,296200,,82.8,126.0
2016-11-03,17.6,0.34,0.25,1.97,296200,,83.3,126.8
2016-11-04,18.07,0.34,0.25,2.77,296300,,83.1,126.5
2016-11-07,18.21,0.33,0.24,3.08,296500,,83.0,126.4
2016-11-08,16.86,0.27,0.2,1.81,296600,,83.5,127.2
2016-11-09,20.13,0.25,0.18,3.66,296800,,83.0,126.3
2016-11-10,16.01,0.25,0.18,1.3,296900,,84.0,127.9
2016-11-11,14.58,0.24,0.18,1.56,297100,,84.4,128.5
2016-11-14,13.71,0.16,0.13,1.54,297200,,84.7,128.9
2016-11-15,12.26,0.16,0.13,1.38,297300,,85.1,129.5
2016-11-16,11.7,0.14,0.13,1.36,297500,,85.2,129.7
2016-11-17,13.4,0.09,0.07,1.47,297700,,84.9,129.2
2016-11-18,13.92,0.07,0.05,1.65,298000,,84.6,128.8
2016-11-21,13.29,0.07,0.05,1.76,298100,,84.8,129.1
2016-11-22,11.37,0.04,0.02,1.43,298400,,85.5,130.2
2016-11-23,12.44,0.04,0.02,1.65,298500,,84.9,129.3
2016-11-24,14.39,0.04,0.0,2.53,298700,,84.3,128.4
2016-11-25,14.25,0.09,0.0,2.28,298900,,84.5,128.6
2016-11-28,14.38,0.07,0.0,2.17,298900,,84.5,128.6
2016-11-29,18.03,0.24,0.0,3.49,299200,,83.6,127.2
2016-11-30,19.65,0.25,0.0,2.84,299300,,83.4,127.0
2016-12-01,18.18,0.2,0.0,2.14,299500,,83.8,127.5
2016-12-02,25.51,0.33,0.0,6.37,299600,,82.3,125.3
2016-12-05,28.17,0.36,0.0,5.87,299600,,81.9,124.7
2016-12-06,27.81,0.25,0.0,3.77,299900,,82.1,124.9
2016-12-07,24.35,0.22,0.0,1.76,300000,,83.0,126.3
2016-12-08,26.15,0.18,0.0,4.58,300300,,82.5,125.5
2016-12-09,27.38,0.2,0.0,6.81,300600,,82.2,125.1
2016-12-12,39.51,1.83,0.0,21.96,300700,,77.7,118.3
2016-12-13,38.77,1.59,0.04,12.29,301100,,78.0,118.8
2016-12-14,39.16,1.94,0.02,17.26,301200,,77.5,118.0
2016-12-15,38.26,1.34,0.02,3.89,301300,,78.3,119.2
2016-12-16,36.66,0.98,0.02,2.41,301500,,79.2,120.5
2016-12-19,36.12,1.32,0.02,4.64,301600,,79.1,120.4
2016-12-20,36.57,0.87,0.04,4.47,302000,,79.1,120.4
2016-12-21,34.87,0.63,0.04,1.94,302200,,79.6,121.2
2016-12-22,35.45,0.54,0.04,2.97,302300,,79.6,121.2
2016-12-23,37.95,1.12,0.04,7.3,302600,,78.7,119.8
2016-12-26,37.62,0.78,0.04,5.21,302700,,79.1,120.4
2016-12-27,36.94,0.8,0.04,4.74,302800,,79.2,120.5
2016-12-28,37.86,0.83,0.05,6.74,303300,,78.8,120.0
2016-12-29,38.33,0.74,0.05,7.42,303600,,78.5,119.5
2016-12-30,37.97,0.65,0.05,6.28,303800,,78.6,119.6
2017-01-03,36.19,0.56,0.05,2.12,304000,,79.3,120.6
2017-01-04,34.04,0.38,0.05,1.48,304200,,80.2,122.1
2017-01-05,33.51,0.42,0.05,1.77,304600,,80.2,122.1
2017-01-06,34.87,0.58,0.05,4.31,304900,,79.7,121.3
2017-01-09,33.12,0.45,0.05,3.51,305000,,81.5,121.9
2017-01-10,33.84,0.43,0.04,4.18,305400,,88.7,121.2
2017-01-11,36.48,0.62,0.04,7.71,305700,,87.7,120.0
2017-01-12,38.66,0.85,0.05,10.14,306100,,87.0,118.9
2017-01-13,41.54,1.23,0.07,16.42,306500,,89.6,116.7
2017-01-16,45.39,2.9,0.11,29.22,306600,,85.8,111.7
2017-01-17,44.63,1.59,0.09,6.9,306900,,86.9,113.1
2017-01-18,44.05,2.61,0.09,13.38,306900,,86.4,112.5
2017-01-19,44.67,2.28,0.07,14.18,307300,,86.1,112.0
2017-01-20,43.13,1.03,0.07,1.59,307800,,87.5,113.9
2017-01-23,42.17,0.8,0.07,1.7,308100,,88.4,115.0
2017-01-24,41.84,0.96,0.07,3.04,308300,,87.9,114.4
2017-01-25,41.66,0.72,0.04,2.53,308800,,88.2,114.8
2017-01-26,40.79,0.63,0.04,1.99,309100,,88.8,115.6
2017-02-03,41.64,0.53,0.04,2.25,309100,,88.5,115.2
2017-02-06,39.53,0.27,0.02,1.77,309300,,89.6,116.6
2017-02-07,39.18,0.27,0.0,1.83,309600,,89.6,116.6
2017-02-08,37.64,0.22,0.0,1.65,310100,,90.2,117.5
2017-02-09,35.81,0.16,0.0,1.52,310400,,91.0,118.4
2017-02-10,35.51,0.2,0.0,1.85,310500,,90.7,118.0
2017-02-13,33.44,0.18,0.0,1.81,311000,,91.2,117.4
2017-02-14,33.1,0.16,0.0,2.05,311000,,91.1,117.3
2017-02-15,34.75,0.14,0.0,2.37,311400,,90.3,116.2
2017-02-16,32.45,0.07,0.0,2.25,311400,,90.8,116.9
2017-02-17,34.31,0.09,0.02,3.22,311600,,90.1,115.9
2017-02-20,31.92,0.11,0.02,2.97,311900,,90.8,116.9
2017-02-21,29.22,0.11,0.02,1.9,312000,,91.7,118.0
2017-02-22,27.77,0.09,0.0,1.86,312200,,92.1,118.5
2017-02-23,27.0,0.09,0.0,2.06,312200,,92.1,118.5
2017-02-24,25.4,0.09,0.0,1.79,312200,,92.4,118.9
2017-02-27,27.43,0.07,0.02,1.96,312200,,91.7,118.0
2017-02-28,25.87,0.13,0.0,2.06,312300,,92.0,118.4
2017-03-01,24.5,0.11,0.0,1.85,312400,,92.2,118.7
2017-03-02,26.74,0.11,0.0,2.35,312500,,91.6,117.9
2017-03-03,25.73,0.16,0.02,2.52,312500,,92.0,118.4
2017-03-06,20.33,0.18,0.04,1.81,312900,,93.1,119.8
2017-03-07,18.11,0.18,0.04,1.86,313100,,93.3,120.1
2017-03-08,19.54,0.16,0.04,2.01,313200,,92.9,116.9
2017-03-09,22.99,0.18,0.05,2.52,313200,,92.3,116.1
2017-03-10,22.81,0.13,0.05,2.52,313600,,92.4,116.2
2017-03-13,19.48,0.13,0.05,2.15,313800,,93.0,117.0
2017-03-14,20.22,0.14,0.07,2.3,314100,,92.8,116.8
2017-03-15,21.04,0.2,0.07,2.68,314300,,92.8,116.7
2017-03-16,16.89,0.14,0.05,1.85,314400,,93.7,117.9
2017-03-17,20.55,0.13,0.05,2.61,314800,,93.1,117.1
2017-03-20,19.05,0.11,0.05,2.75,315100,,93.4,117.5
2017-03-21,18.85,0.14,0.05,2.68,315400,,93.5,115.4
2017-03-22,22.78,0.18,0.07,4.54,315400,,93.0,114.8
2017-03-23,22.87,0.13,0.07,4.38,315600,,92.9,114.8
2017-03-24,22.13,0.14,0.07,3.11,316100,,93.1,111.5
2017-03-27,22.98,0.14,0.09,3.84,316200,,92.9,111.3
2017-03-28,24.17,0.18,0.09,3.73,316500,,92.6,111.0
2017-03-29,27.87,0.22,0.09,6.28,316600,,91.8,110.1
2017-03-30,34.66,0.34,0.07,13.0,316800,,89.9,107.8
2017-03-31,34.18,0.45,0.05,6.61,317100,,90.2,108.1
2017-04-05,28.7,0.38,0.05,2.08,317200,,92.2,110.5
2017-04-06,27.99,0.34,0.05,2.26,317500,,92.4,110.8
2017-04-07,27.79,0.54,0.09,2.82,317700,,92.4,110.8
2017-04-10,31.41,1.86,0.11,8.24,317900,,91.4,109.6
2017-04-11,29.84,1.45,0.11,4.2,318000,,92.1,110.4
2017-04-12,31.49,2.05,0.13,6.72,318400,,91.3,109.5
2017-04-13,30.65,2.01,0.13,4.09,318700,,91.6,109.8
2017-04-14,35.0,2.39,0.18,10.47,318900,,90.3,108.2
2017-04-17,37.95,4.22,0.65,15.68,319100,48.0,88.9,106.6
2017-04-18,40.03,4.83,0.78,18.41,319400,48.0,88.0,105.5
2017-04-19,42.11,4.71,0.76,20.68,319400,48.0,86.9,104.2
2017-04-20,42.39,5.23,0.78,18.81,319600,48.0,86.4,103.6
2017-04-21,43.06,5.58,0.96,15.25,320100,48.0,85.9,103.0
2017-04-24,45.92,8.64,1.12,30.62,320100,27.0,83.3,100.0
2017-04-25,45.57,7.68,1.01,14.23,320400,27.0,83.6,100.3
2017-04-26,45.55,6.12,1.0,11.26,320700,27.0,83.9,100.7
2017-04-27,44.79,4.13,0.92,10.83,320900,27.0,84.4,101.3
2017-04-28,44.47,3.17,1.05,5.78,320900,27.0,84.8,101.9
2017-05-02,44.61,2.86,1.01,8.0,321000,27.0,84.9,101.9
2017-05-03,44.9,2.84,0.92,8.24,321400,27.0,84.7,101.7
2017-05-04,45.21,3.08,0.92,9.87,321500,27.0,84.4,101.4
2017-05-05,46.55,3.71,0.96,17.64,321800,27.0,83.3,100.0
2017-05-08,47.94,5.03,1.05,25.29,321800,16.5,81.7,100.0
2017-05-09,47.87,4.4,0.96,8.06,322100,16.5,82.2,100.6
2017-05-10,49.23,5.29,1.18,25.82,322300,16.5,80.6,100.0
2017-05-11,48.76,5.65,1.32,25.38,322600,16.5,79.9,100.0
2017-05-12,48.74,4.94,1.34,21.13,322700,16.5,79.7,100.0
2017-05-15,48.33,3.71,1.32,14.18,323000,12.5,80.0,100.3
2017-05-16,46.8,2.75,1.07,3.31,323300,12.5,81.7,102.4
2017-05-17,46.48,2.35,1.07,3.39,323500,12.5,81.9,102.7
2017-05-18,47.02,2.55,1.1,5.43,323500,12.5,81.3,102.0
2017-05-19,47.53,2.84,1.36,6.26,323900,12.5,81.2,101.9
2017-05-22,48.83,3.26,1.48,19.54,324000,10.9,79.8,100.0
2017-05-23,50.43,4.73,1.74,32.52,324200,10.9,77.2,100.0
2017-05-24,50.05,4.35,1.68,13.85,324300,10.9,77.6,100.5
2017-05-25,49.67,4.42,1.81,7.08,324500,10.9,78.2,101.3
2017-05-26,49.5,4.4,1.9,7.53,324600,10.9,78.2,101.3
2017-05-31,49.45,4.53,2.01,9.03,324700,10.9,78.0,101.0
2017-06-01,50.88,7.01,2.25,28.79,324900,10.9,75.9,100.0
2017-06-02,50.3,5.83,2.19,7.97,325200,10.9,76.7,101.1
2017-06-05,49.81,5.02,2.21,4.69,325300,1.5,77.5,102.1
2017-06-06,49.63,4.64,2.32,4.53,325500,1.5,77.9,102.6
2017-06-07,47.64,3.97,2.37,3.19,325600,1.5,79.5,104.7
2017-06-08,47.6,3.98,2.32,3.55,325800,1.5,79.4,104.6
2017-06-09,47.29,4.25,2.3,4.09,325800,1.5,79.5,104.7
2017-06-12,48.34,4.8,2.46,6.68,325800,2.3,78.4,103.3
2017-06-13,47.49,4.44,2.23,3.4,326100,2.3,79.5,104.8
2017-06-14,47.93,4.51,2.21,4.13,326200,2.3,79.6,104.9
2017-06-15,46.55,4.09,2.08,3.17,326500,2.3,80.6,106.3
2017-06-16,46.91,4.07,2.15,3.69,326700,2.3,80.5,106.1
2017-06-19,46.12,3.84,1.96,3.31,327000,9.1,81.0,106.7
2017-06-20,45.27,3.64,1.9,3.59,327200,9.1,81.2,106.9
2017-06-21,44.83,3.42,1.76,3.48,327300,9.1,81.2,107.0
2017-06-22,47.49,3.33,1.74,4.8,327500,9.1,79.7,105.1
2017-06-23,46.84,3.24,1.65,4.87,327500,9.1,79.8,105.1
2017-06-26,44.31,2.84,1.43,3.35,327600,9.0,80.7,106.4
2017-06-27,43.49,2.68,1.39,3.37,328000,9.0,80.9,106.5
2017-06-28,44.2,2.79,1.34,5.0,328100,9.0,80.3,105.8
2017-06-29,43.31,2.68,1.34,4.0,328200,9.0,80.7,106.3
2017-06-30,42.13,2.59,1.27,4.09,328300,9.0,80.8,106.4
2017-07-03,39.24,2.39,1.18,3.19,328500,10.4,81.5,107.4
2017-07-04,39.29,2.32,1.07,3.46,328500,10.4,81.4,107.2
2017-07-05,36.65,2.08,0.98,3.04,328700,10.4,82.1,108.1
2017-07-06,35.54,1.9,0.89,3.71,328800,10.4,82.2,108.3
2017-07-07,33.33,1.79,0.74,3.75,328800,10.4,82.5,108.7
2017-07-10,34.35,1.81,0.81,4.96,328900,11.1,82.0,108.0
2017-07-11,37.05,1.76,0.78,6.41,329200,11.1,81.0,106.7
2017-07-12,37.99,1.7,0.78,6.59,329400,11.1,80.9,106.5
2017-07-13,36.54,1.68,0.74,6.55,329400,11.1,80.9,106.5
2017-07-14,37.23,1.67,0.69,7.82,329500,11.1,80.4,105.9
2017-07-17,47.58,2.99,0.89,25.49,329700,0.7,76.2,100.5
2017-07-18,45.84,2.9,0.81,10.83,329800,0.7,76.9,101.3
2017-07-19,42.75,2.57,0.74,6.59,330000,0.7,77.9,102.7
2017-07-20,41.16,2.32,0.62,6.9,330100,0.7,78.4,103.3
2017-07-21,40.77,2.52,0.65,9.16,330400,0.7,78.5,103.4
2017-07-24,39.33,2.35,0.63,6.16,330400,2.2,78.9,103.9
2017-07-25,39.63,2.06,0.58,6.36,330600,2.2,78.7,103.7
2017-07-26,39.65,2.26,0.56,8.37,330600,2.2,78.9,103.9
2017-07-27,36.5,1.58,0.45,3.31,330600,2.2,79.9,105.2
2017-07-28,36.59,1.74,0.47,3.6,330900,2.2,79.9,105.3
2017-07-31,35.49,1.72,0.45,3.89,331200,4.3,80.5,106.1
2017-08-01,34.62,1.63,0.4,3.59,331500,4.3,80.6,106.2
2017-08-02,36.95,1.67,0.43,5.92,331900,4.3,79.9,105.3
2017-08-03,36.12,1.32,0.36,3.93,332000,4.3,80.3,105.8
2017-08-04,36.36,1.16,0.34,5.34,332100,4.3,79.9,105.3
2017-08-07,34.94,1.07,0.31,3.68,332300,8.6,80.5,106.1
2017-08-08,34.22,0.94,0.27,3.97,332600,8.6,80.8,106.5
2017-08-09,33.5,0.62,0.22,4.04,332800,8.6,81.1,106.8
2017-08-10,35.54,0.56,0.16,6.7,333000,8.6,80.5,106.1
2017-08-11,39.34,0.53,0.16,9.42,333200,8.6,79.3,104.4
2017-08-14,34.04,0.34,0.11,2.86,333200,10.0,80.9,106.5
2017-08-15,33.06,0.29,0.09,2.92,333200,10.0,81.2,107.0
2017-08-16,30.33,0.22,0.09,2.92,333300,10.0,81.6,107.5
2017-08-17,27.32,0.18,0.09,2.75,333500,10.0,82.4,108.5
2017-08-18,28.1,0.18,0.09,2.95,333700,10.0,82.0,108.0
2017-08-21,25.38,0.16,0.09,2.72,334000,20.6,82.6,108.8
2017-08-22,27.83,0.18,0.09,2.86,334300,20.6,82.1,108.1
2017-08-23,29.24,0.18,0.09,2.86,334400,20.6,81.5,107.4
2017-08-24,32.52,0.22,0.09,3.64,334500,20.6,81.0,106.7
2017-08-25,27.59,0.16,0.11,2.7,334700,20.6,81.8,107.7
2017-08-28,22.45,0.14,0.09,2.53,334600,28.9,82.7,108.9
2017-08-29,22.81,0.14,0.07,2.57,334700,28.9,82.5,108.7
2017-08-30,22.61,0.13,0.07,2.68,334700,28.9,82.8,109.1
2017-08-31,20.77,0.14,0.07,2.66,334800,28.9,83.1,109.5
2017-09-01,18.87,0.14,0.09,2.7,335000,28.9,83.7,110.3
2017-09-04,18.2,0.13,0.09,2.73,335100,38.5,84.4,111.1
2017-09-05,17.45,0.14,0.09,2.66,335200,38.5,84.4,111.2
2017-09-06,17.02,0.13,0.09,2.72,335300,38.5,85.0,112.0
2017-09-07,17.53,0.13,0.09,2.7,335600,38.5,84.6,111.5
2017-09-08,17.04,0.16,0.11,3.01,335800,38.5,84.8,111.7
2017-09-11,14.47,0.14,0.11,2.88,335900,41.0,85.7,112.9
2017-09-12,16.37,0.16,0.11,3.17,336200,41.0,85.5,112.6
2017-09-13,15.15,0.13,0.09,2.93,336300,41.0,85.8,113.0
2017-09-14,15.79,0.13,0.09,2.88,336300,41.0,85.6,112.8
2017-09-15,17.09,0.16,0.13,3.1,336700,41.0,85.2,112.3
2017-09-18,15.21,0.24,0.14,2.82,336800,41.4,85.9,113.2
2017-09-19,16.4,0.2,0.14,3.06,337000,41.4,85.5,112.7
2017-09-20,14.59,0.27,0.18,2.84,337100,41.4,86.3,113.7
2017-09-21,17.33,0.31,0.18,3.66,337300,41.4,85.3,112.4
2017-09-22,20.21,0.33,0.2,4.2,337600,41.4,84.9,111.9
2017-09-25,25.28,0.4,0.22,5.94,337700,31.5,83.6,110.2
2017-09-26,27.77,0.65,0.27,4.64,338000,31.5,83.8,110.4
2017-09-27,25.82,0.69,0.33,3.24,338100,31.5,84.5,111.3
2017-09-28,28.12,0.78,0.36,5.54,338200,31.5,84.0,110.7
2017-09-29,24.97,0.81,0.42,3.37,338500,31.5,84.8,111.8
2017-10-09,20.68,0.69,0.42,2.32,338500,40.8,85.9,113.2
2017-10-10,16.4,0.67,0.4,2.37,338700,40.8,86.5,113.9
2017-10-11,15.99,0.8,0.42,2.39,338700,40.8,86.1,113.5
2017-10-12,17.35,0.83,0.4,2.39,338800,40.8,85.9,113.2
2017-10-13,15.59,0.72,0.4,2.25,339100,40.8,86.2,113.6
2017-10-16,24.32,0.81,0.42,3.95,339400,35.8,84.6,111.4
2017-10-17,24.62,0.83,0.42,4.25,339500,35.8,84.4,111.2
2017-10-18,29.13,0.94,0.42,6.79,339600,35.8,83.6,110.2
2017-10-19,33.75,0.96,0.4,11.48,339800,35.8,82.8,109.1
2017-10-20,30.91,0.69,0.36,2.37,340200,35.8,83.9,110.5
2017-10-23,29.4,0.72,0.36,2.84,340300,35.6,84.3,111.1
2017-10-24,31.4,0.72,0.31,3.98,340400,35.6,83.9,110.5
2017-10-25,29.08,0.54,0.29,2.57,340600,35.6,84.4,111.2
2017-10-26,27.96,0.54,0.27,2.53,340800,35.6,84.7,111.6
2017-10-27,30.53,0.53,0.25,4.45,340800,35.6,84.1,110.8
2017-10-30,38.53,1.07,0.24,17.49,340900,19.3,81.9,108.0
2017-10-31,37.26,0.78,0.2,5.67,341200,19.3,82.6,108.8
2017-11-01,36.81,0.69,0.14,8.37,341500,19.3,82.6,108.8
2017-11-02,38.53,0.56,0.09,16.89,341600,19.3,81.6,107.5
2017-11-03,40.09,0.8,0.09,18.36,341700,19.3,80.9,106.6
2017-11-06,38.57,0.51,0.09,6.75,342200,19.2,81.7,107.6
2017-11-07,37.81,0.49,0.09,4.42,342300,19.2,82.2,108.3
2017-11-08,36.95,0.36,0.07,2.77,342300,19.2,82.4,108.6
2017-11-09,36.61,0.27,0.09,2.84,342500,19.2,82.8,109.1
2017-11-10,36.57,0.27,0.05,5.02,342900,19.2,83.0,109.3
2017-11-13,36.74,0.33,0.05,7.44,343100,23.0,83.1,109.5
2017-11-14,38.37,0.38,0.07,11.41,343100,23.0,82.5,108.7
2017-11-15,40.18,0.36,0.05,13.8,343300,23.0,81.7,107.7
2017-11-16,41.08,0.36,0.05,15.12,343600,23.0,81.5,107.4
2017-11-17,46.64,1.56,0.05,31.05,343800,23.0,78.7,103.7
2017-11-20,46.21,1.12,0.09,20.59,343900,6.5,78.9,103.9
2017-11-21,46.08,1.34,0.05,20.5,344200,6.5,78.9,103.9
2017-11-22,45.92,1.43,0.07,15.59,344400,6.5,78.9,104.0
2017-11-23,48.49,2.68,0.09,30.02,344400,6.5,77.1,101.6
2017-11-24,48.69,2.44,0.09,15.55,344400,6.5,77.2,101.8
2017-11-27,50.52,3.13,0.09,22.29,344600,1.9,76.4,100.7
2017-11-28,49.63,2.17,0.07,3.15,344700,1.9,77.6,102.3
2017-11-29,49.59,2.41,0.07,7.17,344700,1.9,78.4,102.5
2017-11-30,50.23,2.15,0.09,8.87,344800,1.9,78.3,102.0
2017-12-01,49.68,1.76,0.11,3.62,345100,1.9,79.0,102.8
2017-12-04,50.7,4.06,0.25,16.17,345200,2.6,78.2,101.8
2017-12-05,52.54,6.19,0.63,31.58,345400,2.6,76.7,100.0
2017-12-06,51.91,4.98,0.36,8.8,345400,2.6,77.5,101.0
2017-12-07,52.07,4.83,0.4,11.06,345400,2.6,77.4,101.0
2017-12-08,51.22,3.44,0.2,2.92,345600,2.6,78.9,101.9
2017-12-11,49.83,2.35,0.16,2.68,345600,3.8,79.8,103.1
2017-12-12,50.64,2.59,0.13,7.82,345800,3.8,79.1,102.1
2017-12-13,50.08,1.65,0.07,3.97,345900,3.8,79.6,102.8
2017-12-14,49.76,1.05,0.05,5.59,345900,3.8,80.2,102.9
2017-12-15,50.41,0.96,0.05,7.31,346000,3.8,80.2,102.5
2017-12-18,50.73,0.92,0.05,8.82,346200,1.9,81.6,101.9
2017-12-19,49.97,0.8,0.04,3.91,346300,1.9,82.1,102.4
2017-12-20,50.75,0.87,0.02,12.55,346300,1.9,81.2,101.4
2017-12-21,50.08,0.71,0.02,11.77,346300,1.9,81.3,101.5
2017-12-22,50.1,0.58,0.04,11.84,346300,1.9,81.2,101.3
2017-12-25,51.06,0.56,0.05,21.62,346400,1.3,80.0,100.0
2017-12-26,50.17,0.4,0.07,5.72,346500,1.3,80.4,100.4
2017-12-27,51.2,0.43,0.05,9.49,346700,1.3,80.1,100.0
2017-12-28,50.46,0.4,0.09,7.66,346700,1.3,80.2,100.2
2017-12-29,49.65,0.34,0.07,3.64,347100,1.3,80.9,101.1
2018-01-02,47.55,0.34,0.05,2.63,347100,1.3,81.8,102.2
2018-01-03,45.81,0.33,0.04,2.46,347200,1.3,82.6,103.2
2018-01-04,45.45,0.34,0.04,2.63,347200,1.3,82.7,103.4
2018-01-05,44.52,0.34,0.04,2.77,347500,1.3,82.8,103.4
2018-01-08,43.69,0.33,0.02,3.28,347500,6.3,82.9,103.6
2018-01-09,43.22,0.34,0.04,3.31,347600,6.3,82.8,103.4
2018-01-10,44.56,0.34,0.05,5.07,347600,6.3,82.3,102.9
2018-01-11,43.53,0.33,0.05,3.04,347600,6.3,82.8,103.4
2018-01-12,44.18,0.31,0.07,4.4,347600,6.3,82.3,102.7
2018-01-15,48.16,0.38,0.09,16.49,347700,1.9,80.0,100.0
2018-01-16,46.12,0.36,0.11,8.84,347900,1.9,80.3,100.5
2018-01-17,45.81,0.25,0.05,7.97,348000,1.9,80.1,100.2
2018-01-18,45.16,0.29,0.05,6.83,348100,1.9,80.3,100.4
2018-01-19,45.14,0.36,0.07,7.04,348200,1.9,80.1,100.1
2018-01-22,43.07,0.47,0.05,4.71,348300,3.7,81.0,101.2
2018-01-23,42.19,0.43,0.05,4.83,348300,3.7,81.0,101.3
2018-01-24,40.18,0.36,0.07,3.51,348400,3.7,81.6,102.1
2018-01-25,40.01,0.33,0.07,3.33,348500,3.7,81.5,101.9
2018-01-26,40.52,0.49,0.05,4.56,348500,3.7,81.4,101.8
2018-01-29,43.29,0.54,0.09,10.86,348500,3.7,80.5,100.6
2018-01-30,43.4,0.6,0.13,8.94,348500,3.7,80.3,100.4
2018-01-31,47.35,1.68,0.11,22.43,348600,3.7,78.4,100.0
2018-02-01,52.04,3.37,0.16,36.03,348800,3.7,75.1,100.0
2018-02-02,51.96,4.58,0.22,29.48,348900,3.7,74.9,100.0
2018-02-05,52.07,5.78,0.31,28.37,349000,0.6,74.6,100.0
2018-02-06,54.93,14.12,0.65,44.47,349200,0.6,70.9,100.0
2018-02-07,55.19,12.89,0.58,15.88,349200,0.6,71.1,100.3
2018-02-08,54.9,8.91,0.45,6.34,349400,0.6,72.0,101.6
2018-02-09,57.7,12.13,0.72,30.91,349400,0.6,69.9,100.0
2018-02-12,55.97,8.33,0.49,5.31,349500,0.6,71.6,102.5
2018-02-13,55.59,8.08,0.54,5.81,349500,0.6,71.7,102.7
2018-02-14,55.31,7.62,0.56,5.99,349500,0.6,71.9,102.9
2018-02-22,53.63,5.25,0.42,3.98,349500,0.6,73.2,104.9
2018-02-23,53.16,4.15,0.29,4.04,349600,0.6,73.5,105.2
2018-02-26,50.41,2.55,0.24,3.49,349700,1.8,75.1,107.5
2018-02-27,50.52,2.03,0.22,3.48,349800,1.8,75.4,107.9
2018-02-28,50.1,2.01,0.25,3.49,349700,1.8,75.8,108.4
2018-03-01,47.69,1.3,0.2,3.3,350000,1.8,76.8,110.0
2018-03-02,48.07,1.38,0.24,3.42,350200,1.8,76.5,109.6
2018-03-05,46.59,1.07,0.22,3.46,350200,2.4,77.0,110.3
2018-03-06,44.02,0.83,0.2,3.1,350200,2.4,77.7,111.3
2018-03-07,45.21,0.62,0.18,3.28,350200,2.4,77.2,110.5
2018-03-08,42.64,0.43,0.13,3.1,350200,2.4,77.6,111.1
2018-03-09,37.77,0.34,0.07,2.95,350200,2.4,78.9,113.0
2018-03-12,33.32,0.27,0.04,2.84,350200,3.0,80.2,114.8
2018-03-13,34.51,0.22,0.04,2.88,350200,3.0,79.8,114.2
2018-03-14,37.82,0.2,0.04,3.04,350200,3.0,78.9,112.9
2018-03-15,40.18,0.25,0.02,3.19,350200,3.0,78.8,112.7
2018-03-16,40.07,0.24,0.02,3.42,350200,3.0,78.5,112.4
2018-03-19,38.73,0.25,0.04,3.64,350200,3.0,78.7,112.7
2018-03-20,36.94,0.24,0.04,3.48,350200,3.0,78.7,112.7
2018-03-21,38.44,0.27,0.04,3.77,350200,3.0,78.1,111.9
2018-03-22,36.95,0.27,0.04,3.89,350200,3.0,78.1,111.8
2018-03-23,50.14,0.54,0.07,11.44,350300,3.0,74.1,105.8
2018-03-26,47.09,0.51,0.04,6.68,350400,1.8,75.4,107.6
2018-03-27,40.34,0.38,0.04,2.95,350400,1.8,77.3,110.4
2018-03-28,40.92,0.51,0.07,5.43,350500,1.8,77.1,109.6
2018-03-29,38.44,0.27,0.05,3.06,350500,1.8,77.7,110.4
2018-03-30,33.89,0.29,0.05,3.19,350700,1.8,79.0,112.3
2018-04-02,32.32,0.31,0.04,3.64,350700,4.1,79.6,112.9
2018-04-03,34.22,0.34,0.07,5.31,350800,4.1,79.1,111.8
2018-04-04,35.22,0.42,0.11,5.41,350800,4.1,78.5,110.8
2018-04-09,34.42,0.45,0.18,5.36,350800,4.1,78.6,111.0
2018-04-10,33.48,0.53,0.2,3.48,350900,4.1,78.7,111.0
2018-04-11,30.65,0.6,0.18,3.24,350900,4.1,79.1,111.7
2018-04-12,31.58,0.6,0.22,3.93,351000,4.1,78.7,111.1
2018-04-13,32.05,0.58,0.2,4.27,351000,4.1,78.7,111.0
2018-04-16,34.44,0.71,0.27,7.53,351000,3.5,78.9,111.0
2018-04-17,40.25,1.01,0.34,10.97,351100,3.5,77.1,108.5
2018-04-18,38.55,1.07,0.38,6.28,351200,3.5,78.6,110.0
2018-04-19,37.55,0.91,0.38,4.47,351200,3.5,78.8,110.3
2018-04-20,42.95,1.63,0.47,12.75,351300,3.5,78.3,108.0
2018-04-23,44.41,1.59,0.49,11.06,351300,1.2,78.7,106.8
2018-04-24,39.15,1.16,0.51,3.42,351300,1.2,81.2,109.1
2018-04-25,37.35,1.23,0.53,4.4,351300,1.2,82.6,109.6
2018-04-26,41.55,1.86,0.56,11.17,351400,1.2,81.4,107.6
2018-04-27,40.68,2.06,0.65,7.6,351600,1.2,81.5,107.7
2018-05-02,41.28,2.64,0.78,10.07,351600,1.2,81.1,107.2
2018-05-03,38.46,2.26,0.72,5.49,351600,1.2,81.9,108.1
2018-05-04,38.66,2.55,0.78,6.36,351600,1.2,81.7,107.9
2018-05-07,33.86,2.03,0.71,2.86,351600,1.1,83.1,109.8
2018-05-08,31.14,1.86,0.69,2.99,351800,1.1,83.5,110.3
2018-05-09,30.31,1.92,0.74,3.46,351900,1.1,83.5,110.3
2018-05-10,28.61,1.96,0.69,3.26,351900,1.1,83.8,110.7
2018-05-11,31.07,2.05,0.81,4.04,351900,1.1,83.0,109.6
2018-05-14,33.73,2.32,0.87,5.79,351900,1.1,82.5,108.9
2018-05-15,31.47,2.14,0.83,3.59,351900,1.1,83.3,110.0
2018-05-16,32.81,2.32,0.85,5.38,352000,1.1,82.8,109.4
2018-05-17,33.97,2.43,1.01,6.5,352100,1.1,82.4,108.9
2018-05-18,32.92,2.52,1.01,4.27,352100,1.1,82.8,109.4
2018-05-21,29.62,2.35,0.94,2.57,352100,2.8,83.8,110.6
2018-05-22,28.72,2.46,0.91,3.17,352100,2.8,84.1,111.1
2018-05-23,32.66,2.73,0.98,5.45,352200,2.8,83.2,109.9
2018-05-24,33.71,2.95,1.05,6.79,352200,2.8,82.9,109.5
2018-05-25,36.76,3.19,1.23,9.7,352300,2.8,81.8,108.1
2018-05-28,39.11,3.49,1.43,13.47,352400,1.1,81.2,107.2
2018-05-29,41.12,3.73,1.47,14.27,352400,1.1,80.5,106.3
2018-05-30,49.54,4.44,1.96,28.05,352400,1.1,78.0,103.0
2018-05-31,46.55,4.35,1.85,5.78,352400,1.1,79.0,104.3
2018-06-01,48.0,5.05,2.23,12.53,352400,1.1,78.1,103.2
2018-06-04,48.18,5.23,2.19,12.06,352400,0.6,77.7,102.7
2018-06-05,46.26,4.82,2.01,4.24,352400,0.6,79.0,104.4
2018-06-06,45.23,4.74,1.97,5.45,352400,0.6,79.1,104.4
2018-06-07,46.04,5.0,2.12,8.93,352400,0.6,78.5,103.7
2018-06-08,48.09,5.32,2.19,18.27,352500,0.6,77.6,102.5
2018-06-11,49.14,5.67,2.23,18.36,352700,0.6,77.0,101.6
2018-06-12,48.22,5.5,2.28,7.66,352800,0.6,77.5,102.4
2018-06-13,50.59,6.07,2.35,23.18,352900,0.6,76.2,100.6
2018-06-14,50.97,6.32,2.39,19.66,352900,0.6,75.8,100.1
2018-06-15,53.74,8.2,3.02,31.11,352900,0.6,74.2,100.0
2018-06-19,58.52,19.68,4.13,46.93,352900,0.6,69.1,100.0
2018-06-20,57.41,16.66,3.93,15.1,353000,0.6,69.9,101.2
2018-06-21,58.03,22.51,4.18,37.06,353000,0.6,68.3,100.0
2018-06-22,57.4,16.8,3.86,8.06,353100,0.6,69.3,101.5
2018-06-25,57.7,14.63,3.55,13.81,353200,0.6,69.0,101.0
2018-06-26,57.78,10.3,3.08,8.87,353200,0.6,69.5,101.9
2018-06-27,58.3,8.94,2.97,11.68,353300,0.6,68.9,101.0
2018-06-28,59.13,10.09,2.93,17.22,353300,0.6,68.1,100.0
2018-06-29,57.58,7.46,2.52,3.71,353300,0.6,70.2,103.0
2018-07-02,58.19,7.84,2.5,9.29,353300,1.1,69.3,101.7
2018-07-03,57.6,6.59,2.21,5.41,353400,1.1,70.1,102.9
2018-07-04,58.45,7.97,2.44,10.43,353400,1.1,68.8,101.0
2018-07-05,59.57,10.32,2.68,25.2,353400,1.1,67.0,100.0
2018-07-06,59.39,8.69,2.39,14.29,353400,1.1,67.2,100.4
2018-07-09,58.17,6.63,2.03,3.84,353600,0.5,68.6,102.5
2018-07-10,57.69,5.63,1.81,4.0,353700,0.5,69.1,103.2
2018-07-11,58.45,6.36,1.88,15.68,353700,0.5,67.5,100.8
2018-07-12,56.82,4.6,1.41,2.88,353700,0.5,69.3,103.5
2018-07-13,56.53,3.91,1.32,3.66,353600,0.5,69.6,103.9
2018-07-16,56.44,3.48,1.14,4.8,353600,2.2,69.6,104.0
2018-07-17,56.11,2.93,0.98,4.44,353600,2.2,69.7,104.2
2018-07-18,56.6,2.88,0.85,5.23,353500,2.2,69.4,103.6
2018-07-19,56.94,3.02,0.85,8.35,353500,2.2,68.6,102.4
2018-07-20,56.2,2.68,0.85,3.46,353600,2.2,69.3,103.5
2018-07-23,55.64,2.55,0.83,3.84,353600,2.7,69.8,104.3
2018-07-24,53.49,2.21,0.76,2.46,353600,2.7,71.0,106.0
2018-07-25,52.98,1.99,0.69,2.55,353600,2.7,71.1,106.2
2018-07-26,53.7,2.12,0.65,2.99,353600,2.7,70.8,105.8
2018-07-27,53.79,2.12,0.71,3.73,353600,2.7,70.4,105.2
2018-07-30,55.01,2.44,0.69,6.39,353700,2.7,69.4,103.7
2018-07-31,54.72,2.01,0.62,4.49,353700,2.7,69.3,103.5
2018-08-01,56.27,2.23,0.53,9.38,353700,2.7,68.2,101.9
2018-08-02,57.54,2.88,0.58,19.65,353700,2.7,66.6,100.0
2018-08-03,58.14,3.6,0.62,21.55,353700,2.7,65.7,100.0
2018-08-06,59.08,5.11,0.62,28.39,353800,0.5,64.4,100.0
2018-08-07,56.38,3.6,0.47,3.2,353800,0.5,66.0,102.6
2018-08-08,57.11,4.94,0.58,12.86,353800,0.5,64.9,100.9
2018-08-09,54.61,3.19,0.4,2.61,353800,0.5,66.4,103.2
2018-08-10,53.92,2.41,0.31,2.72,353900,0.5,66.8,103.8
2018-08-13,53.12,2.15,0.29,3.26,353900,1.1,67.2,104.4
2018-08-14,52.8,1.67,0.25,3.19,353900,1.1,66.9,104.0
2018-08-15,54.81,2.21,0.24,7.41,353900,1.1,65.6,101.9
2018-08-16,56.15,2.77,0.24,11.46,353900,1.1,64.8,100.7
2018-08-17,57.63,3.95,0.34,21.29,353900,1.1,63.6,100.0
2018-08-20,56.62,3.6,0.34,11.9,353900,1.1,63.8,100.4
2018-08-21,54.88,2.88,0.31,4.22,353900,1.1,64.6,101.5
2018-08-22,55.44,3.08,0.33,13.22,353900,1.1,63.8,100.4
2018-08-23,54.7,2.34,0.29,5.32,353900,1.1,64.2,101.0
2018-08-24,54.75,1.94,0.33,7.44,353900,1.1,64.0,100.6
2018-08-27,50.91,1.25,0.29,2.19,354000,2.1,65.4,102.9
2018-08-28,49.94,1.16,0.24,2.66,354200,2.1,65.5,102.9
2018-08-29,49.92,1.0,0.24,4.24,354200,2.1,65.1,102.4
2018-08-30,52.65,1.14,0.25,10.52,354200,2.1,64.0,100.6
2018-08-31,53.59,1.21,0.25,16.66,354300,2.1,63.3,100.0
2018-09-03,53.03,1.38,0.22,16.46,354400,2.1,63.2,100.0
2018-09-04,50.23,1.03,0.18,3.48,354400,2.1,64.0,101.2
2018-09-05,52.53,1.1,0.18,14.03,354400,2.1,62.9,100.0
2018-09-06,52.49,1.18,0.2,15.05,354400,2.1,62.7,100.0
2018-09-07,51.62,1.18,0.22,8.73,354400,2.1,62.8,100.2
2018-09-10,54.23,1.36,0.22,24.28,354500,1.6,61.6,100.0
2018-09-11,53.87,1.1,0.24,12.69,354500,1.6,61.6,100.0
2018-09-12,53.58,0.92,0.2,9.42,354600,1.6,61.5,100.0
2018-09-13,51.69,0.72,0.18,4.45,354600,1.6,62.0,100.8
2018-09-14,53.11,1.0,0.22,10.32,354600,1.6,61.4,100.0
2018-09-17,54.9,1.41,0.25,24.41,354700,1.0,60.4,100.0
2018-09-18,51.55,0.92,0.22,3.11,354800,1.0,61.5,101.8
2018-09-19,49.34,0.76,0.27,2.25,354900,1.0,62.2,102.9
2018-09-20,49.45,0.8,0.29,3.35,354900,1.0,61.9,102.5
2018-09-21,45.68,0.72,0.27,1.92,355100,1.0,62.7,103.7
2018-09-25,46.93,0.71,0.29,2.25,355200,1.0,62.5,103.4
2018-09-26,45.75,0.63,0.25,2.15,355400,1.0,62.8,103.8
2018-09-27,49.52,0.94,0.27,8.85,355400,1.0,61.9,102.4
2018-09-28,47.35,0.8,0.29,3.13,355400,1.0,62.4,103.2
2018-10-08,54.35,1.38,0.4,23.03,355400,1.0,60.3,100.0
2018-10-09,53.65,1.27,0.4,11.37,355400,1.0,60.3,100.0
2018-10-10,52.87,1.14,0.42,8.69,355400,1.0,60.2,100.0
2018-10-11,59.21,2.82,0.47,47.28,355400,1.0,55.7,100.0
2018-10-12,58.5,4.06,0.6,36.95,355400,1.0,55.4,100.0
2018-10-15,59.1,4.42,0.63,37.01,355500,0.5,54.5,100.0
2018-10-16,60.06,6.43,0.71,41.64,355600,0.5,53.3,100.0
2018-10-17,59.86,5.05,0.74,10.94,355600,0.5,53.7,100.7
2018-10-18,61.29,10.7,0.85,40.74,355600,0.5,52.0,100.0
2018-10-19,60.02,6.64,0.81,5.38,355700,0.5,53.2,102.2
2018-10-22,56.18,3.1,0.56,1.39,355700,1.0,55.9,107.3
2018-10-23,57.29,3.44,0.6,2.34,355800,1.0,55.9,105.5
2018-10-24,57.25,3.49,0.62,2.57,355800,1.0,55.9,105.5
2018-10-25,57.32,4.36,0.56,4.82,355800,1.0,55.5,104.7
2018-10-26,56.82,3.93,0.6,3.22,355900,1.0,55.7,105.1
2018-10-29,57.81,5.09,0.65,6.84,355900,0.5,54.9,103.5
2018-10-30,56.09,4.22,0.45,3.53,355900,0.5,55.4,104.5
2018-10-31,54.39,2.72,0.34,1.47,355900,0.5,56.2,106.1
2018-11-01,53.34,2.32,0.31,1.32,355900,0.5,56.6,106.7
2018-11-02,48.78,1.09,0.2,1.09,355900,0.5,58.3,110.0
2018-11-05,46.57,0.91,0.13,0.98,355900,2.0,59.2,110.8
2018-11-06,46.39,0.98,0.16,1.2,355900,2.0,59.9,110.9
2018-11-07,46.95,0.74,0.16,1.09,356000,2.0,59.8,110.7
2018-11-08,46.53,0.67,0.16,1.23,356000,2.0,59.5,110.2
2018-11-09,46.95,0.65,0.16,1.5,356100,2.0,59.4,109.9
2018-11-12,37.43,0.47,0.09,0.78,356100,2.5,61.2,113.2
2018-11-13,28.95,0.38,0.09,0.72,356100,2.5,62.4,115.4
2018-11-14,28.12,0.33,0.09,0.85,356100,2.5,62.4,115.5
2018-11-15,20.57,0.33,0.09,0.71,356200,2.5,63.4,117.4
2018-11-16,17.18,0.29,0.09,0.74,356300,2.5,64.1,118.7
2018-11-19,16.28,0.29,0.07,0.76,356300,5.5,64.3,119.1
2018-11-20,25.22,0.31,0.07,0.91,356300,5.5,62.6,116.0
2018-11-21,22.14,0.33,0.07,1.03,356300,5.5,63.5,116.8
2018-11-22,21.02,0.34,0.09,0.92,356300,5.5,64.2,116.9
2018-11-23,38.86,0.53,0.11,2.48,356300,5.5,61.6,111.9
2018-11-26,38.78,0.63,0.13,2.9,356300,2.5,63.5,111.7
2018-11-27,35.49,0.58,0.14,1.43,356300,2.5,64.0,112.6
2018-11-28,29.75,0.6,0.13,0.74,356400,2.5,64.8,114.0
2018-11-29,39.16,1.03,0.16,3.42,356600,2.5,63.3,111.3
2018-11-30,36.77,0.91,0.14,1.54,356700,2.5,64.4,112.0
2018-12-03,23.36,0.63,0.11,0.38,356700,3.5,66.6,115.7
2018-12-04,19.65,0.43,0.09,0.43,356700,3.5,67.2,116.8
2018-12-05,22.0,0.8,0.05,0.58,356800,3.5,66.8,116.1
2018-12-06,28.92,0.92,0.04,1.03,356800,3.5,65.6,114.0
2018-12-07,28.01,1.05,0.09,1.03,356800,3.5,65.6,114.0
2018-12-10,33.97,1.27,0.09,2.55,356800,2.5,64.8,112.7
2018-12-11,30.49,1.05,0.09,0.87,356800,2.5,65.7,113.8
2018-12-12,30.0,0.92,0.09,1.0,356800,2.5,65.6,113.7
2018-12-13,25.53,0.89,0.11,0.63,356900,2.5,66.3,114.8
2018-12-14,36.7,1.36,0.16,2.88,356900,2.5,64.6,111.9
2018-12-17,36.92,0.81,0.13,2.5,356900,2.5,64.4,111.5
2018-12-18,39.65,0.72,0.13,2.92,356900,2.5,63.9,110.8
2018-12-19,43.44,0.63,0.11,5.38,356900,2.5,63.1,109.3
2018-12-20,42.02,0.49,0.11,3.08,356900,2.5,63.3,109.7
2018-12-21,44.47,0.51,0.11,4.53,356900,2.5,62.8,108.9
2018-12-24,40.7,0.53,0.13,1.67,357000,2.0,63.4,109.9
2018-12-25,44.7,0.62,0.13,5.83,357000,2.0,62.8,108.8
2018-12-26,43.87,0.6,0.13,6.08,356900,2.0,62.5,108.3
2018-12-27,47.51,1.12,0.11,8.98,356900,2.0,61.6,106.6
2018-12-28,47.33,1.07,0.13,6.14,356900,2.0,61.6,106.8
2019-01-02,47.73,1.2,0.13,7.51,356900,2.0,61.3,106.2
2019-01-03,49.16,1.41,0.09,7.28,357000,2.0,60.9,105.5
2019-01-04,41.57,0.6,0.07,0.51,357000,2.0,62.6,108.4
2019-01-07,33.46,0.45,0.07,0.31,357000,2.9,63.9,110.7
2019-01-08,33.64,0.38,0.05,0.62,357200,2.9,63.8,110.5
2019-01-09,32.43,0.33,0.05,0.33,357200,2.9,63.9,110.7
2019-01-10,34.0,0.33,0.05,0.94,357200,2.9,63.7,110.4
2019-01-11,30.27,0.33,0.05,0.63,357300,2.9,64.3,111.4
2019-01-14,33.03,0.42,0.04,1.83,357300,3.4,63.9,110.7
2019-01-15,28.72,0.33,0.04,0.56,357300,3.4,64.6,111.9
2019-01-16,29.46,0.29,0.02,0.85,357500,3.4,64.5,111.8
2019-01-17,35.49,0.31,0.02,1.86,357700,3.4,64.0,110.7
2019-01-18,32.68,0.33,0.02,0.92,357800,3.4,64.5,111.5
2019-01-21,30.82,0.34,0.0,0.51,357900,5.3,64.9,112.2
2019-01-22,36.68,0.31,0.0,1.65,358000,5.3,64.6,110.9
2019-01-23,36.16,0.34,0.04,2.26,358100,5.3,65.2,111.1
2019-01-24,34.35,0.29,0.05,1.76,358100,5.3,65.5,111.7
2019-01-25,38.06,0.43,0.05,3.64,358200,5.3,65.2,111.0
2019-01-28,41.25,0.58,0.07,6.16,358300,2.9,64.6,110.1
2019-01-29,47.22,0.78,0.11,14.38,358400,2.9,63.5,108.2
2019-01-30,50.33,1.45,0.13,18.36,358500,2.9,62.5,106.6
2019-01-31,51.87,3.11,0.18,25.13,358500,2.9,61.6,105.0
2019-02-01,46.68,2.15,0.13,0.91,358600,2.9,63.4,108.0
2019-02-11,39.29,1.07,0.13,0.29,358600,1.9,65.3,111.1
2019-02-12,34.29,0.58,0.13,0.24,358600,1.9,66.3,112.7
2019-02-13,26.8,0.54,0.11,0.2,358600,1.9,68.3,114.7
2019-02-14,25.33,0.43,0.05,0.24,358600,1.9,68.7,115.2
2019-02-15,25.57,0.31,0.07,0.2,358700,1.9,68.7,115.0
2019-02-18,13.81,0.14,0.04,0.18,358800,9.5,71.1,119.1
2019-02-19,12.17,0.13,0.02,0.2,358800,9.5,71.4,119.6
2019-02-20,11.33,0.11,0.02,0.2,358800,9.5,71.5,119.7
2019-02-21,12.29,0.09,0.02,0.18,358800,9.5,71.2,119.2
2019-02-22,7.73,0.07,0.02,0.24,359000,9.5,72.8,121.9
2019-02-25,2.66,0.07,0.02,0.16,359000,15.2,76.6,128.3
2019-02-26,2.48,0.07,0.02,0.18,359100,15.2,76.6,128.3
2019-02-27,2.44,0.05,0.02,0.18,359100,15.2,76.4,128.0
2019-02-28,1.96,0.05,0.02,0.18,359100,15.2,76.7,128.5
2019-03-01,1.83,0.05,0.0,0.18,359200,15.2,77.2,129.3
2019-03-04,1.09,0.05,0.0,0.16,359200,15.6,78.9,132.1
2019-03-05,0.74,0.02,0.0,0.18,359200,15.6,81.4,136.3
2019-03-06,0.42,0.02,0.0,0.18,359200,15.6,83.2,139.2
2019-03-07,0.34,0.02,0.0,0.16,359200,15.6,84.6,141.6
2019-03-08,1.43,0.0,0.0,0.16,359200,15.6,81.1,135.8
2019-03-11,0.65,0.02,0.0,0.16,359300,16.0,84.6,141.6
2019-03-12,0.45,0.02,0.0,0.16,359300,16.0,86.5,144.7
2019-03-13,0.69,0.07,0.0,0.18,359300,16.0,84.4,141.4
2019-03-14,1.32,0.09,0.02,0.22,359400,16.0,81.9,137.1
2019-03-15,1.01,0.11,0.02,0.16,359500,16.0,83.2,139.2
2019-03-18,0.67,0.05,0.0,0.16,359500,16.4,85.2,142.6
2019-03-19,0.67,0.07,0.0,0.16,359600,16.4,85.5,143.2
2019-03-20,0.65,0.07,0.02,0.18,359600,16.4,85.3,142.8
2019-03-21,0.6,0.07,0.0,0.18,359600,16.4,86.7,144.4
2019-03-22,0.69,0.13,0.0,0.2,359700,16.4,88.0,144.9
2019-03-25,0.91,0.2,0.0,0.2,359800,16.7,87.2,143.7
2019-03-26,2.01,0.36,0.0,0.25,360000,16.7,84.7,139.5
2019-03-27,2.25,0.74,0.0,0.25,360000,16.7,85.2,140.4
2019-03-28,3.31,0.98,0.0,0.25,360100,16.7,84.1,138.5
2019-03-29,2.21,0.71,0.0,0.16,360200,16.7,86.5,142.5
2019-04-01,1.03,0.22,0.0,0.16,360200,17.6,89.8,147.9
2019-04-02,1.05,0.25,0.0,0.16,360300,17.6,90.3,148.8
2019-04-03,0.89,0.31,0.0,0.16,360300,17.6,91.2,150.3
2019-04-04,0.94,0.29,0.0,0.2,360300,17.6,91.6,150.9
2019-04-08,1.23,0.33,0.04,0.2,360300,18.4,91.1,150.1
2019-04-09,1.21,0.4,0.07,0.22,360300,18.4,91.4,150.5
2019-04-10,1.65,0.4,0.11,0.25,360300,18.4,91.2,150.3
2019-04-11,2.23,0.31,0.14,0.29,360300,18.4,89.3,147.2
2019-04-12,2.63,0.42,0.13,0.25,360400,18.4,90.1,147.0
2019-04-15,3.04,0.51,0.14,0.33,360600,17.4,89.5,145.9
2019-04-16,2.57,0.45,0.13,0.29,360700,17.4,91.4,148.9
2019-04-17,2.39,0.43,0.09,0.22,360700,17.4,92.2,150.2
2019-04-18,3.17,0.51,0.07,0.25,360700,17.4,91.8,149.5
2019-04-19,3.08,0.54,0.09,0.25,360800,17.4,93.0,150.7
2019-04-22,4.24,0.78,0.16,0.42,360900,18.7,92.1,149.2
2019-04-23,7.48,1.05,0.18,0.56,360900,18.7,90.4,146.5
2019-04-24,7.21,0.96,0.2,0.42,360900,18.7,91.5,148.3
2019-04-25,19.16,1.59,0.27,0.98,361000,18.7,87.7,142.2
2019-04-26,25.95,2.15,0.31,1.16,361100,18.7,86.8,140.6
2019-04-29,40.52,6.3,0.45,2.23,361200,15.5,83.6,135.5
2019-04-30,38.06,5.23,0.43,0.8,361200,15.5,84.5,136.9
2019-05-06,54.12,19.46,0.78,6.23,361200,11.3,78.0,126.4
2019-05-07,52.72,16.13,0.78,1.61,361200,11.3,79.0,128.0
2019-05-08,53.54,14.83,0.89,3.15,361300,11.3,78.7,127.6
2019-05-09,55.88,15.72,0.91,5.23,361400,11.3,77.9,126.2
2019-05-10,51.06,8.58,0.85,0.62,361500,11.3,81.0,131.2
2019-05-13,52.0,9.23,1.03,2.44,361500,14.9,80.4,130.3
2019-05-14,53.49,9.69,1.2,4.22,361500,14.9,79.8,129.4
2019-05-15,50.53,6.64,1.12,0.89,361600,14.9,81.6,132.2
2019-05-16,49.81,6.25,1.03,0.83,361800,14.9,82.2,133.2
2019-05-17,54.37,11.95,1.41,10.18,361900,14.9,79.3,128.5
2019-05-20,55.44,11.35,1.65,10.16,361900,14.8,79.0,128.0
2019-05-21,53.72,8.56,1.36,1.5,362000,14.8,80.6,130.6
2019-05-22,54.19,8.35,1.45,5.14,362200,14.8,80.2,130.0
2019-05-23,57.16,9.32,1.61,17.67,362400,14.8,78.3,127.0
2019-05-24,58.28,9.31,1.67,14.79,362300,14.8,77.3,125.3
2019-05-27,55.8,4.78,1.18,1.16,362300,14.7,79.6,129.0
2019-05-28,55.82,4.2,1.21,1.45,362300,14.7,79.6,129.0
2019-05-29,55.24,3.62,1.21,2.19,362300,14.7,80.0,129.6
2019-05-30,55.75,3.91,1.16,5.74,362300,14.7,79.4,128.7
2019-05-31,55.73,3.6,1.1,5.79,362400,14.7,80.2,128.6
2019-06-03,56.8,4.24,1.3,14.25,362400,11.6,79.3,126.6
2019-06-04,58.54,4.51,1.25,20.15,362400,11.6,78.9,124.4
2019-06-05,58.01,4.87,1.21,12.46,362400,11.6,79.5,124.3
2019-06-06,60.11,6.1,1.59,29.71,362500,11.6,78.2,121.2
2019-06-10,58.97,5.7,1.56,7.59,362500,9.7,80.7,122.9
2019-06-11,56.44,4.24,1.18,0.81,362500,9.7,83.7,127.5
2019-06-12,56.13,4.67,1.2,1.34,362500,9.7,83.3,126.9
2019-06-13,55.98,4.15,1.01,1.29,362500,9.7,83.8,127.6
2019-06-14,57.78,4.4,1.34,5.11,362600,9.7,81.8,124.7
2019-06-17,57.69,4.22,1.18,4.45,362600,10.6,81.7,124.4
2019-06-18,58.1,4.38,1.3,4.8,362700,10.6,82.2,124.4
2019-06-19,56.85,3.95,1.14,1.03,362800,10.6,83.6,126.1
2019-06-20,54.57,3.51,1.0,1.12,362900,10.6,84.9,128.1
2019-06-21,50.53,3.22,0.83,0.6,363000,10.6,86.4,130.3
2019-06-24,50.35,3.06,0.81,0.67,363000,14.9,86.3,130.2
2019-06-25,52.33,3.11,0.69,1.21,363000,14.9,85.5,129.0
2019-06-26,52.42,2.97,0.71,1.3,363100,14.9,85.5,129.0
2019-06-27,50.62,2.63,0.6,0.98,363200,14.9,86.2,130.1
2019-06-28,53.38,2.73,0.63,2.82,363300,14.9,85.0,128.2
2019-07-01,46.77,2.37,0.4,0.29,363300,17.0,87.6,132.1
2019-07-02,46.15,2.25,0.4,0.51,363300,17.0,87.6,132.2
2019-07-03,47.89,2.39,0.47,1.23,363300,17.0,86.7,130.8
2019-07-04,47.85,2.34,0.54,1.56,363300,17.0,86.3,130.2
2019-07-05,46.24,2.26,0.47,1.16,363500,17.0,86.6,130.7
2019-07-08,53.96,2.81,0.69,7.91,363500,10.9,83.8,126.4
2019-07-09,52.49,2.64,0.6,5.07,363300,10.9,84.0,126.8
2019-07-10,53.16,2.59,0.58,8.98,363300,10.9,83.3,125.7
2019-07-11,52.54,2.66,0.51,7.59,363300,10.9,83.2,125.5
2019-07-12,51.35,2.72,0.51,4.87,363400,10.9,83.4,125.8
2019-07-15,48.61,2.41,0.45,3.08,363500,11.7,84.2,127.1
2019-07-16,46.99,2.23,0.47,2.08,363600,11.7,84.4,127.4
2019-07-17,46.42,2.25,0.42,2.41,363500,11.7,84.5,127.5
2019-07-18,50.44,2.41,0.51,10.52,363500,11.7,83.0,125.2
2019-07-19,48.42,2.3,0.49,3.77,363600,11.7,83.4,125.8
2019-07-22,53.52,2.82,0.63,20.95,366100,7.8,81.0,122.3
2019-07-23,50.44,2.14,0.49,3.37,366200,7.8,82.0,123.7
2019-07-24,46.88,1.88,0.47,1.05,366200,7.8,83.0,125.2
2019-07-25,45.83,1.58,0.43,1.77,366300,7.8,83.2,125.6
2019-07-26,44.89,1.54,0.4,2.41,366500,7.8,83.3,125.7
2019-07-29,44.89,1.47,0.4,4.2,366600,11.2,83.4,125.8
2019-07-30,43.44,1.23,0.33,1.32,366700,11.2,83.7,126.3
2019-07-31,45.59,1.09,0.29,5.49,366700,11.2,83.1,125.3
2019-08-01,46.03,0.92,0.29,8.17,366700,11.2,82.6,124.7
2019-08-02,50.43,1.07,0.24,18.09,366800,11.2,81.3,122.7
2019-08-05,52.38,1.03,0.18,22.25,366900,7.7,80.4,121.3
2019-08-06,55.5,1.29,0.24,35.2,367000,7.7,78.3,118.1
2019-08-07,55.75,1.18,0.16,25.46,367000,7.7,78.0,117.7
2019-08-08,54.9,0.98,0.13,8.75,367200,7.7,78.6,118.7
2019-08-09,56.15,1.16,0.13,26.15,367400,7.7,77.8,117.4
2019-08-12,54.14,1.05,0.13,2.39,367500,6.0,79.1,119.3
2019-08-13,54.45,1.03,0.07,11.06,367500,6.0,78.7,118.8
2019-08-14,53.3,0.85,0.07,3.64,367500,6.0,79.3,119.6
2019-08-15,52.71,0.76,0.07,7.46,367600,6.0,79.6,120.1
2019-08-16,52.02,0.71,0.11,4.58,367600,6.0,80.1,120.8
2019-08-19,46.64,0.51,0.05,0.45,367600,10.2,82.6,124.7
2019-08-20,45.48,0.56,0.05,0.56,367600,10.2,82.8,125.0
2019-08-21,45.12,0.69,0.05,0.83,367600,10.2,82.9,125.0
2019-08-22,43.71,0.71,0.04,0.85,367600,10.2,83.2,125.5
2019-08-23,44.11,0.85,0.04,1.01,367700,10.2,83.0,125.3
2019-08-26,45.55,0.81,0.04,3.82,367900,11.4,82.6,124.6
2019-08-27,41.23,0.72,0.04,0.51,367900,11.4,84.1,126.9
2019-08-28,40.87,0.72,0.04,0.85,368100,11.4,84.0,126.7
2019-08-29,41.25,0.81,0.04,1.09,368100,11.4,84.0,126.8
2019-08-30,45.12,0.87,0.04,3.04,368200,11.4,82.8,124.9
2019-09-02,38.67,0.58,0.05,0.51,368200,16.0,84.9,128.2
2019-09-03,35.94,0.31,0.04,0.71,368200,16.0,85.6,129.1
2019-09-04,33.08,0.29,0.04,0.45,368200,16.0,86.2,130.0
2019-09-05,28.54,0.27,0.04,0.36,368300,16.0,87.0,131.2
2019-09-06,26.76,0.29,0.04,0.45,368400,16.0,87.4,131.8
2019-09-09,19.16,0.27,0.04,0.38,368500,21.8,89.5,135.0
2019-09-10,17.42,0.25,0.05,0.38,368500,21.8,89.7,135.3
2019-09-11,18.58,0.24,0.05,0.42,368500,21.8,88.9,134.1
2019-09-12,15.06,0.25,0.05,0.4,368500,21.8,89.3,134.8
2019-09-16,13.67,0.14,0.05,0.4,368500,22.1,89.9,135.6
2019-09-17,25.93,0.2,0.05,0.74,368600,22.1,87.7,132.4
2019-09-18,24.9,0.14,0.05,0.72,368600,22.1,87.6,132.2
2019-09-19,20.08,0.13,0.05,0.49,368600,22.1,88.7,133.8
2019-09-20,19.26,0.13,0.07,0.56,368700,22.1,88.8,133.9
2019-09-23,24.86,0.16,0.09,1.16,368700,21.2,87.9,132.6
2019-09-24,23.92,0.22,0.07,1.12,368700,21.2,88.3,133.2
2019-09-25,32.21,0.25,0.07,2.92,368900,21.2,86.6,130.7
2019-09-26,42.77,0.65,0.09,7.17,368900,21.2,83.8,126.4
2019-09-27,39.42,0.6,0.09,2.26,369000,21.2,84.5,127.5
2019-09-30,43.33,0.94,0.07,5.65,369300,14.9,83.6,126.1
2019-10-08,43.0,1.2,0.11,4.38,369300,14.9,83.7,126.2
2019-10-09,39.58,0.83,0.09,1.58,369300,14.9,84.4,127.4
2019-10-10,34.94,0.78,0.09,0.74,369300,14.9,85.7,129.3
2019-10-11,33.17,0.83,0.13,1.01,369300,14.9,85.8,129.4
2019-10-14,25.49,0.69,0.11,0.54,369400,21.4,87.1,131.5
2019-10-15,30.02,0.96,0.13,1.83,369500,21.4,85.9,129.5
2019-10-16,32.75,0.98,0.14,3.35,369400,21.4,85.5,129.0
2019-10-17,33.5,0.98,0.16,3.59,369400,21.4,85.4,128.9
2019-10-18,39.22,1.25,0.2,6.41,369500,21.4,84.4,127.3
2019-10-21,40.88,1.25,0.18,6.5,369600,14.3,83.8,126.5
2019-10-22,36.76,1.14,0.18,1.54,369700,14.3,84.9,128.0
2019-10-23,38.67,1.1,0.18,4.4,369700,14.3,84.2,127.0
2019-10-24,39.15,1.2,0.18,4.62,369700,14.3,84.0,126.8
2019-10-25,36.54,1.1,0.2,2.28,369900,14.3,84.7,127.7
2019-10-28,28.48,0.78,0.13,0.94,370100,20.4,86.7,130.8
2019-10-29,35.67,1.01,0.16,4.4,370400,20.4,85.7,126.5
2019-10-30,40.76,1.09,0.13,9.99,370600,20.4,84.9,123.7
2019-10-31,44.2,1.23,0.16,12.96,370800,20.4,83.9,122.3
2019-11-01,41.21,0.98,0.18,2.97,370900,20.4,84.7,123.4
2019-11-04,40.45,0.87,0.14,5.12,370900,13.8,85.3,124.2
2019-11-05,40.0,0.8,0.14,5.29,371400,13.8,85.5,124.6
2019-11-06,43.07,0.89,0.18,10.16,371900,13.8,84.7,123.5
2019-11-07,42.46,0.87,0.16,4.6,371900,13.8,85.3,123.1
2019-11-08,42.84,0.8,0.16,6.9,372200,13.8,85.0,122.2
2019-11-11,49.3,1.21,0.18,23.59,372300,9.7,82.8,119.0
2019-11-12,49.52,0.92,0.14,12.33,372300,9.7,83.0,119.3
2019-11-13,50.24,1.05,0.14,17.49,372300,9.7,82.8,119.0
2019-11-14,49.38,0.94,0.13,8.24,372400,9.7,83.3,119.8
2019-11-15,51.86,1.18,0.14,22.32,372700,9.7,82.3,118.3
2019-11-18,50.81,1.03,0.11,7.55,372900,10.5,82.9,119.1
2019-11-19,47.44,0.71,0.09,0.67,372900,10.5,84.4,121.4
2019-11-20,48.74,0.76,0.09,4.24,373000,10.5,84.0,120.7
2019-11-21,49.0,0.76,0.07,4.62,373200,10.5,83.9,120.5
2019-11-22,50.75,1.0,0.07,8.4,373300,10.5,82.8,118.9
2019-11-25,51.29,1.07,0.09,9.2,373500,10.4,82.3,118.3
2019-11-26,51.75,0.94,0.09,8.42,373600,10.4,82.2,118.2
2019-11-27,51.91,0.76,0.05,8.69,373500,10.4,82.2,118.1
2019-11-28,52.6,0.74,0.05,11.77,373600,10.4,82.0,117.8
2019-11-29,52.72,0.63,0.07,7.28,373600,10.4,81.9,117.7
2019-12-02,52.33,0.63,0.07,6.77,373700,8.4,82.1,118.0
2019-12-03,51.78,0.51,0.05,3.68,374000,8.4,82.6,118.7
2019-12-04,51.11,0.53,0.07,3.44,374300,8.4,82.7,118.9
2019-12-05,49.61,0.38,0.05,0.76,374400,8.4,83.7,120.3
2019-12-06,47.49,0.36,0.07,0.71,374500,8.4,84.3,121.1
2019-12-09,46.24,0.27,0.05,1.03,374700,14.4,84.6,121.5
2019-12-10,44.92,0.25,0.07,1.39,374800,14.4,85.1,122.3
2019-12-11,44.98,0.27,0.07,2.01,375000,14.4,84.7,121.8
2019-12-12,45.25,0.31,0.07,3.31,374900,14.4,84.7,121.8
2019-12-13,40.63,0.25,0.07,0.69,374900,14.4,85.9,123.4
2019-12-16,33.77,0.24,0.07,0.38,374900,19.6,87.5,125.7
2019-12-17,25.46,0.2,0.05,0.33,375100,19.6,88.6,127.3
2019-12-18,24.71,0.16,0.05,0.33,375100,19.6,88.6,127.3
2019-12-19,19.75,0.11,0.05,0.36,375300,19.6,88.9,127.8
2019-12-20,23.77,0.11,0.05,0.43,375400,19.6,87.9,126.3
2019-12-23,37.12,0.14,0.05,1.27,375500,16.4,85.9,123.4
2019-12-24,27.97,0.16,0.05,0.76,375600,16.4,87.4,125.6
2019-12-25,26.87,0.13,0.05,0.8,375600,16.4,87.9,126.4
2019-12-26,22.42,0.13,0.05,0.56,375700,16.4,88.6,127.3
2019-12-27,24.75,0.14,0.04,0.76,375800,16.4,87.8,126.2
2019-12-30,22.51,0.22,0.04,1.0,376000,24.0,88.3,127.0
2019-12-31,18.99,0.22,0.04,0.54,376100,24.0,88.9,127.8
2020-01-02,12.35,0.16,0.04,0.25,376100,24.0,90.7,130.3
2020-01-03,10.63,0.14,0.02,0.34,376100,24.0,91.1,131.0
2020-01-06,9.7,0.13,0.02,0.43,376400,27.2,92.1,132.3
2020-01-07,6.63,0.13,0.02,0.31,376300,27.2,93.5,134.4
2020-01-08,10.74,0.16,0.02,0.43,376300,27.2,92.2,132.5
2020-01-09,6.41,0.11,0.02,0.25,376400,27.2,93.7,134.6
2020-01-10,6.66,0.13,0.02,0.31,376400,27.2,93.5,134.3
2020-01-13,5.76,0.14,0.02,0.34,376500,28.0,94.7,136.1
2020-01-14,5.85,0.14,0.0,0.33,376700,28.0,94.5,135.8
2020-01-15,7.66,0.18,0.02,0.56,376800,28.0,94.5,135.8
2020-01-16,10.09,0.18,0.02,0.83,376900,28.0,94.3,135.5
2020-01-17,12.17,0.22,0.02,1.27,377000,28.0,93.9,135.0
2020-01-20,11.23,0.24,0.02,1.12,377100,28.0,95.1,136.7
2020-01-21,17.13,0.36,0.04,2.15,377200,28.0,94.3,135.5
2020-01-22,19.14,0.45,0.04,2.43,377300,28.0,94.6,135.9
2020-01-23,35.54,0.96,0.09,8.73,377600,28.0,91.0,130.8
2020-02-03,55.01,5.61,0.24,39.29,377600,8.4,83.1,119.4
2020-02-04,53.2,10.47,0.29,31.58,377700,8.4,83.3,119.7
2020-02-05,50.32,6.12,0.18,1.48,377800,8.4,85.4,122.8
2020-02-06,46.82,3.97,0.16,0.71,377900,8.4,88.1,126.6
2020-02-07,44.76,3.17,0.13,1.03,378000,8.4,89.2,128.2
2020-02-10,42.5,1.96,0.11,0.31,378100,21.2,90.4,130.0
2020-02-11,43.24,2.05,0.11,0.24,378300,21.2,89.8,129.1
2020-02-12,40.97,1.39,0.13,0.25,378500,21.2,91.9,132.1
2020-02-13,42.39,1.88,0.13,0.51,378700,21.2,91.2,131.0
2020-02-14,41.86,1.86,0.11,0.53,378700,21.2,91.5,131.5
2020-02-17,35.96,0.87,0.04,0.24,378800,26.4,94.8,136.3
2020-02-18,32.03,0.42,0.04,0.22,379000,26.4,97.0,135.4
2020-02-19,32.5,0.65,0.04,0.25,379000,26.4,96.1,130.5
2020-02-20,27.92,0.71,0.05,0.22,379000,26.4,98.0,131.2
2020-02-21,25.76,0.58,0.04,0.24,379300,26.4,99.7,131.2
2020-02-24,24.86,0.4,0.02,0.33,379400,29.6,100.0,133.7
2020-02-25,27.79,0.16,0.04,0.47,379400,29.6,100.0,134.2
2020-02-26,27.94,0.33,0.02,0.47,379600,29.6,97.1,127.8
2020-02-27,27.29,0.49,0.04,0.38,379700,29.6,97.3,128.0
2020-02-28,41.61,1.3,0.02,2.95,379700,29.6,91.6,120.6
2020-03-02,31.9,0.74,0.02,0.27,379800,28.4,95.4,125.5
2020-03-03,29.19,0.54,0.02,0.25,379800,28.4,96.7,127.2
2020-03-04,25.67,0.74,0.02,0.38,379800,28.4,97.2,127.9
2020-03-05,20.37,0.43,0.02,0.24,379800,28.4,98.6,129.7
2020-03-06,21.44,0.45,0.02,0.25,379900,28.4,98.3,129.3
2020-03-09,32.77,2.15,0.04,0.87,379900,29.6,94.4,124.2
2020-03-10,27.3,0.87,0.02,0.33,380000,29.6,96.9,127.4
2020-03-11,29.48,1.65,0.04,0.6,380000,29.6,95.6,125.7
2020-03-12,36.48,2.52,0.04,1.86,380200,29.6,93.6,123.2
2020-03-13,41.01,3.1,0.04,3.93,380300,29.6,92.8,122.1
2020-03-16,49.7,7.13,0.07,9.63,380300,21.2,88.3,116.2
2020-03-17,50.7,6.88,0.04,8.6,380400,21.2,88.1,115.9
2020-03-18,52.72,8.84,0.07,13.22,380400,21.2,86.7,114.1
2020-03-19,51.48,7.37,0.05,9.52,380500,21.2,87.7,115.3
2020-03-20,49.18,6.77,0.07,1.2,380600,21.2,88.5,116.4
2020-03-23,54.35,12.58,0.49,16.93,380700,16.0,84.5,111.2
2020-03-24,52.24,7.42,0.29,1.25,380700,16.0,86.1,113.3
2020-03-25,48.74,4.33,0.07,0.31,380700,16.0,88.1,116.0
2020-03-26,50.43,4.38,0.13,1.12,380800,16.0,87.3,114.9
2020-03-27,50.93,5.02,0.16,1.72,381000,16.0,86.7,114.0
2020-03-30,54.66,8.46,0.24,9.4,381000,14.4,84.5,111.2
2020-03-31,54.66,9.05,0.27,8.73,381000,14.4,84.7,111.4
2020-04-01,55.77,8.78,0.31,7.73,381000,14.4,84.3,111.0
2020-04-02,53.74,4.74,0.18,0.71,381000,14.4,86.4,113.7
2020-04-03,53.92,4.11,0.09,2.39,381100,14.4,86.0,113.1
2020-04-07,49.48,1.94,0.04,0.29,381200,14.4,88.9,116.9
2020-04-08,47.4,1.48,0.07,0.36,381300,14.4,89.2,117.4
2020-04-09,44.76,1.14,0.09,0.45,381500,14.4,90.4,118.9
2020-04-10,49.32,1.86,0.11,1.52,381600,14.4,88.0,115.8
2020-04-13,49.68,1.77,0.13,4.47,381600,20.8,87.1,114.6
2020-04-14,46.7,1.14,0.11,0.56,381600,20.8,88.8,116.9
2020-04-15,47.94,1.21,0.11,1.88,381800,20.8,88.3,116.2
2020-04-16,46.89,1.23,0.09,1.85,381900,20.8,89.0,117.1
2020-04-17,46.91,1.03,0.13,1.81,382100,20.8,89.1,117.3
2020-04-20,44.03,0.92,0.11,1.67,382200,25.6,90.6,119.2
2020-04-21,44.52,0.78,0.11,3.59,382400,25.6,90.1,118.5
2020-04-22,42.26,0.74,0.11,1.86,382600,25.6,90.9,119.6
2020-04-23,41.99,0.74,0.11,3.64,382600,25.6,90.4,118.9
2020-04-24,46.12,1.03,0.14,8.35,382700,25.6,88.6,116.5
2020-04-27,46.93,1.14,0.2,9.56,382800,21.2,88.1,115.9
2020-04-28,51.22,2.19,0.2,17.87,383000,21.2,86.8,114.2
2020-04-29,51.29,2.63,0.24,13.38,383300,21.2,86.6,113.9
2020-04-30,47.73,2.21,0.25,2.06,383400,21.2,88.6,116.6
2020-05-06,44.54,2.06,0.2,2.17,383500,21.2,90.6,119.2
2020-05-07,45.1,2.23,0.24,2.44,383700,21.2,90.5,119.0
2020-05-08,42.26,2.1,0.29,1.34,383800,21.2,91.5,120.4
2020-05-11,42.28,2.19,0.33,1.88,383900,29.6,91.3,120.2
2020-05-12,42.68,1.99,0.33,3.08,384000,29.6,91.6,120.5
2020-05-13,41.92,1.88,0.36,2.34,384000,29.6,92.4,121.5
2020-05-14,43.93,2.23,0.45,4.29,384000,29.6,91.5,120.4
2020-05-15,42.97,2.26,0.53,4.02,384000,29.6,91.9,120.9
2020-05-18,43.76,2.5,0.58,5.5,384300,28.8,91.5,120.3
2020-05-19,41.05,2.53,0.58,3.01,384400,28.8,92.7,121.9
2020-05-20,42.93,2.88,0.71,6.46,384500,28.8,91.6,120.5
2020-05-21,44.92,3.26,0.83,8.91,384600,28.8,90.4,118.9
2020-05-22,48.98,3.57,0.87,13.49,384700,28.8,88.7,116.7
2020-05-25,49.12,3.62,0.91,11.32,384900,23.6,88.5,116.5
2020-05-26,44.67,2.86,0.81,1.27,385000,23.6,90.7,119.3
2020-05-27,45.1,2.73,0.81,3.62,385000,23.6,90.1,118.5
2020-05-28,46.01,2.68,0.78,4.89,385200,23.6,89.9,118.3
2020-05-29,44.23,2.7,0.78,4.0,385200,23.6,90.8,119.4
2020-06-01,36.48,2.41,0.69,0.67,385300,31.2,93.5,123.1
2020-06-02,33.7,2.35,0.71,0.78,385400,31.2,93.7,123.3
2020-06-03,33.48,2.35,0.63,0.78,385500,31.2,93.6,123.1
2020-06-04,31.9,2.44,0.69,1.12,385500,31.2,93.8,123.3
2020-06-05,31.96,2.52,0.78,1.14,385700,31.2,93.9,123.5
2020-06-08,31.98,2.72,0.74,1.54,386000,32.8,93.7,123.2
2020-06-09,30.69,2.84,0.76,1.29,386100,32.8,94.3,124.1
2020-06-10,32.32,2.79,0.76,1.83,386300,32.8,94.4,124.2
2020-06-11,34.0,2.72,0.78,2.5,386300,32.8,94.1,123.8
2020-06-12,35.34,2.82,0.76,2.97,386400,32.8,94.1,123.8
2020-06-15,36.16,2.77,0.78,3.93,386400,32.0,94.1,123.8
2020-06-16,31.61,2.44,0.58,0.81,386600,32.0,96.0,126.3
2020-06-17,29.84,2.41,0.54,1.18,386600,32.0,96.4,126.9
2020-06-18,29.24,2.32,0.56,1.25,386800,32.0,96.0,126.3
2020-06-19,28.88,2.37,0.54,1.05,387000,32.0,96.6,127.1
2020-06-22,28.86,2.32,0.49,1.67,387200,34.4,97.2,127.9
2020-06-23,31.31,2.37,0.54,3.26,387300,34.4,97.4,128.1
2020-06-24,32.72,2.55,0.53,3.97,387300,34.4,97.2,127.9
2020-06-29,36.3,2.52,0.58,6.03,387500,32.4,96.9,127.5
2020-06-30,32.57,2.08,0.51,1.47,387700,32.4,98.6,129.8
2020-07-01,30.31,2.12,0.43,1.63,387900,32.4,98.9,130.2
2020-07-02,24.71,1.92,0.42,0.98,387900,32.4,100.0,131.7
2020-07-03,19.52,1.88,0.45,0.94,388100,32.4,100.0,133.0
2020-07-06,10.77,1.67,0.4,0.72,388100,38.0,100.0,138.1
2020-07-07,9.81,1.58,0.38,0.69,388200,38.0,100.0,140.0
2020-07-08,8.18,1.52,0.34,0.63,388500,38.0,100.0,143.2
2020-07-09,6.26,1.25,0.27,0.42,388700,38.0,100.0,147.5
2020-07-10,7.06,1.39,0.25,0.51,389000,38.0,99.6,146.8
2020-07-13,5.56,1.1,0.2,0.43,389200,41.6,100.0,152.0
2020-07-14,5.88,1.07,0.25,0.63,389300,41.6,99.2,150.8
2020-07-15,7.53,1.2,0.29,0.83,389400,41.6,96.3,146.4
2020-07-16,15.19,1.83,0.33,1.48,389700,41.6,91.3,138.8
2020-07-17,16.64,2.01,0.36,1.36,390000,41.6,91.5,139.1
2020-07-20,10.03,1.65,0.36,0.65,390200,40.8,94.6,143.8
2020-07-21,9.6,1.65,0.34,0.54,390200,40.8,95.3,145.0
2020-07-22,9.32,1.45,0.33,0.6,391000,40.8,96.3,146.3
2020-07-23,11.52,1.59,0.29,1.05,391100,40.8,96.2,146.2
2020-07-24,21.89,3.26,0.31,2.59,391200,40.8,91.6,139.3
2020-07-27,22.89,3.66,0.38,2.72,391400,39.2,91.7,139.4
2020-07-28,20.39,2.95,0.31,0.78,391500,39.2,92.6,140.8
2020-07-29,14.88,1.86,0.24,0.45,391600,39.2,95.4,145.0
2020-07-30,16.71,2.14,0.24,0.58,391800,39.2,95.2,144.7
2020-07-31,14.58,1.7,0.24,0.6,392300,39.2,96.5,146.7
2020-08-03,9.89,1.0,0.16,0.36,392400,42.8,99.6,151.4
2020-08-04,10.09,1.23,0.14,0.47,392500,42.8,99.0,150.4
2020-08-05,9.89,1.12,0.11,0.34,392700,42.8,100.0,152.5
2020-08-06,10.81,1.0,0.18,0.54,392900,42.8,100.0,152.6
2020-08-07,14.16,1.54,0.18,0.87,393100,42.8,98.7,150.7
2020-08-10,12.11,1.14,0.13,0.54,393300,43.2,99.0,151.1
2020-08-11,16.11,0.83,0.14,0.98,393400,43.2,97.0,148.1
2020-08-12,17.87,1.03,0.14,1.54,393700,43.2,95.4,145.6
2020-08-13,16.64,0.98,0.09,1.0,393800,43.2,95.7,146.1
2020-08-14,15.25,0.92,0.07,0.6,393700,43.2,96.7,147.5
2020-08-17,12.04,0.56,0.05,0.36,394200,44.0,98.7,150.7
2020-08-18,11.46,0.58,0.04,0.34,394600,44.0,99.7,152.2
2020-08-19,14.87,1.0,0.04,0.81,394800,44.0,97.6,149.0
2020-08-20,17.58,1.18,0.05,1.27,395000,44.0,96.2,145.1
2020-08-21,16.59,1.25,0.05,1.09,395200,44.0,96.8,146.0
2020-08-24,16.28,1.34,0.04,1.07,397000,44.8,97.6,146.2
2020-08-25,16.48,1.58,0.07,1.0,397000,44.8,97.1,144.7
2020-08-26,23.97,2.34,0.18,3.08,397100,44.8,94.7,140.4
2020-08-27,21.69,2.08,0.14,1.41,397000,44.8,95.7,138.8
2020-08-28,19.46,1.88,0.13,0.96,397500,44.8,96.9,140.5
2020-08-31,20.19,1.67,0.13,0.89,397600,47.2,97.2,140.9
2020-09-01,20.39,1.74,0.13,1.21,398000,47.2,97.7,141.6
2020-09-02,20.44,1.7,0.11,1.5,398300,47.2,97.8,141.9
2020-09-03,23.54,1.7,0.09,2.39,398700,47.2,96.7,140.2
2020-09-04,25.04,1.74,0.2,1.65,398800,47.2,96.6,140.1
2020-09-07,29.93,2.19,0.25,3.69,398900,47.6,94.9,137.7
2020-09-08,27.96,1.96,0.27,2.7,399100,47.6,95.6,138.6
2020-09-09,33.97,3.08,0.43,6.92,399200,47.6,92.5,134.2
2020-09-10,46.73,4.94,0.56,11.55,399600,47.6,89.3,129.4
2020-09-11,44.7,3.89,0.43,2.64,399900,47.6,90.7,131.5
2020-09-14,42.06,3.1,0.42,1.96,400000,46.0,92.1,133.6
2020-09-15,42.21,2.26,0.33,2.05,400100,46.0,92.6,134.2
2020-09-16,43.98,2.17,0.2,4.18,400500,46.0,91.7,132.9
2020-09-17,44.43,2.15,0.2,3.04,400900,46.0,91.8,133.1
2020-09-18,41.21,1.72,0.2,0.54,401100,46.0,93.2,135.2
2020-09-21,42.5,1.67,0.18,1.3,401600,47.6,93.2,135.1
2020-09-22,46.84,2.01,0.24,5.31,402000,47.6,91.7,132.9
2020-09-23,46.24,1.52,0.16,3.57,402200,47.6,92.3,133.9
2020-09-24,52.56,2.59,0.31,16.8,402600,47.6,89.8,130.2
2020-09-25,54.35,2.82,0.29,16.87,403000,47.6,89.3,129.4
2020-09-28,57.34,3.62,0.34,22.38,403700,41.6,88.1,127.8
2020-09-29,56.51,3.02,0.29,7.03,403900,41.6,89.1,129.2
2020-09-30,56.78,3.22,0.27,13.04,404200,41.6,89.0,129.1
2020-10-09,50.79,2.12,0.16,0.6,404200,41.6,91.8,133.1
2020-10-12,43.62,1.21,0.13,0.47,404300,48.0,94.7,137.2
2020-10-13,43.73,0.96,0.09,0.62,404400,48.0,94.9,137.6
2020-10-14,44.74,0.67,0.04,1.21,404400,48.0,94.0,136.3
2020-10-15,46.71,0.69,0.05,1.96,404600,48.0,93.2,135.1
2020-10-16,45.77,0.74,0.07,2.37,404900,48.0,92.9,134.7
2020-10-19,47.47,0.72,0.09,3.24,405100,46.8,92.3,133.8
2020-10-20,45.7,0.69,0.05,1.76,405200,46.8,93.1,135.0
2020-10-21,47.26,0.72,0.07,4.74,405400,46.8,91.7,132.9
2020-10-22,48.31,0.8,0.07,6.54,405600,46.8,91.1,132.1
2020-10-23,51.02,1.2,0.09,11.08,405700,46.8,89.4,129.5
2020-10-26,50.81,1.03,0.09,11.39,406000,43.2,89.4,129.7
2020-10-27,51.06,0.94,0.09,9.89,406100,43.2,89.9,130.3
2020-10-28,50.37,1.01,0.07,11.55,406200,43.2,89.9,130.4
2020-10-29,50.52,1.0,0.04,13.24,406600,43.2,89.8,130.2
2020-10-30,55.39,1.48,0.05,26.96,406800,43.2,87.6,127.0
2020-11-02,54.06,1.32,0.04,23.81,406900,39.6,87.6,127.1
2020-11-03,51.19,0.96,0.04,1.61,406900,39.6,89.4,129.7
2020-11-04,51.44,1.23,0.04,3.8,406900,39.6,89.2,129.4
2020-11-05,47.87,0.85,0.04,0.78,407200,39.6,90.9,131.8
2020-11-06,49.16,1.36,0.07,3.19,407300,39.6,90.0,130.5
2020-11-09,43.89,0.62,0.04,0.69,407400,42.4,92.2,133.7
2020-11-10,46.06,0.78,0.02,1.72,407400,42.4,91.2,132.2
2020-11-11,48.29,1.32,0.04,3.89,407600,42.4,89.7,130.0
2020-11-12,48.69,1.38,0.05,3.73,407800,42.4,89.8,130.2
2020-11-13,49.1,1.23,0.07,3.89,407800,42.4,90.0,130.4
2020-11-16,45.72,1.41,0.07,2.15,407800,42.0,90.8,131.6
2020-11-17,47.09,1.54,0.05,5.29,407900,42.0,89.9,130.3
2020-11-18,45.99,1.07,0.05,2.73,408200,42.0,89.9,130.3
2020-11-19,45.01,0.8,0.02,1.85,408200,42.0,90.4,131.1
2020-11-20,43.62,0.78,0.02,1.61,408200,42.0,91.0,132.0
2020-11-23,41.84,0.69,0.02,2.68,408400,44.0,91.6,132.8
2020-11-24,42.04,0.69,0.02,3.11,408500,44.0,91.6,132.8
2020-11-25,45.45,0.91,0.02,6.59,408600,44.0,90.0,130.5
2020-11-26,45.94,0.78,0.04,7.53,408700,44.0,89.4,129.6
2020-11-27,45.46,1.03,0.04,6.36,408800,44.0,89.4,129.6
2020-11-30,46.32,1.14,0.04,5.78,408800,42.0,89.1,129.2
2020-12-01,42.77,0.72,0.05,0.89,408900,42.0,90.3,130.9
2020-12-02,41.23,0.76,0.05,1.54,409300,42.0,90.6,131.4
2020-12-03,41.06,0.92,0.09,1.85,409500,42.0,90.3,130.9
2020-12-04,40.34,0.81,0.09,1.97,409700,42.0,90.8,131.6
2020-12-07,42.8,0.69,0.13,4.33,410100,42.4,90.6,131.3
2020-12-08,43.64,0.67,0.11,5.03,410300,42.4,90.6,131.4
2020-12-09,50.21,0.89,0.14,11.88,410300,42.4,88.8,128.8
2020-12-10,50.21,1.0,0.18,9.51,410400,42.4,88.9,128.6
2020-12-11,53.29,1.29,0.18,19.79,410700,42.4,87.4,125.7
2020-12-14,52.82,1.14,0.2,8.49,410800,40.8,88.5,127.0
2020-12-15,53.2,1.16,0.2,9.11,411100,40.8,88.7,126.9
2020-12-16,54.05,1.63,0.22,20.12,411300,40.8,88.0,125.8
2020-12-17,52.15,1.12,0.18,6.5,411200,40.8,88.8,126.9
2020-12-18,52.25,1.48,0.22,13.07,411500,40.8,88.4,126.4
2020-12-21,50.77,1.36,0.2,6.23,411700,40.8,90.0,128.7
2020-12-22,54.66,2.05,0.29,22.49,412100,40.8,88.1,126.0
2020-12-23,53.27,2.08,0.36,17.65,412300,40.8,88.8,126.9
2020-12-24,55.51,3.02,0.36,29.46,412700,40.8,87.4,124.9
2020-12-25,54.05,2.61,0.33,10.5,413100,40.8,88.3,126.2
2020-12-28,54.68,3.87,0.34,25.51,413400,37.6,87.7,125.4
2020-12-29,56.02,3.24,0.34,9.18,413500,37.6,87.1,124.6
2020-12-30,55.24,2.84,0.29,9.76,413800,37.6,87.8,125.5
2020-12-31,53.16,2.32,0.2,2.17,414100,37.6,89.4,127.8
2021-01-04,51.02,1.79,0.2,3.24,414200,39.2,91.5,130.7
2021-01-05,50.44,1.99,0.22,6.37,414200,39.2,91.6,130.9
2021-01-06,51.55,2.23,0.29,12.8,414500,39.2,90.5,129.3
2021-01-07,54.32,4.09,0.47,29.15,414800,39.2,89.0,127.2
2021-01-08,55.33,3.44,0.25,14.21,414800,39.2,88.6,126.6
2021-01-11,58.08,5.5,0.36,31.38,414900,34.8,87.1,124.5
2021-01-12,56.49,4.89,0.34,14.58,415000,34.8,88.3,126.2
2021-01-13,57.25,6.7,0.29,29.1,415100,34.8,87.6,125.3
2021-01-14,57.45,6.19,0.27,8.31,415100,34.8,87.5,125.1
2021-01-15,57.12,3.82,0.18,1.58,415100,34.8,87.8,125.5
2021-01-18,55.21,2.75,0.16,1.21,415300,37.2,89.5,127.9
2021-01-19,55.33,2.06,0.14,1.29,415500,37.2,89.0,127.2
2021-01-20,54.59,1.92,0.16,1.65,415800,37.2,89.8,128.3
2021-01-21,53.61,1.5,0.18,1.2,416100,37.2,90.7,129.7
2021-01-22,54.84,1.9,0.18,5.52,416400,37.2,90.4,129.3
2021-01-25,56.15,2.57,0.14,14.74,416500,35.6,89.6,128.0
2021-01-26,57.79,2.93,0.16,14.59,416600,35.6,87.9,125.7
2021-01-27,57.58,3.28,0.18,11.3,416900,35.6,88.0,125.7
2021-01-28,59.48,3.98,0.22,17.06,417200,35.6,86.1,123.1
2021-01-29,60.82,5.67,0.25,26.22,417300,35.6,84.8,121.2
2021-02-01,59.44,5.23,0.31,16.24,417500,31.2,85.4,122.0
2021-02-02,58.94,4.29,0.34,13.05,417500,31.2,86.3,123.4
2021-02-03,59.99,4.71,0.29,25.67,417600,31.2,84.9,121.3
2021-02-04,61.43,5.47,0.31,32.83,417700,31.2,83.0,118.3
2021-02-05,62.38,6.54,0.43,28.08,417900,31.2,81.3,113.0
2021-02-08,61.85,6.99,0.45,21.2,418300,21.2,81.9,112.7
2021-02-09,60.22,4.73,0.43,2.5,418800,21.2,84.1,115.7
2021-02-10,59.3,4.16,0.45,2.82,419300,21.2,84.8,116.7
2021-02-18,56.31,2.82,0.36,0.62,419300,21.2,86.2,118.5
2021-02-19,52.18,1.83,0.29,0.53,419300,21.2,87.8,120.8
2021-02-22,50.14,1.68,0.22,0.56,419300,38.8,87.9,120.9
2021-02-23,50.72,1.83,0.24,0.81,419400,38.8,87.3,120.1
2021-02-24,51.57,2.19,0.18,1.05,419600,38.8,86.6,119.1
2021-02-25,51.51,2.12,0.2,1.03,419800,38.8,86.1,118.4
2021-02-26,53.49,2.41,0.24,1.56,420100,38.8,85.1,117.1
2021-03-01,48.25,1.43,0.22,0.56,420400,39.6,87.4,120.2
2021-03-02,49.36,1.61,0.24,1.2,420500,39.6,87.0,119.7
2021-03-03,45.3,1.09,0.18,0.6,420600,39.6,88.2,121.3
2021-03-04,45.72,1.9,0.24,2.05,420600,39.6,86.6,119.1
2021-03-05,42.02,1.81,0.16,1.01,420600,39.6,86.9,119.5
2021-03-08,44.23,2.82,0.14,3.15,420800,40.0,85.1,117.1
2021-03-09,51.37,3.71,0.25,6.08,421000,40.0,82.4,113.4
2021-03-10,54.54,3.44,0.18,5.0,421100,40.0,81.8,112.5
2021-03-11,48.54,2.43,0.05,1.12,421300,40.0,83.7,115.1
2021-03-12,46.64,2.46,0.07,3.02,421400,40.0,83.7,115.1
2021-03-15,45.5,3.4,0.14,5.7,421400,37.6,83.1,114.3
2021-03-16,40.74,3.24,0.14,2.43,421500,37.6,83.9,115.4
2021-03-17,38.86,2.23,0.07,0.92,421500,37.6,84.5,116.2
2021-03-18,38.51,1.58,0.05,1.32,421600,37.6,84.7,116.6
2021-03-19,38.53,1.79,0.05,2.25,421700,37.6,84.1,115.7
2021-03-22,33.68,1.21,0.07,0.78,421900,41.6,85.6,117.7
2021-03-23,36.88,1.32,0.07,2.12,422000,41.6,84.6,116.4
2021-03-24,39.24,2.12,0.11,3.55,422200,41.6,83.4,114.7
2021-03-25,40.2,1.68,0.13,2.41,422400,41.6,83.3,114.6
2021-03-26,36.34,1.18,0.14,0.54,422700,41.6,84.8,116.6
2021-03-29,36.38,1.12,0.14,1.23,423100,40.0,85.1,117.1
2021-03-30,40.03,1.14,0.16,2.28,423300,40.0,84.8,116.6
2021-03-31,38.51,0.96,0.14,1.83,423500,40.0,84.7,116.5
2021-04-01,37.77,0.76,0.14,1.29,423700,40.0,85.2,117.3
2021-04-02,36.63,0.74,0.13,0.78,423800,40.0,85.6,117.7
2021-04-06,32.32,0.53,0.14,0.56,424200,40.0,86.4,118.8
2021-04-07,28.84,0.38,0.14,0.54,424300,40.0,86.4,118.9
2021-04-08,31.76,0.54,0.14,0.8,424500,40.0,86.2,118.5
2021-04-09,31.32,0.53,0.14,1.32,424900,40.0,86.1,118.4
2021-04-12,35.8,0.85,0.14,4.4,425300,39.6,84.3,115.9
2021-04-13,39.45,1.07,0.14,4.25,425600,39.6,83.8,113.1
2021-04-14,35.47,1.2,0.18,1.34,425600,39.6,85.0,114.8
2021-04-15,36.27,1.38,0.16,3.1,426000,39.6,84.7,113.5
2021-04-16,30.07,1.14,0.18,0.81,426100,39.6,85.7,114.8
2021-04-19,25.31,1.09,0.18,0.34,426400,43.6,87.1,116.8
2021-04-20,26.78,1.1,0.2,0.63,426800,43.6,86.9,116.4
2021-04-21,28.93,1.38,0.25,1.16,427300,43.6,86.9,116.4
2021-04-22,27.79,1.38,0.29,1.16,427400,43.6,87.3,116.9
2021-04-23,33.21,1.7,0.25,2.06,427400,43.6,86.8,116.3
2021-04-26,34.6,2.06,0.24,2.9,427700,42.4,86.5,115.9
2021-04-27,38.46,2.35,0.24,5.07,428000,42.4,86.1,115.4
2021-04-28,38.33,2.35,0.2,4.71,428300,42.4,86.6,116.0
2021-04-29,39.42,2.57,0.29,4.6,428600,42.4,86.2,115.5
2021-04-30,43.47,3.37,0.54,8.29,428800,42.4,85.9,115.0
2021-05-06,42.11,3.24,0.51,5.85,429100,42.4,86.1,115.3
2021-05-07,43.42,3.35,0.6,7.57,429200,42.4,85.0,113.9
2021-05-10,42.51,3.17,0.45,8.78,429300,39.6,85.3,114.3
2021-05-11,41.84,2.93,0.47,3.06,429600,39.6,85.3,114.4
2021-05-12,39.58,2.81,0.49,2.1,429900,39.6,86.4,115.7
2021-05-13,41.52,2.63,0.53,3.55,430300,39.6,85.8,112.4
2021-05-14,37.81,2.53,0.53,0.98,430300,39.6,86.9,113.9
2021-05-17,41.66,2.84,0.62,2.9,430500,41.2,86.9,113.8
2021-05-18,40.94,2.73,0.62,2.99,430800,41.2,87.3,114.4
2021-05-19,41.21,2.82,0.6,4.13,430900,41.2,87.3,114.4
2021-05-20,43.13,2.93,0.67,5.92,431100,41.2,87.2,114.3
2021-05-21,43.13,3.01,0.72,4.24,431300,41.2,87.2,114.3
2021-05-24,41.34,2.86,0.62,3.33,431400,43.6,88.0,115.3
2021-05-25,38.87,2.66,0.58,1.54,431800,43.6,89.0,116.6
2021-05-26,36.39,2.39,0.56,0.96,432000,43.6,89.4,117.2
2021-05-27,35.05,2.21,0.49,0.72,432100,43.6,90.2,118.2
2021-05-28,36.77,2.48,0.51,2.19,432600,43.6,90.1,118.0
2021-05-31,34.58,2.21,0.43,2.23,432600,46.4,91.7,120.1
2021-06-01,32.23,2.01,0.27,1.29,432700,46.4,92.2,120.9
2021-06-02,34.08,2.25,0.33,2.53,432900,46.4,90.9,119.2
2021-06-03,33.79,2.32,0.34,2.7,433100,46.4,90.9,117.3
2021-06-04,34.64,2.7,0.31,3.55,433100,46.4,91.3,117.8
2021-06-07,32.99,2.64,0.31,3.19,433500,46.8,92.3,119.2
2021-06-08,33.1,2.88,0.43,3.13,433700,46.8,91.6,117.1
2021-06-09,32.66,2.97,0.47,2.99,433900,46.8,91.8,113.8
2021-06-10,31.98,2.9,0.49,3.6,434000,46.8,92.8,115.1
2021-06-11,34.42,2.99,0.45,4.83,434200,46.8,92.2,114.3
2021-06-15,38.51,3.39,0.56,9.29,434500,46.8,91.7,113.6
2021-06-16,41.99,3.77,0.76,9.81,434800,46.8,89.8,111.2
2021-06-17,41.26,3.62,0.67,8.62,435100,46.8,91.3,113.1
2021-06-18,39.76,3.33,0.58,5.78,435500,46.8,92.3,113.9
2021-06-21,37.39,3.11,0.58,4.71,435600,46.0,93.8,115.6
2021-06-22,35.42,3.01,0.47,1.99,435800,46.0,94.2,116.1
2021-06-23,34.66,2.99,0.45,2.32,436100,46.0,94.8,116.9
2021-06-24,36.12,3.26,0.43,3.66,436200,46.0,93.8,115.7
2021-06-25,35.74,2.99,0.42,2.39,436500,46.0,94.2,115.8
2021-06-28,35.13,2.84,0.34,2.92,436800,47.6,95.0,116.8
2021-06-29,38.93,3.04,0.38,7.13,436900,47.6,94.2,115.9
2021-06-30,37.82,2.48,0.33,5.65,437400,47.6,95.3,117.2
2021-07-01,42.84,2.55,0.4,7.77,437500,47.6,93.8,115.3
2021-07-02,44.5,2.61,0.38,12.08,437600,47.6,93.0,114.3
2021-07-05,41.57,2.44,0.38,5.9,437800,47.2,94.3,115.9
2021-07-06,41.25,2.25,0.36,3.78,438100,47.2,93.9,115.4
2021-07-07,40.07,1.88,0.31,3.3,438500,47.2,95.4,117.3
2021-07-08,42.19,2.01,0.31,10.19,438700,47.2,95.5,117.4
2021-07-09,40.16,1.77,0.31,5.18,439000,47.2,96.1,118.2
2021-07-12,37.39,1.5,0.24,2.73,439100,51.6,98.0,120.5
2021-07-13,36.03,1.5,0.25,2.14,439300,51.6,98.6,121.3
2021-07-14,37.99,1.59,0.29,5.54,439300,51.6,97.5,119.8
2021-07-15,40.7,1.74,0.31,9.58,439500,51.6,97.4,119.8
2021-07-16,40.99,1.99,0.34,9.45,439700,51.6,97.2,119.6
2021-07-19,41.7,2.08,0.31,11.44,439800,47.2,96.9,119.2
2021-07-20,41.64,2.05,0.4,8.37,440100,47.2,97.6,120.0
2021-07-21,39.15,1.76,0.4,4.58,439900,47.2,99.5,122.4
2021-07-22,38.48,1.63,0.36,5.16,440300,47.2,100.0,123.2
2021-07-23,41.14,2.19,0.36,13.18,440400,47.2,99.1,122.1
2021-07-26,44.38,2.9,0.45,20.28,440700,45.6,97.8,120.5
2021-07-27,48.16,3.75,0.51,22.51,440800,45.6,95.3,117.3
2021-07-28,55.31,4.36,0.51,26.63,441100,45.6,93.3,114.9
2021-07-29,50.9,3.08,0.43,6.43,441400,45.6,96.8,119.2
2021-07-30,48.71,3.1,0.36,8.11,441700,45.6,97.5,120.1
2021-08-02,44.98,2.14,0.34,1.52,441900,50.4,99.4,122.4
2021-08-03,44.31,2.35,0.34,1.52,442000,50.4,98.2,120.9
2021-08-04,42.97,1.9,0.31,2.35,442300,50.4,100.0,123.7
2021-08-05,44.22,2.48,0.25,4.35,442700,50.4,99.6,123.2
2021-08-06,44.49,2.59,0.27,6.07,442800,50.4,100.0,123.8
2021-08-09,42.4,1.81,0.2,0.47,442800,52.0,100.0,124.2
2021-08-10,40.25,1.34,0.11,0.24,442900,52.0,100.0,124.9
2021-08-11,39.25,1.18,0.05,0.58,443200,52.0,100.0,125.8
2021-08-12,38.67,1.05,0.02,0.91,443500,52.0,100.0,126.7
2021-08-13,38.75,1.14,0.02,1.61,443800,52.0,99.8,126.4
2021-08-16,37.53,0.83,0.02,0.98,444100,55.2,98.8,125.2
2021-08-17,43.47,1.54,0.11,5.23,444300,55.2,96.1,121.7
2021-08-18,40.85,1.43,0.13,2.79,444500,55.2,96.7,122.5
2021-08-19,42.15,1.34,0.11,3.53,444700,55.2,97.5,123.5
2021-08-20,44.03,1.34,0.11,7.53,444800,55.2,97.5,123.5
2021-08-23,38.4,0.94,0.09,1.32,445000,56.8,99.9,126.6
2021-08-24,37.08,0.81,0.09,1.59,445300,56.8,100.0,127.6
2021-08-25,35.34,0.78,0.11,1.34,445300,56.8,100.0,128.5
2021-08-26,36.76,1.14,0.11,4.13,445400,56.8,98.7,126.9
2021-08-27,37.99,1.45,0.13,5.69,445500,56.8,98.8,127.0
2021-08-30,38.06,1.52,0.14,6.84,445500,59.2,99.5,127.8
2021-08-31,38.04,1.86,0.14,6.46,445600,59.2,99.5,127.8
2021-09-01,37.79,2.21,0.14,2.55,445800,59.2,97.9,125.8
2021-09-02,35.83,2.1,0.14,3.75,445800,59.2,99.0,127.2
2021-09-03,34.0,2.05,0.13,1.48,445800,59.2,98.2,126.2
2021-09-06,31.25,1.5,0.11,0.25,446100,62.8,99.6,128.0
2021-09-07,28.93,1.27,0.09,0.34,446300,62.8,100.0,130.3
2021-09-08,25.82,1.14,0.07,0.45,446500,62.8,100.0,130.6
2021-09-09,26.74,1.36,0.05,0.72,446900,62.8,100.0,130.7
2021-09-10,28.08,1.14,0.04,1.05,447000,62.8,100.0,131.2
2021-09-13,28.43,1.18,0.04,1.92,447300,65.2,100.0,131.5
2021-09-14,32.54,1.14,0.02,2.1,447600,65.2,99.6,131.0
2021-09-15,31.9,1.18,0.02,3.31,447700,65.2,100.0,131.9
2021-09-16,35.45,1.72,0.05,5.43,448000,65.2,97.3,128.3
2021-09-17,38.22,2.19,0.09,4.85,448200,65.2,97.0,127.9
2021-09-22,39.2,2.19,0.07,5.87,448400,65.2,97.5,128.5
2021-09-23,36.27,1.72,0.04,1.43,448500,65.2,97.9,129.1
2021-09-24,40.85,2.28,0.04,4.94,448700,65.2,96.5,127.3
2021-09-27,50.53,4.38,0.02,10.79,448800,56.8,93.7,123.5
2021-09-28,50.23,3.91,0.04,7.06,449000,56.8,93.7,123.5
2021-09-29,57.47,7.21,0.24,18.27,449300,56.8,90.3,119.1
2021-09-30,53.09,4.45,0.14,1.79,449500,56.8,92.9,122.5
2021-10-08,47.17,4.54,0.16,0.8,449500,56.8,93.1,122.8
2021-10-11,47.44,4.45,0.2,1.09,449600,58.8,92.6,122.2
2021-10-12,52.45,6.57,0.29,4.67,449600,58.8,90.4,119.2
2021-10-13,52.0,6.46,0.18,1.45,449700,58.8,91.4,120.6
2021-10-14,50.55,5.4,0.14,1.3,449800,58.8,92.1,121.5
2021-10-15,54.21,5.56,0.16,4.15,450000,58.8,92.2,121.6
2021-10-18,52.09,4.25,0.14,3.86,450300,57.6,93.2,122.9
2021-10-19,51.44,3.69,0.14,2.57,450600,57.6,94.1,124.1
2021-10-20,52.85,3.26,0.14,4.92,450900,57.6,94.4,124.5
2021-10-21,53.81,3.02,0.11,7.98,451200,57.6,94.1,124.1
2021-10-22,56.2,3.75,0.07,9.09,451200,57.6,93.3,123.0
2021-10-25,55.62,2.52,0.05,7.68,451500,54.4,94.5,124.6
2021-10-26,56.65,2.79,0.05,9.81,451800,54.4,94.2,124.2
2021-10-27,59.82,3.26,0.07,22.07,452300,54.4,93.2,123.0
2021-10-28,63.15,3.31,0.07,25.31,452500,54.4,91.2,120.2
2021-10-29,61.07,1.92,0.05,4.0,452600,54.4,92.6,122.2
2021-11-01,58.27,1.81,0.05,3.02,452800,47.2,93.5,123.3
2021-11-02,59.59,2.19,0.05,13.53,453000,47.2,92.4,121.9
2021-11-03,59.04,1.81,0.04,3.48,453100,47.2,92.6,122.2
2021-11-04,55.91,1.48,0.04,2.72,453100,47.2,93.9,123.8
2021-11-05,55.95,1.94,0.05,6.46,453100,47.2,92.7,122.2
2021-11-08,55.73,1.48,0.04,3.39,453100,51.2,93.1,122.8
2021-11-09,52.54,1.18,0.02,1.81,453100,51.2,94.5,124.6
2021-11-10,50.73,1.18,0.02,2.1,453400,51.2,94.5,124.6
2021-11-11,48.0,1.0,0.02,0.54,453600,51.2,95.3,125.6
2021-11-12,45.57,0.94,0.02,1.3,453900,51.2,96.6,127.3
2021-11-15,40.96,1.12,0.04,1.2,454100,60.4,96.3,127.0
2021-11-16,43.49,1.56,0.0,2.14,454400,60.4,95.2,125.5
2021-11-17,39.16,1.07,0.0,0.42,454600,60.4,96.9,127.8
2021-11-18,41.79,0.74,0.0,0.96,454900,60.4,96.8,127.6
2021-11-19,38.13,0.53,0.0,0.31,455000,60.4,97.9,129.1
2021-11-22,36.09,0.42,0.0,0.43,455300,63.6,99.7,131.5
2021-11-23,35.07,0.38,0.0,0.45,455300,63.6,99.6,131.4
2021-11-24,33.66,0.31,0.0,0.38,455400,63.6,99.6,131.3
2021-11-25,32.61,0.27,0.0,0.43,455400,63.6,99.4,131.1
2021-11-26,34.64,0.29,0.0,1.03,455700,63.6,99.6,131.4
2021-11-29,37.15,0.2,0.0,2.1,455800,65.2,100.0,132.3
2021-11-30,32.81,0.18,0.0,1.16,455900,65.2,100.0,133.2
2021-12-01,28.28,0.22,0.0,0.49,456100,65.2,100.0,133.3
2021-12-02,32.32,0.33,0.0,0.96,456200,65.2,98.9,131.8
2021-12-03,30.49,0.4,0.02,0.58,456300,65.2,99.6,132.7
2021-12-06,39.22,0.42,0.02,1.12,456600,64.4,98.1,130.8
2021-12-07,42.02,0.62,0.02,1.12,456900,64.4,96.6,128.7
2021-12-08,37.24,0.49,0.02,0.29,457000,64.4,98.3,131.1
2021-12-09,32.9,0.43,0.02,0.24,457100,64.4,98.5,131.2
2021-12-10,31.43,0.36,0.02,0.18,457400,64.4,98.7,131.5
2021-12-13,30.11,0.38,0.02,0.25,457400,68.4,99.1,132.1
2021-12-14,27.68,0.22,0.02,0.33,457500,68.4,99.1,132.0
2021-12-15,26.36,0.18,0.0,0.6,457900,68.4,98.8,131.6
2021-12-16,22.76,0.36,0.0,0.47,458100,68.4,99.4,132.4
2021-12-17,25.82,0.65,0.0,1.21,458200,68.4,98.0,130.6
2021-12-20,30.4,0.94,0.0,2.34,458400,69.6,96.2,128.2
2021-12-21,25.13,0.65,0.0,0.65,458400,69.6,97.4,129.8
2021-12-22,23.23,0.62,0.0,0.56,458800,69.6,98.4,131.2
2021-12-23,25.4,0.72,0.02,1.34,459100,69.6,98.5,131.2
2021-12-24,32.52,1.68,0.04,3.06,459500,69.6,96.5,128.6
2021-12-27,30.44,1.43,0.02,2.15,459600,69.6,96.5,128.6
2021-12-28,28.05,1.03,0.04,0.65,460000,69.6,97.6,130.1
2021-12-29,28.9,1.21,0.02,1.07,460000,69.6,97.5,129.9
2021-12-30,26.43,1.05,0.02,0.78,460300,69.6,98.4,131.1
2021-12-31,24.32,0.89,0.04,0.69,460400,69.6,99.4,132.5
2022-01-04,21.8,0.91,0.04,0.85,460400,69.6,99.1,132.1
2022-01-05,26.31,1.45,0.04,2.59,460500,69.6,96.6,128.7
2022-01-06,24.55,1.09,0.05,1.56,460600,69.6,97.4,129.8
2022-01-07,28.9,2.05,0.07,4.42,460800,69.6,95.4,127.1
2022-01-10,27.25,1.79,0.11,2.9,460800,72.8,96.0,127.9
2022-01-11,28.39,2.17,0.11,4.0,461100,72.8,94.9,126.5
2022-01-12,25.73,1.52,0.09,0.56,461300,72.8,96.6,128.7
2022-01-13,28.66,1.97,0.11,3.49,461400,72.8,94.9,126.5
2022-01-14,32.92,1.81,0.13,3.82,461500,72.8,95.3,127.0
2022-01-17,29.49,1.32,0.09,1.67,461800,74.4,96.9,129.2
2022-01-18,33.04,1.56,0.11,2.93,462000,74.4,96.3,128.3
2022-01-19,33.26,1.77,0.07,4.71,462000,74.4,95.2,126.8
2022-01-20,41.39,3.04,0.18,9.43,462100,74.4,93.0,123.9
2022-01-21,46.15,3.3,0.29,10.77,462200,74.4,91.7,122.2
2022-01-24,49.86,3.15,0.25,8.31,462300,64.8,92.2,122.8
2022-01-25,65.25,5.79,0.33,24.91,462500,64.8,88.5,118.0
2022-01-26,63.46,5.41,0.42,9.07,462700,64.8,89.0,118.6
2022-01-27,70.69,9.0,0.65,33.75,463000,64.8,86.4,115.1
2022-01-28,68.28,7.77,0.63,9.83,463300,64.8,86.6,115.3
2022-02-07,64.66,6.83,0.62,5.61,463300,57.2,87.7,116.8
2022-02-08,58.95,5.43,0.49,4.73,463300,57.2,87.9,117.1
2022-02-09,55.35,4.06,0.34,1.77,463400,57.2,89.5,119.3
2022-02-10,55.6,4.36,0.31,5.07,463600,57.2,89.1,118.7
2022-02-11,60.37,6.57,0.67,11.48,463600,57.2,87.3,116.4
2022-02-14,60.78,6.3,0.54,8.64,463600,58.0,87.0,115.9
2022-02-15,61.07,5.2,0.54,2.37,463700,58.0,88.4,117.9
2022-02-16,57.56,4.45,0.38,0.72,464000,58.0,89.2,118.8
2022-02-17,58.75,4.58,0.38,2.35,464000,58.0,89.6,119.4
2022-02-18,56.27,4.0,0.22,1.56,464200,58.0,90.0,120.0
2022-02-21,52.78,2.26,0.05,1.2,464300,65.6,91.0,121.3
2022-02-22,55.24,2.61,0.09,5.07,464500,65.6,90.4,120.4
2022-02-23,52.69,1.39,0.04,0.38,464600,65.6,92.5,122.6
2022-02-24,59.51,1.79,0.04,7.06,464600,65.6,90.4,119.9
2022-02-25,57.07,1.32,0.04,1.74,464600,65.6,91.4,121.1
2022-02-28,56.73,1.03,0.02,4.07,464800,62.8,92.1,122.1
2022-03-01,53.88,0.69,0.02,1.36,464800,62.8,92.2,122.2
2022-03-02,52.04,0.54,0.02,2.35,464800,62.8,92.0,122.0
2022-03-03,51.42,0.6,0.04,5.2,464800,62.8,91.1,120.8
2022-03-04,54.84,0.69,0.04,8.06,464800,62.8,89.9,119.1
2022-03-07,58.03,1.03,0.04,16.26,465000,59.2,88.0,116.6
2022-03-08,66.99,1.99,0.04,28.82,465100,59.2,85.3,113.0
2022-03-09,69.51,2.12,0.04,34.75,465200,59.2,84.4,111.8
2022-03-10,65.45,1.58,0.04,6.28,465300,59.2,86.3,114.4
2022-03-11,64.13,1.3,0.02,4.11,465500,59.2,86.8,115.0
2022-03-14,69.27,2.52,0.02,26.2,465700,48.4,84.4,111.9
2022-03-15,74.85,7.55,0.09,52.91,466000,48.4,80.4,106.5
2022-03-16,71.54,3.64,0.05,2.44,466100,48.4,83.1,110.1
2022-03-17,69.4,2.15,0.04,0.56,466300,48.4,84.6,112.2
2022-03-18,66.65,2.01,0.04,0.65,466600,48.4,85.4,113.2
2022-03-21,63.46,1.47,0.04,0.34,466600,55.2,86.3,112.6
2022-03-22,63.14,1.47,0.04,1.05,467100,55.2,85.9,112.1
2022-03-23,62.16,1.29,0.04,0.72,467300,55.2,86.5,112.8
2022-03-24,63.5,1.76,0.02,2.68,467400,55.2,85.7,111.5
2022-03-25,64.01,2.1,0.0,4.69,467600,55.2,84.7,110.2
2022-03-28,64.37,2.63,0.02,7.24,467700,53.2,84.0,109.3
2022-03-29,64.91,3.46,0.07,11.99,468000,53.2,83.5,108.6
2022-03-30,62.79,2.01,0.09,0.87,468100,53.2,85.2,110.9
2022-03-31,62.07,1.86,0.11,4.82,468200,53.2,84.1,109.4
2022-04-01,62.63,2.19,0.16,6.28,468300,53.2,84.1,109.4
2022-04-06,58.99,1.81,0.09,5.78,468400,53.2,84.0,109.3
2022-04-07,63.35,2.63,0.09,15.5,468600,53.2,82.2,106.3
2022-04-08,63.72,3.24,0.16,19.21,468700,53.2,81.6,105.5
2022-04-11,66.9,5.11,0.27,33.15,468800,41.2,78.6,101.6
2022-04-12,64.31,3.69,0.27,4.94,469100,41.2,79.6,102.9
2022-04-13,67.43,5.85,0.34,22.04,469300,41.2,78.0,100.9
2022-04-14,65.54,5.54,0.33,8.56,469300,41.2,78.9,102.1
2022-04-15,68.39,7.28,0.36,24.99,469400,41.2,77.9,100.7
2022-04-18,68.28,6.1,0.36,7.91,469400,39.6,78.5,101.5
2022-04-19,66.3,6.12,0.43,6.08,469900,39.6,78.8,101.8
2022-04-20,68.02,6.83,0.51,14.1,470200,39.6,77.4,100.0
2022-04-21,73.85,11.9,0.83,39.6,470500,39.6,74.2,100.0
2022-04-22,73.76,12.53,1.05,34.82,470900,39.6,73.1,100.0
2022-04-25,79.59,30.0,2.35,60.87,471000,10.0,67.4,100.0
2022-04-26,80.1,40.67,3.08,60.56,471100,10.0,65.4,100.0
2022-04-27,79.36,29.77,2.03,8.51,471100,10.0,68.8,105.2
2022-04-28,79.41,36.19,3.08,26.56,471100,10.0,68.2,104.3
2022-04-29,77.42,21.26,1.74,1.81,471500,10.0,71.2,108.9
2022-05-05,75.43,17.06,1.36,2.03,471500,10.0,72.5,110.8
2022-05-06,76.3,18.69,1.36,5.2,471600,10.0,71.6,109.5
2022-05-09,75.32,11.73,1.36,2.23,471600,17.2,72.5,110.9
2022-05-10,73.29,8.15,1.25,1.67,471600,17.2,73.9,113.0
2022-05-11,72.84,6.9,1.25,1.45,471600,17.2,74.5,114.0
2022-05-12,71.86,6.17,1.27,1.99,471800,17.2,74.9,114.6
2022-05-13,70.4,4.83,1.2,1.41,471800,17.2,75.4,115.3
2022-05-16,69.62,4.25,1.12,1.23,471800,27.2,75.5,115.5
2022-05-17,69.35,3.97,1.05,1.56,471900,27.2,76.0,116.2
2022-05-18,68.51,3.86,0.96,1.2,472000,27.2,76.1,116.4
2022-05-19,67.41,3.53,0.85,1.38,472000,27.2,76.7,117.3
2022-05-20,64.75,3.08,0.81,0.87,472300,27.2,77.8,118.9
2022-05-23,62.01,2.5,0.63,0.83,472200,33.2,78.7,120.4
2022-05-24,69.11,2.97,0.67,2.97,472100,33.2,75.5,115.5
2022-05-25,65.49,2.72,0.54,1.29,472200,33.2,76.8,117.5
2022-05-26,63.53,2.88,0.65,1.68,472400,33.2,77.3,118.2
2022-05-27,63.01,2.97,0.69,1.81,472500,33.2,77.1,117.9
2022-05-30,59.41,3.04,0.69,1.59,472500,30.4,78.0,119.3
2022-05-31,55.69,3.3,0.63,1.39,472500,30.4,78.9,120.6
2022-06-01,52.15,3.49,0.74,1.32,472500,30.4,79.1,121.0
2022-06-02,47.91,3.8,0.85,1.86,472500,30.4,80.0,122.3
2022-06-06,41.55,3.57,0.85,0.98,473000,38.0,82.0,125.4
2022-06-07,43.0,3.62,0.92,0.92,473000,38.0,81.9,125.3
2022-06-08,43.87,4.22,1.01,1.58,473400,38.0,82.0,125.5
2022-06-09,51.17,4.74,1.1,2.9,473400,38.0,80.6,123.2
2022-06-10,44.94,4.58,1.14,1.3,473400,38.0,82.3,125.8
2022-06-13,44.4,4.44,1.16,1.59,473400,36.0,82.9,126.7
2022-06-14,43.83,4.42,1.16,1.68,473300,36.0,82.7,126.6
2022-06-15,43.56,4.65,1.16,1.2,473300,36.0,82.6,126.3
2022-06-16,41.06,4.62,1.12,0.94,473300,36.0,83.1,127.2
2022-06-17,40.07,4.33,1.05,1.32,473300,36.0,84.1,128.6
2022-06-20,35.85,4.06,1.01,0.78,473300,40.0,85.0,130.0
2022-06-21,35.87,4.16,0.92,1.36,473000,40.0,84.2,128.7
2022-06-22,43.13,4.2,0.91,2.26,472800,40.0,83.1,127.1
2022-06-23,35.25,3.73,0.76,0.89,472700,40.0,85.0,130.0
2022-06-24,31.49,3.48,0.69,0.87,472900,40.0,86.0,131.6
2022-06-27,28.55,3.06,0.6,0.63,472500,43.6,86.9,133.0
2022-06-28,23.81,2.77,0.49,0.43,472200,43.6,87.9,134.4
2022-06-29,28.92,2.99,0.53,1.14,472200,43.6,85.7,131.0
2022-06-30,26.49,2.53,0.43,0.81,472000,43.6,86.8,132.8
2022-07-01,26.67,2.59,0.45,0.85,472200,43.6,86.8,132.8
2022-07-04,24.88,2.3,0.33,0.87,471900,44.0,87.8,134.4
2022-07-05,27.63,2.46,0.4,1.32,472100,44.0,87.3,133.6
2022-07-06,32.39,2.39,0.36,2.32,472300,44.0,86.3,132.0
2022-07-07,30.69,2.3,0.29,2.08,472300,44.0,87.4,133.7
2022-07-08,28.25,2.17,0.29,1.29,472600,44.0,86.9,132.9
2022-07-11,31.98,2.14,0.31,2.5,472700,40.4,85.6,130.9
2022-07-12,39.49,2.28,0.4,3.3,472800,40.4,84.2,128.7
2022-07-13,34.51,2.06,0.31,1.38,472800,40.4,84.8,129.8
2022-07-14,33.32,1.88,0.25,1.99,472800,40.4,85.9,131.4
2022-07-15,42.08,2.26,0.31,6.46,473100,40.4,85.1,130.1
2022-07-18,32.07,1.58,0.22,0.51,473100,44.4,86.3,132.0
2022-07-19,27.59,1.36,0.22,0.4,473100,44.4,87.0,133.1
2022-07-20,24.62,1.2,0.16,0.2,473100,44.4,88.3,135.0
2022-07-21,26.36,1.23,0.18,0.87,473100,44.4,87.8,134.3
2022-07-22,28.32,1.34,0.25,1.61,473300,44.4,87.3,133.6
2022-07-25,31.09,1.41,0.27,1.61,473500,45.6,86.3,131.9
2022-07-26,28.5,1.2,0.2,0.58,473600,45.6,87.2,133.4
2022-07-27,27.92,1.18,0.14,0.91,473700,45.6,88.1,134.8
2022-07-28,26.43,1.12,0.13,0.8,473800,45.6,88.8,135.8
2022-07-29,30.24,1.1,0.14,2.7,474100,45.6,88.4,135.1
2022-08-01,29.82,0.81,0.09,2.95,474200,52.0,89.1,136.3
2022-08-02,45.74,1.25,0.11,14.85,474400,52.0,86.4,132.1
2022-08-03,46.08,1.47,0.09,13.78,474400,52.0,85.9,131.3
2022-08-04,41.84,1.09,0.07,1.61,474500,52.0,86.4,132.2
2022-08-05,37.61,1.1,0.07,0.4,475000,52.0,88.0,134.6
2022-08-08,34.96,0.85,0.02,0.31,475300,52.8,89.1,136.3
2022-08-09,34.84,0.85,0.02,0.47,475400,52.8,89.5,136.9
2022-08-10,35.14,0.69,0.04,1.63,475600,52.8,89.5,136.9
2022-08-11,30.44,0.65,0.02,0.11,475800,52.8,90.5,138.5
2022-08-12,30.51,0.65,0.0,0.24,476000,52.8,89.7,137.3
2022-08-15,30.69,0.65,0.02,0.24,476100,60.8,90.4,138.3
2022-08-16,29.44,0.56,0.02,0.22,476300,60.8,90.9,139.1
2022-08-17,28.68,0.42,0.02,0.36,476500,60.8,91.0,139.2
2022-08-18,31.25,0.45,0.0,0.91,477100,60.8,91.3,139.6
2022-08-19,33.71,0.65,0.02,1.72,477400,60.8,89.8,137.4
2022-08-22,31.88,0.71,0.0,0.63,477500,63.2,90.5,138.4
2022-08-23,32.12,0.69,0.0,2.12,477600,63.2,90.7,138.7
2022-08-24,43.85,1.12,0.02,7.04,477600,63.2,87.4,133.7
2022-08-25,46.3,1.54,0.02,5.23,477900,63.2,87.1,133.2
2022-08-26,48.05,2.08,0.02,5.9,478100,63.2,86.6,132.5
2022-08-29,44.69,1.67,0.04,4.36,478300,59.2,87.2,133.3
2022-08-30,45.17,2.05,0.04,3.42,478300,59.2,86.6,132.5
2022-08-31,57.25,4.56,0.11,10.77,478800,59.2,83.8,128.2
2022-09-01,58.72,5.5,0.09,12.08,478800,59.2,83.4,127.5
2022-09-02,53.52,3.87,0.05,3.33,479100,59.2,84.1,128.7
2022-09-05,51.4,4.02,0.04,5.2,479200,54.4,84.3,128.9
2022-09-06,47.2,2.61,0.02,1.45,479200,54.4,85.9,131.4
2022-09-07,46.48,1.88,0.04,2.5,479200,54.4,86.4,132.2
2022-09-08,49.86,2.59,0.05,6.32,479500,54.4,85.6,131.0
2022-09-09,49.92,2.82,0.02,2.82,480000,54.4,85.8,131.3
2022-09-13,49.7,2.77,0.02,2.06,480200,54.4,85.7,131.1
2022-09-14,53.65,3.15,0.02,6.45,480300,54.4,84.8,129.7
2022-09-15,61.25,6.46,0.09,19.83,480400,54.4,82.2,125.7
2022-09-16,69.04,6.39,0.05,32.25,480400,54.4,80.5,123.1
2022-09-19,71.37,6.81,0.05,34.53,480900,40.8,79.4,121.5
2022-09-20,69.11,4.06,0.02,5.36,481000,40.8,80.5,123.1
2022-09-21,68.21,2.21,0.04,5.25,481400,40.8,80.4,123.1
2022-09-22,69.04,1.76,0.04,11.17,481500,40.8,80.5,123.2
2022-09-23,71.88,2.48,0.05,29.6,481600,40.8,79.0,120.8
2022-09-26,75.0,2.75,0.09,42.82,482000,34.0,78.0,119.3
2022-09-27,71.95,1.61,0.07,1.32,482200,34.0,79.6,121.7
2022-09-28,75.12,2.43,0.13,28.99,482400,34.0,77.1,117.9
2022-09-29,75.68,2.92,0.11,31.16,482700,34.0,77.3,118.3
2022-09-30,77.26,4.27,0.16,37.12,483000,34.0,76.0,116.3
2022-10-10,78.24,6.64,0.2,48.07,483100,28.0,74.3,113.6
2022-10-11,77.86,6.28,0.18,18.32,483300,28.0,74.7,114.3
2022-10-12,75.61,3.62,0.14,1.27,483500,28.0,76.9,117.6
2022-10-13,74.25,3.2,0.14,2.01,483700,28.0,77.6,118.7
2022-10-14,69.74,1.9,0.13,0.14,483700,28.0,79.5,121.6
2022-10-17,66.5,1.61,0.09,0.38,483700,47.2,80.3,122.9
2022-10-18,64.77,1.43,0.11,0.6,483900,47.2,80.8,123.6
2022-10-19,66.47,1.38,0.13,1.77,484300,47.2,80.2,122.7
2022-10-20,66.94,1.2,0.05,3.15,484300,47.2,79.8,122.1
2022-10-21,66.18,1.34,0.05,4.25,484300,47.2,79.8,122.1
2022-10-24,69.24,1.68,0.07,10.25,484300,42.4,79.2,121.1
2022-10-25,69.87,1.68,0.09,9.7,484600,42.4,78.9,120.7
2022-10-26,64.35,1.36,0.05,2.84,485000,42.4,80.6,123.3
2022-10-27,63.19,1.5,0.11,3.97,485000,42.4,80.2,122.7
2022-10-28,70.6,2.34,0.13,21.49,485100,42.4,77.5,118.5
2022-10-31,66.83,2.39,0.14,12.78,485400,32.0,78.1,119.5
2022-11-01,61.36,1.48,0.09,0.69,485700,32.0,79.9,122.3
2022-11-02,57.41,1.0,0.04,0.36,485700,32.0,81.0,123.9
2022-11-03,55.97,0.87,0.05,0.81,485700,32.0,81.5,124.7
2022-11-04,50.84,0.54,0.02,0.05,485700,32.0,83.3,127.4
2022-11-07,47.18,0.51,0.02,0.11,485900,48.4,83.3,127.5
2022-11-08,47.4,0.42,0.0,0.13,486000,48.4,83.1,127.1
2022-11-09,47.02,0.47,0.0,0.22,486200,48.4,82.9,126.8
2022-11-10,48.71,0.47,0.0,0.43,486300,48.4,82.0,125.4
2022-11-11,44.65,0.42,0.0,0.29,486400,48.4,82.5,126.1
2022-11-14,44.89,0.47,0.0,0.63,486500,46.8,81.9,125.3
2022-11-15,34.94,0.31,0.0,0.05,486500,46.8,83.8,128.2
2022-11-16,33.75,0.27,0.0,0.33,486900,46.8,83.2,127.3
2022-11-17,31.32,0.22,0.0,0.51,486900,46.8,83.3,127.5
2022-11-18,35.18,0.27,0.0,0.72,487200,46.8,82.7,126.4
2022-11-21,35.0,0.27,0.0,0.36,487300,53.2,83.0,127.0
2022-11-22,38.1,0.36,0.04,1.01,487500,53.2,81.7,125.0
2022-11-23,41.26,0.51,0.02,0.85,487500,53.2,81.5,124.7
2022-11-24,38.53,0.38,0.05,0.4,487500,53.2,81.8,125.1
2022-11-25,41.44,0.47,0.05,1.67,487600,53.2,80.8,123.7
2022-11-28,44.43,0.53,0.05,2.12,487600,43.6,80.6,123.3
2022-11-29,33.51,0.58,0.05,0.89,487600,43.6,81.9,125.2
2022-11-30,33.73,0.49,0.05,0.69,487800,43.6,81.8,125.1
2022-12-01,29.75,0.4,0.05,0.16,487900,43.6,82.7,126.4
2022-12-02,26.89,0.43,0.05,0.31,488000,43.6,82.9,126.8
2022-12-05,23.28,0.51,0.05,0.63,488100,54.4,83.3,127.5
2022-12-06,24.77,0.67,0.05,0.43,488100,54.4,83.2,127.3
2022-12-07,25.2,0.56,0.04,0.56,488100,54.4,83.2,127.3
2022-12-08,27.18,0.58,0.04,1.1,488400,54.4,82.7,126.5
2022-12-09,28.5,0.56,0.04,1.14,488600,54.4,82.9,126.8
2022-12-12,31.32,0.51,0.04,1.09,488800,53.6,82.9,126.4
2022-12-13,33.39,0.6,0.05,2.28,488800,53.6,82.2,125.2
2022-12-14,34.84,0.69,0.05,2.26,488800,53.6,82.0,124.7
2022-12-15,32.36,0.53,0.05,0.71,489000,53.6,82.4,125.3
2022-12-16,39.51,0.74,0.05,3.91,489200,53.6,81.4,123.8
2022-12-19,52.58,0.81,0.05,6.95,489200,40.8,79.8,121.3
2022-12-20,54.9,0.83,0.04,3.35,489200,40.8,79.2,120.4
2022-12-21,57.74,1.18,0.02,8.55,489300,40.8,78.5,119.4
2022-12-22,62.38,1.48,0.04,14.74,489400,40.8,77.2,117.5
2022-12-23,64.26,1.76,0.04,12.28,489600,40.8,76.9,117.0
2022-12-26,60.96,1.39,0.09,0.89,489800,38.4,78.3,119.2
2022-12-27,58.97,1.67,0.09,0.83,490000,38.4,79.0,120.1
2022-12-28,62.72,1.97,0.11,5.18,490300,38.4,78.3,119.0
2022-12-29,64.71,1.85,0.13,7.97,490300,38.4,78.2,118.9
2022-12-30,62.85,2.03,0.11,3.17,490600,38.4,78.4,119.3
2023-01-03,55.5,1.1,0.11,0.22,490600,38.4,80.2,122.0
2023-01-04,52.31,1.21,0.11,0.92,490600,38.4,80.2,121.9
2023-01-05,50.5,1.03,0.13,0.34,490600,38.4,81.0,123.1
2023-01-06,51.48,1.1,0.16,0.42,490700,38.4,81.1,123.4
2023-01-09,49.07,1.05,0.14,0.45,490700,48.0,81.6,124.1
2023-01-10,50.53,1.03,0.16,0.81,490700,48.0,81.6,124.2
2023-01-11,55.19,0.76,0.13,1.86,490700,48.0,81.0,123.2
2023-01-12,55.28,0.96,0.14,1.86,490700,48.0,81.3,123.2
2023-01-13,53.52,0.92,0.14,1.14,490700,48.0,83.1,123.8
2023-01-16,47.4,0.6,0.11,0.53,490700,50.8,84.0,125.2
2023-01-17,48.05,0.63,0.11,1.01,490700,50.8,84.5,125.3
2023-01-18,44.4,0.63,0.09,0.53,490800,50.8,84.7,125.6
2023-01-19,39.91,0.69,0.07,0.65,491000,50.8,85.5,126.8
2023-01-20,33.28,0.53,0.07,0.31,491000,50.8,86.3,127.9
2023-01-30,23.27,0.42,0.05,0.25,491100,58.0,86.9,128.9
2023-01-31,22.54,0.42,0.05,0.47,491200,58.0,87.2,129.2
2023-02-01,15.5,0.36,0.04,0.22,491300,58.0,88.6,131.3
2023-02-02,14.76,0.38,0.04,0.29,491300,58.0,89.4,131.6
2023-02-03,16.71,0.4,0.04,0.34,491300,58.0,90.3,131.5
2023-02-06,19.01,0.43,0.05,0.45,491300,68.8,92.0,130.9
2023-02-07,16.6,0.36,0.05,0.45,491300,68.8,92.9,131.5
2023-02-08,19.01,0.33,0.07,0.45,491500,68.8,92.3,130.6
2023-02-09,15.34,0.34,0.07,0.29,491700,68.8,93.9,132.9
2023-02-10,15.19,0.33,0.09,0.34,491800,68.8,93.6,132.4
2023-02-13,12.58,0.27,0.09,0.2,491800,72.8,94.7,133.9
2023-02-14,12.53,0.25,0.07,0.36,491900,72.8,94.8,134.1
2023-02-15,13.91,0.18,0.05,0.42,491800,72.8,94.8,134.1
2023-02-16,22.89,0.18,0.05,1.0,492100,72.8,93.0,131.5
2023-02-17,24.57,0.25,0.05,1.27,492200,72.8,92.2,130.4
2023-02-20,19.59,0.2,0.05,1.1,492300,70.8,93.4,132.1
2023-02-21,17.76,0.22,0.05,0.54,492400,70.8,93.8,132.7
2023-02-22,17.87,0.24,0.04,0.58,492500,70.8,93.9,132.9
2023-02-23,18.94,0.18,0.07,0.51,492500,70.8,93.5,132.3
2023-02-24,21.37,0.24,0.09,0.83,492500,70.8,93.2,131.9
2023-02-27,26.49,0.25,0.09,1.9,492600,70.4,92.5,130.9
2023-02-28,21.55,0.2,0.05,0.49,492600,70.4,93.4,132.1
2023-03-01,18.9,0.14,0.04,0.6,492800,70.4,94.0,133.0
2023-03-02,21.62,0.16,0.04,1.67,492800,70.4,93.6,132.4
2023-03-03,21.2,0.2,0.04,1.16,493000,70.4,93.5,132.3
2023-03-06,20.62,0.13,0.04,1.01,493100,72.8,94.2,132.9
2023-03-07,31.98,0.29,0.02,3.55,493200,72.8,92.3,130.2
2023-03-08,28.73,0.16,0.02,1.77,493300,72.8,92.8,130.9
2023-03-09,28.77,0.09,0.02,2.43,493500,72.8,92.8,130.9
2023-03-10,36.36,0.24,0.02,5.79,493600,72.8,91.7,129.1
2023-03-13,38.11,0.22,0.02,5.31,493800,69.6,92.9,129.7
2023-03-14,46.06,0.42,0.04,8.62,493800,69.6,92.1,128.5
2023-03-15,39.49,0.29,0.04,2.61,493900,69.6,92.5,129.2
2023-03-16,48.61,0.33,0.04,9.54,494000,69.6,91.0,127.0
2023-03-17,45.99,0.42,0.04,6.3,494000,69.6,91.6,127.9
2023-03-20,47.75,0.53,0.02,8.46,494200,63.6,91.4,127.6
2023-03-21,41.1,0.4,0.02,0.8,494400,63.6,92.6,129.3
2023-03-22,38.91,0.51,0.02,1.12,494400,63.6,93.0,129.9
2023-03-23,40.0,0.51,0.04,2.93,494400,63.6,93.4,130.4
2023-03-24,41.01,0.47,0.05,3.4,494400,63.6,93.4,130.4
2023-03-27,42.51,0.45,0.05,5.18,494300,72.0,93.7,130.8
2023-03-28,45.79,0.6,0.05,7.46,494400,72.0,92.8,129.6
2023-03-29,49.12,0.56,0.07,10.54,494700,72.0,92.6,129.2
2023-03-30,50.86,0.67,0.05,8.87,494700,72.0,92.6,129.3
2023-03-31,49.01,0.62,0.07,2.61,494800,72.0,93.5,130.6
2023-04-03,46.55,0.6,0.09,2.68,494800,72.8,94.7,132.2
2023-04-04,50.7,0.67,0.11,11.17,495200,72.8,94.6,132.0
2023-04-06,51.89,0.72,0.13,11.14,495200,72.8,95.0,132.6
2023-04-07,48.76,0.69,0.14,2.55,495300,72.8,95.8,133.7
2023-04-10,52.51,0.78,0.18,11.46,496300,68.4,94.8,132.3
2023-04-11,52.62,0.78,0.16,9.83,496300,68.4,95.0,132.6
2023-04-12,50.95,0.71,0.16,6.66,496300,68.4,95.5,133.3
2023-04-13,52.24,0.69,0.16,9.67,496300,68.4,94.8,132.3
2023-04-14,51.78,0.71,0.14,5.16,496300,68.4,95.5,133.3
2023-04-17,50.77,0.71,0.14,3.87,496500,69.6,95.4,133.2
2023-04-18,53.78,0.78,0.16,8.67,496800,69.6,95.2,132.9
2023-04-19,55.69,0.81,0.18,15.44,496900,69.6,94.8,132.3
2023-04-20,57.65,0.92,0.16,25.2,497000,69.6,94.7,132.2
2023-04-21,65.58,1.68,0.25,37.06,497100,69.6,92.1,128.6
2023-04-24,67.08,1.96,0.29,28.25,497300,54.8,91.5,127.7
2023-04-25,70.94,3.42,0.43,46.46,497400,54.8,89.8,125.4
2023-04-26,70.32,4.42,0.51,9.99,497400,54.8,90.1,125.8
2023-04-27,69.31,5.05,0.56,11.88,497400,54.8,90.2,126.0
2023-04-28,65.15,3.97,0.63,4.36,497400,54.8,91.5,127.7
2023-05-04,62.97,5.02,0.63,8.37,497400,54.8,91.6,127.9
2023-05-05,63.95,5.41,0.67,13.34,497600,54.8,90.5,126.3
2023-05-08,62.32,5.18,0.69,8.0,497700,49.2,91.2,127.3
2023-05-09,65.67,6.23,0.8,18.25,497700,49.2,89.9,120.3
2023-05-10,64.8,6.05,0.8,7.15,497900,49.2,90.1,120.6
2023-05-11,63.26,5.67,0.85,5.63,498000,49.2,90.1,115.5
2023-05-12,64.57,6.28,1.03,12.67,498100,49.2,88.9,113.4
2023-05-15,62.97,5.38,1.05,3.64,498100,46.8,89.6,114.2
2023-05-16,64.46,6.19,1.16,9.23,498300,46.8,88.6,111.6
2023-05-17,61.76,5.03,1.1,4.38,498400,46.8,89.2,110.2
2023-05-18,59.97,4.24,1.03,5.94,498600,46.8,89.6,110.0
2023-05-19,59.99,4.27,1.0,4.94,498900,46.8,89.8,110.3
2023-05-22,58.27,4.04,0.81,3.84,499100,54.4,89.7,110.2
2023-05-23,61.51,3.91,0.71,6.59,499300,54.4,88.8,109.1
2023-05-24,62.21,3.77,0.69,8.85,499400,54.4,88.6,108.8
2023-05-25,61.85,3.87,0.69,10.94,499500,54.4,88.4,108.6
2023-05-26,59.73,3.93,0.65,7.55,499600,54.4,89.0,109.4
2023-05-29,60.62,3.89,0.72,12.42,499600,52.0,88.9,109.2
2023-05-30,58.94,3.73,0.69,8.94,499600,52.0,89.3,109.7
2023-05-31,59.68,3.77,0.71,12.37,499600,52.0,89.3,109.6
2023-06-01,59.35,3.39,0.65,7.48,499800,52.0,89.4,109.9
2023-06-02,56.87,3.35,0.58,2.14,500000,52.0,90.1,110.7
2023-06-05,54.35,3.1,0.56,4.18,500100,57.6,90.2,110.8
2023-06-06,63.39,3.39,0.69,12.62,500200,57.6,88.3,108.4
2023-06-07,61.52,3.49,0.67,11.93,500200,57.6,88.3,108.4
2023-06-08,62.86,3.73,0.87,12.91,500300,57.6,87.6,107.7
2023-06-09,61.09,3.8,0.8,8.8,500500,57.6,88.4,108.5
2023-06-12,58.14,3.73,0.81,5.41,500600,50.8,88.8,109.1
2023-06-13,55.8,3.84,0.89,6.01,500600,50.8,89.2,109.5
2023-06-14,55.71,3.87,0.89,7.24,500700,50.8,89.5,109.9
2023-06-15,55.21,3.97,0.81,3.4,500800,50.8,90.0,110.5
2023-06-16,52.91,4.09,0.78,2.39,500900,50.8,90.7,111.4
2023-06-19,53.96,4.02,0.81,6.41,501100,53.2,91.0,111.8
2023-06-20,55.84,4.11,0.8,11.52,501300,53.2,91.1,111.9
2023-06-21,61.54,4.44,0.94,17.35,501600,53.2,89.1,109.4
2023-06-26,67.43,4.91,1.14,23.37,501500,40.0,87.3,107.3
2023-06-27,61.62,4.45,0.96,2.15,501900,40.0,88.5,108.7
2023-06-28,61.25,4.56,1.03,5.21,502000,40.0,88.1,108.2
2023-06-29,57.14,4.09,0.96,3.95,501900,40.0,88.7,108.9
2023-06-30,51.86,3.82,0.85,1.48,502000,40.0,89.8,110.3
2023-07-03,49.0,3.64,0.83,1.52,502100,56.4,90.0,110.5
2023-07-04,47.11,3.59,0.81,1.58,502200,56.4,90.3,110.9
2023-07-05,49.14,3.75,0.74,3.08,502100,56.4,89.6,110.0
2023-07-06,49.16,3.46,0.74,3.8,501800,56.4,89.3,109.7
2023-07-07,50.48,3.77,0.69,5.27,501900,56.4,88.7,109.0
2023-07-10,49.9,3.51,0.67,3.62,501800,55.6,88.8,109.1
2023-07-11,46.42,3.49,0.65,2.03,501800,55.6,89.5,109.9
2023-07-12,50.9,3.91,0.71,6.97,501900,55.6,88.2,108.3
2023-07-13,46.19,3.28,0.65,1.45,501700,55.6,89.1,109.4
2023-07-14,46.5,2.82,0.58,2.61,501700,55.6,89.0,109.4
2023-07-17,47.15,2.77,0.63,4.24,501900,56.4,88.6,108.9
2023-07-18,46.06,3.01,0.62,4.22,501900,56.4,88.6,108.8
2023-07-19,45.72,2.53,0.43,4.49,502200,56.4,88.3,108.5
2023-07-20,50.79,2.37,0.45,7.24,502400,56.4,87.2,107.1
2023-07-21,51.67,2.25,0.31,6.05,502500,56.4,87.1,107.0
2023-07-24,52.56,2.21,0.31,5.0,502700,46.4,87.0,106.8
2023-07-25,43.29,1.9,0.24,0.81,502800,46.4,88.4,108.6
2023-07-26,45.07,2.28,0.18,2.75,503100,46.4,87.8,107.9
2023-07-27,47.85,2.55,0.18,6.26,503200,46.4,87.2,107.1
2023-07-28,44.2,2.35,0.14,3.55,503200,46.4,87.9,108.0
2023-07-31,40.99,2.17,0.13,2.55,503100,56.4,88.6,108.9
2023-08-01,42.44,1.83,0.09,3.66,503300,56.4,88.5,108.7
2023-08-02,43.58,1.74,0.07,4.15,503300,56.4,88.4,108.5
2023-08-03,44.56,1.5,0.07,3.57,503500,56.4,88.4,108.6
2023-08-04,44.47,1.12,0.04,2.26,503400,56.4,88.9,109.2
2023-08-07,48.36,1.03,0.04,5.67,503500,49.6,88.5,108.7
2023-08-08,49.54,0.87,0.02,5.21,503600,49.6,88.0,108.1
2023-08-09,53.85,1.0,0.02,7.7,503900,49.6,87.3,107.3
2023-08-10,51.6,0.8,0.02,3.33,504000,49.6,87.4,107.4
2023-08-11,61.43,0.96,0.0,14.96,503900,49.6,85.8,105.3
2023-08-14,59.77,0.63,0.0,7.6,503900,44.0,86.0,105.6
2023-08-15,61.33,0.74,0.0,14.92,504100,44.0,85.2,104.6
2023-08-16,63.91,0.74,0.0,23.54,504200,44.0,84.2,103.4
2023-08-17,58.95,0.47,0.0,2.81,504400,44.0,85.0,104.4
2023-08-18,63.46,0.54,0.0,16.6,504600,44.0,83.2,102.2
2023-08-21,65.78,0.56,0.0,20.15,504600,37.6,82.4,101.2
2023-08-22,67.25,0.56,0.0,13.2,504700,37.6,83.0,101.9
2023-08-23,71.94,1.0,0.0,30.42,504800,37.6,81.3,100.0
2023-08-24,73.53,1.1,0.02,19.68,504800,37.6,81.5,100.2
2023-08-25,76.48,1.83,0.05,39.63,504900,37.6,80.0,100.0
2023-08-28,71.68,1.54,0.09,15.39,505000,33.2,80.6,100.7
2023-08-29,61.63,0.76,0.02,0.54,505000,33.2,83.6,103.9
2023-08-30,59.1,0.65,0.02,1.52,505100,33.2,84.0,104.4
2023-08-31,61.71,0.74,0.02,3.51,505100,33.2,83.6,103.8
2023-09-01,60.37,0.81,0.02,2.06,505200,33.2,86.5,103.9
2023-09-04,53.01,0.63,0.02,0.56,505200,59.2,87.8,105.4
2023-09-05,56.26,0.71,0.02,1.1,505300,59.2,87.3,104.9
2023-09-06,53.74,0.72,0.02,1.56,505400,59.2,87.7,105.4
2023-09-07,62.5,1.01,0.02,5.78,505400,59.2,86.1,103.5
2023-09-08,61.22,1.12,0.02,5.27,505500,59.2,86.4,103.8
2023-09-11,56.31,0.96,0.02,0.63,505700,60.0,87.5,105.2
2023-09-12,57.02,0.92,0.04,1.29,505700,60.0,87.6,105.2
2023-09-13,63.12,0.87,0.05,3.93,505700,60.0,86.4,103.8
2023-09-14,66.61,1.18,0.05,8.27,505800,60.0,85.9,103.2
2023-09-15,65.53,1.27,0.04,6.7,505900,60.0,86.1,103.4
2023-09-18,61.23,1.25,0.02,2.95,505900,52.8,86.1,103.5
2023-09-19,65.58,1.2,0.02,8.71,505900,52.8,85.4,102.6
2023-09-20,68.24,1.16,0.02,12.89,506100,52.8,84.7,101.8
2023-09-21,71.77,1.12,0.0,17.6,506200,52.8,84.1,101.0
2023-09-22,65.07,0.74,0.0,0.47,506200,52.8,85.7,103.0
2023-09-25,65.74,0.81,0.0,5.83,506400,47.6,85.3,102.5
2023-09-26,68.26,0.72,0.02,9.34,506400,47.6,84.9,102.0
2023-09-27,66.12,0.78,0.02,4.89,506400,47.6,85.4,102.6
2023-09-28,60.58,0.6,0.0,2.25,506600,47.6,86.1,103.4
2023-10-09,63.12,0.65,0.02,9.6,506600,50.8,85.8,103.1
2023-10-10,63.88,0.6,0.02,11.48,506700,50.8,85.6,102.8
2023-10-11,62.3,0.63,0.02,11.24,506800,50.8,85.8,103.1
2023-10-12,59.73,0.69,0.02,3.22,506800,50.8,86.4,103.8
2023-10-13,61.76,0.71,0.02,15.59,506800,50.8,86.1,103.5
2023-10-16,63.7,0.72,0.04,17.2,506800,45.2,85.3,102.5
2023-10-17,63.79,0.81,0.04,12.93,507000,45.2,85.1,102.3
2023-10-18,70.02,1.07,0.05,32.39,507000,45.2,83.6,100.5
2023-10-19,72.82,1.07,0.04,33.06,507000,45.2,82.7,100.0
2023-10-20,76.3,1.43,0.11,31.94,507000,45.2,81.7,100.0
2023-10-23,79.65,2.25,0.13,53.7,507100,26.8,79.8,100.0
2023-10-24,74.69,1.38,0.11,4.13,507200,26.8,81.0,101.4
2023-10-25,70.51,1.03,0.09,3.91,507200,26.8,81.8,102.5
2023-10-26,68.37,1.09,0.13,3.95,507100,26.8,82.3,103.1
2023-10-27,62.16,0.91,0.09,1.45,507100,26.8,83.8,104.9
2023-10-30,55.82,0.74,0.07,1.92,507200,38.8,85.0,106.5
2023-10-31,56.13,0.96,0.09,2.84,507300,38.8,84.5,105.9
2023-11-01,53.63,1.03,0.07,2.68,507400,38.8,84.4,105.7
2023-11-02,57.36,1.2,0.07,5.4,507400,38.8,83.3,104.4
2023-11-03,52.16,0.89,0.05,0.72,507500,38.8,84.6,105.9
2023-11-06,43.96,0.62,0.05,0.27,507500,45.2,86.3,108.1
2023-11-07,41.43,0.34,0.04,0.71,507600,45.2,86.6,108.5
2023-11-08,40.59,0.29,0.02,1.25,507600,45.2,86.9,108.9
2023-11-09,42.01,0.31,0.05,0.72,507700,45.2,86.4,108.2
2023-11-10,41.99,0.45,0.05,1.72,507700,45.2,86.2,108.0
2023-11-13,36.18,0.4,0.04,0.92,507800,52.0,87.0,109.0
2023-11-14,34.37,0.36,0.05,0.54,507800,52.0,87.5,109.6
2023-11-15,30.73,0.34,0.04,0.27,507800,52.0,87.9,110.1
2023-11-16,34.84,0.29,0.05,0.96,507900,52.0,87.0,109.0
2023-11-17,30.91,0.34,0.04,1.23,508000,52.0,87.8,110.0
2023-11-20,26.78,0.33,0.04,0.78,508000,64.0,88.5,110.9
2023-11-21,28.34,0.34,0.07,0.36,508000,64.0,87.9,110.2
2023-11-22,33.62,0.36,0.05,1.59,508000,64.0,86.8,108.8
2023-11-23,28.81,0.34,0.04,0.42,508000,64.0,87.7,109.9
2023-11-24,36.1,0.51,0.04,1.65,508000,64.0,86.6,108.5
2023-11-27,36.48,0.54,0.04,2.75,508000,49.6,86.5,108.4
2023-11-28,32.86,0.56,0.02,1.63,508100,49.6,87.0,109.0
2023-11-29,36.05,0.72,0.02,4.22,508200,49.6,86.5,108.4
2023-11-30,39.13,0.69,0.02,4.38,508200,49.6,86.1,107.8
2023-12-01,36.19,0.56,0.02,2.9,508300,49.6,86.8,108.7
2023-12-04,35.98,0.56,0.04,4.4,508300,49.6,86.6,108.4
2023-12-05,46.97,0.58,0.04,9.16,508400,49.6,84.8,106.3
2023-12-06,44.63,0.49,0.05,4.13,508500,49.6,85.3,106.8
2023-12-07,46.28,0.63,0.07,6.01,508500,49.6,85.2,106.8
2023-12-08,53.94,0.89,0.07,8.73,508600,49.6,85.0,106.5
2023-12-11,47.71,0.72,0.09,3.48,508600,42.0,86.0,107.7
2023-12-12,45.43,0.63,0.07,2.79,508700,42.0,86.1,107.8
2023-12-13,46.89,0.74,0.07,8.18,508800,42.0,85.2,106.8
2023-12-14,47.75,0.96,0.11,7.03,508800,42.0,84.8,106.3
2023-12-15,50.84,0.85,0.11,7.33,508900,42.0,84.3,105.6
2023-12-18,58.27,0.96,0.09,16.62,509000,33.6,82.9,103.9
2023-12-19,57.6,0.78,0.09,10.14,509000,33.6,83.0,104.0
2023-12-20,61.74,0.85,0.09,17.51,509100,33.6,81.6,102.2
2023-12-21,59.62,0.74,0.09,5.31,509200,33.6,82.1,102.9
2023-12-22,67.21,1.27,0.11,13.09,509300,33.6,81.2,101.7
2023-12-25,69.69,1.43,0.11,14.27,509300,28.8,81.2,101.7
2023-12-26,73.66,1.74,0.11,23.19,509400,28.8,80.0,100.2
2023-12-27,71.3,1.48,0.14,7.04,509500,28.8,80.6,101.0
2023-12-28,63.88,1.43,0.14,0.69,509600,28.8,82.2,103.0
2023-12-29,55.08,0.98,0.14,0.62,509700,28.8,83.3,104.4
2024-01-02,51.6,1.03,0.13,1.05,509700,28.8,82.9,103.8
2024-01-03,53.01,1.03,0.13,2.23,509800,28.8,82.5,103.3
2024-01-04,54.32,0.92,0.13,3.77,509800,28.8,81.9,102.6
2024-01-05,61.6,1.36,0.13,9.36,509800,28.8,80.4,100.7
2024-01-08,70.18,1.77,0.14,21.96,509800,26.4,78.5,100.0
2024-01-09,66.61,1.67,0.14,10.27,509800,26.4,78.6,100.2
2024-01-10,69.73,2.53,0.13,18.63,509900,26.4,78.0,100.0
2024-01-11,64.48,1.43,0.09,1.58,510100,26.4,79.4,101.8
2024-01-12,66.56,2.03,0.13,6.19,510100,26.4,78.9,101.1
2024-01-15,66.9,1.72,0.13,9.56,510100,27.2,78.7,100.9
2024-01-16,69.06,1.63,0.11,17.67,510100,27.2,78.4,100.5
2024-01-17,76.72,2.15,0.09,41.41,510100,27.2,76.3,100.0
2024-01-18,79.16,1.97,0.09,38.75,510200,27.2,76.1,100.0
2024-01-19,80.77,2.32,0.09,48.85,510300,27.2,75.1,100.0
2024-01-22,86.38,6.88,0.16,73.58,510300,5.6,70.8,100.0
2024-01-23,85.62,6.72,0.14,35.94,510300,5.6,71.9,101.6
2024-01-24,83.87,5.98,0.14,9.76,510500,5.6,72.8,102.9
2024-01-25,79.72,3.11,0.07,0.62,510400,5.6,75.3,106.3
2024-01-26,79.0,4.94,0.07,4.73,510400,5.6,74.6,105.4
2024-01-29,82.13,7.66,0.11,22.63,510400,5.6,72.6,102.6
2024-01-30,84.88,11.1,0.25,48.67,510500,5.6,70.6,100.0
2024-01-31,86.49,27.65,0.72,68.19,510500,5.6,67.7,100.0
2024-02-01,87.22,27.81,0.72,59.33,510500,5.6,67.3,100.0
2024-02-02,87.76,44.6,1.63,74.42,510600,5.6,64.8,100.0
2024-02-05,88.39,63.06,14.05,79.27,510600,0.4,60.8,100.0
2024-02-06,86.57,55.59,14.94,25.73,510600,0.4,65.0,107.0
2024-02-07,84.01,54.16,23.85,38.13,510600,0.4,67.9,111.8
2024-02-08,82.64,41.97,11.12,0.85,510800,0.4,70.7,116.3
2024-02-19,82.15,34.73,5.18,0.13,510800,0.8,71.2,117.2
2024-02-20,81.8,29.95,3.28,0.05,510800,0.8,71.4,117.5
2024-02-21,80.93,22.0,0.96,0.07,510800,0.8,71.8,118.2
2024-02-22,79.52,13.8,0.31,0.05,510800,0.8,72.9,120.0
2024-02-23,78.16,5.65,0.09,0.05,510800,0.8,74.0,121.7
2024-02-26,76.77,2.7,0.13,0.05,510800,1.6,74.4,122.4
2024-02-27,71.94,1.52,0.05,0.05,510800,1.6,76.6,125.6
2024-02-28,78.69,7.53,0.11,0.09,510900,1.6,73.2,120.0
2024-02-29,71.94,4.11,0.07,0.07,510900,1.6,75.9,124.5
2024-03-01,69.13,3.44,0.09,0.14,511000,1.6,76.7,125.8
2024-03-04,67.48,1.86,0.04,0.14,510900,2.8,77.1,126.4
2024-03-05,69.67,1.67,0.04,0.24,510900,2.8,76.3,125.2
2024-03-06,67.97,0.34,0.04,0.11,510900,2.8,76.4,125.4
2024-03-07,70.09,0.22,0.04,0.18,510900,2.8,75.3,123.5
2024-03-08,66.99,0.11,0.02,0.13,510900,2.8,76.3,125.1
2024-03-11,61.33,0.13,0.0,0.05,510900,4.8,77.6,127.3
2024-03-12,57.87,0.13,0.02,0.07,510900,4.8,78.0,128.0
2024-03-13,55.82,0.11,0.02,0.14,511100,4.8,78.4,128.6
2024-03-14,57.94,0.2,0.02,0.11,511100,4.8,77.9,127.8
2024-03-15,52.51,0.16,0.02,0.09,511100,4.8,78.9,129.4
2024-03-18,43.89,0.14,0.02,0.07,511000,9.2,80.2,131.6
2024-03-19,43.47,0.13,0.02,0.09,511000,9.2,79.6,130.6
2024-03-20,37.08,0.13,0.02,0.13,511200,9.2,80.4,131.8
2024-03-21,36.18,0.05,0.02,0.13,511200,9.2,80.3,131.8
2024-03-22,44.52,0.14,0.02,0.27,511200,9.2,79.5,130.3
2024-03-25,53.9,0.29,0.02,0.4,511200,5.6,77.6,127.3
2024-03-26,53.74,0.38,0.04,0.36,511200,5.6,77.4,126.9
2024-03-27,65.25,0.85,0.05,0.94,511200,5.6,74.8,122.7
2024-03-28,57.6,0.36,0.05,0.38,511400,5.6,76.4,125.4
2024-03-29,51.42,0.43,0.05,0.38,511300,5.6,77.3,126.7
2024-04-01,37.93,0.36,0.07,0.25,511300,8.0,78.9,129.5
2024-04-02,36.28,0.6,0.07,0.25,511400,8.0,78.5,128.8
2024-04-03,40.09,1.01,0.11,0.47,511400,8.0,78.1,128.1
2024-04-08,51.48,2.05,0.11,1.16,511500,4.4,76.7,125.8
2024-04-09,43.36,1.67,0.13,0.24,511500,4.4,77.7,127.4
2024-04-10,52.74,2.92,0.14,1.1,511500,4.4,76.2,125.0
2024-04-11,50.84,2.93,0.18,1.29,511600,4.4,76.4,125.3
2024-04-12,53.43,3.42,0.2,2.08,511600,4.4,75.8,124.4
2024-04-15,62.86,9.38,0.4,2.52,511700,1.2,75.1,123.2
2024-04-16,73.24,26.76,1.74,8.38,511700,1.2,71.9,118.0
2024-04-17,64.95,11.59,0.53,0.71,511700,1.2,75.1,123.2
2024-04-18,63.72,12.29,0.63,1.12,511600,1.2,75.1,123.1
2024-04-19,63.53,14.3,0.74,2.48,511600,1.2,75.0,122.6
2024-04-22,64.55,14.07,0.89,2.43,511600,1.2,74.7,122.2
2024-04-23,63.77,8.33,0.67,2.03,511600,1.2,74.3,121.6
2024-04-24,57.85,5.12,0.67,1.92,511600,1.2,75.6,123.6
2024-04-25,56.71,4.36,0.6,1.09,511500,1.2,75.7,123.8
2024-04-26,50.44,3.87,0.67,0.81,511400,1.2,77.2,126.2
2024-04-29,35.96,2.53,0.58,0.6,511400,4.0,79.3,129.2
2024-04-30,38.91,2.97,0.63,0.81,511400,4.0,78.9,128.1
2024-05-06,29.86,2.5,0.6,0.71,511400,5.6,80.5,130.6
2024-05-07,27.14,2.12,0.6,0.85,511400,5.6,83.0,131.0
2024-05-08,33.79,2.19,0.63,1.21,511400,5.6,82.2,129.0
2024-05-09,27.97,2.15,0.69,1.27,511500,5.6,83.6,131.1
2024-05-10,33.53,2.23,0.76,1.56,511500,5.6,82.8,129.8
2024-05-13,42.21,2.82,0.78,2.17,511600,3.6,82.0,128.6
2024-05-14,39.62,2.55,0.74,1.85,511600,3.6,82.4,129.3
2024-05-15,43.76,2.17,0.56,2.52,511600,3.6,81.6,128.0
2024-05-16,42.78,2.1,0.51,2.61,511600,3.6,81.9,127.9
2024-05-17,38.78,1.99,0.69,1.38,511600,3.6,83.0,129.6
2024-05-20,38.6,1.97,0.8,1.83,511600,6.0,83.6,130.4
2024-05-21,43.51,2.25,0.83,3.51,511600,6.0,82.7,129.0
2024-05-22,42.26,2.14,0.87,2.03,511600,6.0,82.8,129.0
2024-05-23,53.12,2.35,0.87,5.99,511600,6.0,80.9,126.1
2024-05-24,56.8,2.77,0.94,8.09,511600,6.0,79.9,124.6
2024-05-27,54.57,2.93,0.91,4.56,511600,2.8,80.7,125.9
2024-05-28,58.68,3.4,0.89,8.8,511600,2.8,79.9,124.6
2024-05-29,58.19,3.57,1.01,6.84,511600,2.8,79.9,124.6
2024-05-30,61.25,3.95,1.07,7.51,511600,2.8,79.7,124.3
2024-05-31,59.13,3.86,1.01,4.54,511600,2.8,80.0,124.7
2024-06-03,65.36,4.54,1.12,13.56,511600,2.0,78.9,123.1
2024-06-04,66.59,4.96,1.09,13.49,511600,2.0,79.4,123.8
2024-06-05,71.66,6.32,1.2,21.08,511500,2.0,78.3,122.2
2024-06-06,76.93,11.1,1.72,37.61,511500,2.0,76.6,119.5
2024-06-07,75.83,7.68,1.45,6.55,511600,2.0,77.0,120.0
2024-06-11,75.48,7.35,1.23,4.69,511600,2.0,77.7,121.1
2024-06-12,73.26,5.85,1.03,3.69,511700,2.0,77.9,121.5
2024-06-13,73.64,6.72,0.98,8.35,511700,2.0,77.4,120.7
2024-06-14,73.6,6.59,0.98,5.94,511600,2.0,77.4,120.7
2024-06-17,74.09,6.84,1.0,10.03,511600,1.2,77.4,120.8
2024-06-18,71.3,5.41,0.81,4.6,511600,1.2,78.1,121.8
2024-06-19,72.26,5.49,0.81,10.72,511600,1.2,77.1,120.2
2024-06-20,76.05,6.34,0.85,22.6,511700,1.2,75.5,117.8
2024-06-21,75.9,6.1,0.92,15.3,511700,1.2,75.5,117.8
2024-06-24,80.93,8.04,1.32,43.24,511700,0.8,73.0,113.9
2024-06-25,81.33,7.15,1.3,20.77,511700,0.8,72.4,112.9
2024-06-26,78.42,5.11,0.96,2.1,511800,0.8,74.5,116.1
2024-06-27,80.9,5.72,1.18,12.15,511700,0.8,72.7,113.3
2024-06-28,78.71,5.36,1.1,10.56,511500,0.8,73.1,114.0
2024-07-01,78.13,4.42,1.07,5.56,511500,1.6,73.8,115.1
2024-07-02,78.25,4.47,1.14,8.64,511500,1.6,73.3,114.3
2024-07-03,80.05,4.2,1.09,11.66,511300,1.6,73.3,113.4
2024-07-04,82.89,4.85,1.18,29.97,511300,1.6,71.7,110.9
2024-07-05,82.18,4.29,0.92,7.68,511300,1.6,72.5,112.1
2024-07-08,84.01,5.83,1.12,41.06,511300,0.8,70.7,109.3
2024-07-09,80.97,4.83,0.92,9.72,511300,0.8,72.3,111.7
2024-07-10,81.41,5.31,0.89,20.41,511300,0.8,72.0,111.3
2024-07-11,77.84,3.39,0.63,1.72,511100,0.8,73.7,114.0
2024-07-12,78.0,3.46,0.51,2.88,511100,0.8,73.5,113.6
2024-07-15,79.88,3.91,0.6,8.64,511100,1.2,73.3,112.5
2024-07-16,79.27,3.4,0.47,9.78,511100,1.2,73.5,112.7
2024-07-17,81.44,3.31,0.49,17.36,511100,1.2,72.9,111.7
2024-07-18,81.5,3.04,0.42,16.42,510900,1.2,73.1,112.1
2024-07-19,80.52,2.23,0.27,6.97,510900,1.2,73.3,112.3
2024-07-22,80.1,1.99,0.25,7.41,510900,1.2,73.7,112.4
2024-07-23,82.85,2.44,0.42,26.42,510900,1.2,71.7,109.4
2024-07-24,84.07,2.64,0.45,41.06,510800,1.2,70.8,107.9
2024-07-25,83.67,2.52,0.43,14.3,510700,1.2,70.9,107.9
2024-07-26,82.18,1.94,0.29,2.32,510800,1.2,71.9,109.5
2024-07-29,80.66,1.72,0.24,7.35,510700,1.2,71.7,109.1
2024-07-30,79.2,1.59,0.18,6.19,510700,1.2,72.0,109.5
2024-07-31,71.54,0.89,0.09,0.49,510800,1.2,74.8,113.9
2024-08-01,69.35,0.91,0.09,1.01,510900,1.2,74.6,113.6
2024-08-02,73.15,1.01,0.11,2.5,510900,1.2,73.6,112.0
2024-08-05,79.36,1.81,0.11,11.88,510800,1.6,71.6,109.0
2024-08-06,74.02,1.18,0.07,1.81,510900,1.6,72.7,110.6
2024-08-07,73.0,1.12,0.05,2.25,510800,1.6,72.6,110.5
2024-08-08,72.77,1.18,0.07,3.75,510800,1.6,72.5,110.4
2024-08-09,74.98,1.14,0.07,5.59,510800,1.6,72.0,109.5
2024-08-12,76.01,1.27,0.09,9.67,510500,2.0,71.5,108.9
2024-08-13,72.57,1.12,0.09,2.79,510500,2.0,71.9,109.4
2024-08-14,72.91,1.12,0.11,8.64,510600,2.0,71.1,108.3
2024-08-15,68.35,1.0,0.09,3.01,510300,2.0,72.1,109.3
2024-08-16,69.71,1.07,0.09,8.58,510300,2.0,71.9,108.4
2024-08-19,68.66,1.2,0.09,9.94,510100,2.4,72.6,108.6
2024-08-20,74.02,1.48,0.09,22.51,510100,2.4,71.3,106.7
2024-08-21,74.83,1.5,0.07,18.05,510200,2.4,72.0,105.9
2024-08-22,78.22,1.68,0.07,31.61,510200,2.4,71.1,104.6
2024-08-23,78.36,2.19,0.07,26.8,510100,2.4,71.8,104.7
2024-08-26,75.43,2.08,0.09,7.3,510100,0.8,72.2,105.1
2024-08-27,77.42,2.64,0.05,24.08,510000,0.8,71.3,103.9
2024-08-28,75.79,2.61,0.07,10.88,510000,0.8,71.5,104.1
2024-08-29,71.63,1.76,0.07,3.42,510000,0.8,72.6,105.8
2024-08-30,63.3,1.16,0.05,1.05,509900,0.8,74.0,107.8
2024-09-02,67.9,1.56,0.04,8.62,509800,4.0,72.5,105.6
2024-09-03,64.31,1.14,0.04,3.95,510000,4.0,73.1,106.5
2024-09-04,66.63,1.1,0.04,8.26,510100,4.0,72.8,106.0
2024-09-05,61.2,0.87,0.02,2.7,510000,4.0,73.4,106.8
2024-09-06,68.51,1.03,0.04,14.79,510000,4.0,72.1,105.0
2024-09-09,68.1,1.12,0.04,15.59,510000,2.8,71.6,104.3
2024-09-10,64.96,0.98,0.05,8.47,510000,2.8,71.8,104.5
2024-09-11,66.88,1.21,0.05,12.57,510100,2.8,71.7,104.5
2024-09-12,66.7,1.14,0.04,13.18,510100,2.8,71.5,104.1
2024-09-13,70.67,1.23,0.09,26.33,510100,2.8,70.6,102.8
2024-09-18,73.2,1.29,0.11,28.41,510000,2.8,70.3,102.5
2024-09-19,64.02,0.98,0.09,1.38,510000,2.8,71.7,104.4
2024-09-20,64.51,0.91,0.09,6.48,510000,2.8,71.4,104.0
2024-09-23,63.57,0.91,0.07,6.68,510000,1.6,71.5,104.1
2024-09-24,47.51,0.67,0.05,0.09,510000,1.6,74.2,108.1
2024-09-25,40.49,0.49,0.04,0.11,510000,1.6,74.9,109.2
2024-09-26,23.39,0.43,0.02,0.07,510200,1.6,77.9,113.5
2024-09-27,7.39,0.29,0.0,0.04,510100,1.6,82.1,119.6
2024-09-30,0.56,0.11,0.0,0.02,510200,18.4,91.3,133.0
2024-10-08,0.6,0.07,0.0,0.04,510200,18.4,99.2,144.5
2024-10-09,2.32,0.2,0.0,0.13,510200,18.4,91.6,133.4
2024-10-10,2.25,0.27,0.0,0.13,510200,18.4,90.4,131.7
2024-10-11,4.4,1.09,0.04,0.04,510200,18.4,86.6,126.2
2024-10-14,2.46,0.33,0.0,0.02,510200,12.8,89.8,130.8
2024-10-15,3.95,0.78,0.0,0.02,510200,12.8,88.1,128.3
2024-10-16,4.02,1.32,0.04,0.02,510300,12.8,88.3,128.7
2024-10-17,5.2,1.32,0.04,0.05,510300,12.8,88.0,128.2
2024-10-18,2.9,0.36,0.05,0.0,510300,12.8,91.9,133.9
2024-10-21,2.88,0.2,0.05,0.11,510300,19.6,93.7,136.5
2024-10-22,1.99,0.11,0.05,0.0,510300,19.6,94.2,137.2
2024-10-23,1.86,0.11,0.05,0.02,510300,19.6,94.4,137.5
2024-10-24,1.76,0.24,0.05,0.02,510500,19.6,93.7,136.5
2024-10-25,1.68,0.14,0.05,0.09,510600,19.6,95.5,139.2
2024-10-28,1.32,0.14,0.05,0.05,510600,27.6,97.3,141.7
2024-10-29,1.92,0.38,0.07,0.09,510700,27.6,95.7,139.4
2024-10-30,2.66,0.58,0.09,0.13,510700,27.6,96.3,140.2
2024-10-31,2.92,0.65,0.09,0.24,510800,27.6,97.8,142.5
2024-11-01,3.8,1.83,0.11,0.09,510800,27.6,94.8,138.1
2024-11-04,2.82,1.21,0.11,0.07,510800,21.6,96.8,141.0
2024-11-05,1.9,0.27,0.07,0.0,510800,21.6,100.0,146.0
2024-11-06,2.08,0.43,0.07,0.09,510800,21.6,100.0,146.6
2024-11-07,1.39,0.43,0.07,0.0,511000,21.6,100.0,149.2
2024-11-08,1.58,0.27,0.05,0.0,511000,21.6,100.0,149.6
2024-11-11,1.54,0.29,0.04,0.04,511000,40.8,100.0,153.2
2024-11-12,1.74,0.34,0.04,0.14,511000,40.8,98.7,151.2
2024-11-13,1.58,0.38,0.02,0.0,511000,40.8,98.4,150.8
2024-11-14,2.15,0.65,0.02,0.04,511000,40.8,95.3,146.1
2024-11-15,2.63,1.36,0.07,0.09,511000,40.8,93.1,142.7
2024-11-18,4.22,2.32,0.07,0.05,511000,20.8,90.8,139.2
2024-11-19,3.06,1.54,0.04,0.05,511000,20.8,93.2,142.8
2024-11-20,2.53,1.05,0.05,0.0,511100,20.8,95.0,145.6
2024-11-21,2.72,1.05,0.07,0.02,511100,20.8,95.2,145.9
2024-11-22,6.79,2.1,0.07,0.42,511200,20.8,91.7,140.5
2024-11-25,6.64,1.9,0.07,0.34,511200,27.6,92.0,141.0
2024-11-26,7.75,2.37,0.09,0.33,511300,27.6,90.9,139.3
2024-11-27,5.96,1.94,0.04,0.05,511300,27.6,93.0,142.5
2024-11-28,7.3,1.77,0.05,0.22,511300,27.6,92.5,141.8
2024-11-29,5.78,1.45,0.05,0.09,511400,27.6,94.1,144.2
2024-12-02,4.51,0.87,0.04,0.04,511400,38.4,96.0,147.1
2024-12-03,4.71,0.65,0.04,0.0,511400,38.4,95.8,146.8
2024-12-04,6.32,0.81,0.05,0.04,511500,38.4,94.3,144.5
2024-12-05,6.39,0.63,0.04,0.09,511600,38.4,95.5,146.4
2024-12-06,5.25,0.65,0.02,0.04,511600,38.4,96.5,147.9
2024-12-09,5.92,0.89,0.02,0.02,511600,41.6,95.8,146.8
2024-12-10,5.32,0.71,0.02,0.02,511600,41.6,96.7,148.2
2024-12-11,4.74,0.56,0.02,0.02,511700,41.6,98.0,150.2
2024-12-12,4.11,0.43,0.02,0.0,511800,41.6,98.6,151.2
2024-12-13,8.64,0.56,0.02,0.14,511800,41.6,96.6,148.0
2024-12-16,11.97,0.78,0.02,0.25,511800,42.4,95.4,146.2
2024-12-17,23.07,1.56,0.05,0.36,511800,42.4,93.4,143.1
2024-12-18,23.34,1.39,0.05,0.31,511800,42.4,94.2,144.3
2024-12-19,25.86,1.58,0.09,0.54,511800,42.4,94.3,144.6
2024-12-20,23.88,1.38,0.07,0.53,512000,42.4,95.3,146.1
2024-12-23,49.07,3.1,0.09,1.27,512000,25.6,92.7,142.0
2024-12-24,45.65,3.66,0.04,0.38,512100,25.6,93.7,143.6
2024-12-25,56.89,5.76,0.14,2.01,512100,25.6,92.6,142.0
2024-12-26,54.34,4.91,0.2,1.76,512100,25.6,93.6,143.5
2024-12-27,49.99,4.16,0.16,1.2,512100,25.6,93.8,143.8
2024-12-30,54.66,5.67,0.29,4.15,512200,27.6,93.4,143.2
2024-12-31,64.58,7.8,0.42,13.63,512200,27.6,90.6,138.8
2025-01-02,71.16,9.38,0.31,21.98,512200,27.6,88.1,135.0
2025-01-03,78.51,18.0,1.01,33.13,512400,27.6,85.5,131.0
2025-01-06,79.96,20.08,1.27,22.36,512400,12.4,85.2,130.6
2025-01-07,77.04,13.8,0.63,4.13,512400,12.4,86.5,132.6
2025-01-08,76.97,13.42,0.47,10.34,512400,12.4,86.1,131.9
2025-01-09,76.52,11.64,0.33,11.19,512400,12.4,86.2,132.1
2025-01-10,80.17,15.84,0.62,35.6,512600,12.4,84.3,129.2
2025-01-13,80.92,13.13,0.56,12.86,512600,12.0,84.5,129.5
2025-01-14,73.6,3.84,0.13,0.13,512600,12.0,88.3,135.4
2025-01-15,74.47,3.57,0.14,0.71,512800,12.0,87.8,134.5
2025-01-16,73.11,2.61,0.14,0.58,512800,12.0,88.2,135.1
2025-01-17,72.91,2.68,0.11,0.67,512800,12.0,88.8,136.1
2025-01-20,70.14,1.58,0.07,0.83,512800,20.0,89.4,136.9
2025-01-21,69.24,1.45,0.05,2.17,512800,20.0,89.8,137.6
2025-01-22,71.92,1.65,0.07,5.03,513000,20.0,89.0,136.4
2025-01-23,72.37,1.96,0.09,4.31,513100,20.0,88.6,135.8
2025-01-24,69.87,1.74,0.07,2.79,513100,20.0,90.3,138.3
2025-01-27,72.03,2.01,0.05,4.94,513300,18.8,88.9,136.2
2025-02-05,70.89,1.63,0.07,2.63,513300,18.8,89.4,137.0
2025-02-06,63.43,1.07,0.07,0.63,513300,18.8,91.8,140.7
2025-02-07,59.01,0.81,0.05,0.24,513300,18.8,93.2,142.9
2025-02-10,51.26,0.51,0.05,0.27,513200,30.8,94.4,144.7
2025-02-11,51.46,0.54,0.05,0.72,513200,30.8,94.1,144.2
2025-02-12,47.18,0.53,0.05,0.51,513200,30.8,95.5,146.4
2025-02-13,52.89,0.53,0.04,0.72,513200,30.8,94.4,144.7
2025-02-14,51.87,0.54,0.04,0.78,513200,30.8,95.0,145.6
2025-02-17,46.62,0.45,0.04,1.09,513100,32.4,95.5,146.3
2025-02-18,57.32,0.6,0.05,2.53,513100,32.4,93.4,143.1
2025-02-19,48.61,0.43,0.02,1.29,513100,32.4,95.6,146.5
2025-02-20,43.47,0.47,0.04,1.56,513100,32.4,96.3,147.5
2025-02-21,41.44,0.42,0.04,2.01,513100,32.4,98.0,150.2
2025-02-24,38.82,0.4,0.04,1.47,513100,37.6,98.3,150.6
2025-02-25,41.37,0.43,0.04,3.44,513100,37.6,97.8,146.3
2025-02-26,35.14,0.29,0.02,0.76,513100,37.6,99.2,148.3
2025-02-27,35.16,0.27,0.02,0.8,513100,37.6,98.8,147.7
2025-02-28,50.23,0.49,0.02,2.84,513100,37.6,95.3,142.5
2025-03-03,47.29,0.58,0.04,1.85,513200,30.8,95.4,142.6
2025-03-04,39.87,0.49,0.04,1.65,513300,30.8,96.6,144.5
2025-03-05,40.32,0.36,0.04,2.34,513200,30.8,97.3,145.4
2025-03-06,33.21,0.25,0.04,0.62,513100,30.8,99.3,148.6
2025-03-07,35.65,0.4,0.04,1.81,513100,30.8,98.9,147.9
2025-03-10,32.68,0.34,0.04,1.03,513100,44.8,99.1,148.2
2025-03-11,30.54,0.33,0.04,0.78,513300,44.8,99.6,148.9
2025-03-12,28.37,0.29,0.04,0.67,513300,44.8,99.8,149.3
2025-03-13,31.67,0.49,0.04,1.45,513300,44.8,98.3,147.0
2025-03-14,21.53,0.31,0.04,0.11,513300,44.8,99.9,149.4
2025-03-17,18.61,0.34,0.04,0.16,513300,50.8,100.0,149.8
2025-03-18,17.26,0.34,0.04,0.18,513400,50.8,100.0,150.3
2025-03-19,18.25,0.38,0.05,0.34,513500,50.8,99.3,149.2
2025-03-20,19.08,0.38,0.05,0.38,513600,50.8,98.8,148.6
2025-03-21,25.69,0.76,0.05,1.25,513600,50.8,96.9,145.6
2025-03-24,35.89,1.14,0.11,2.44,513700,37.2,96.2,144.6
2025-03-25,35.54,1.72,0.09,1.96,513800,37.2,95.4,143.5
2025-03-26,30.62,1.3,0.11,0.74,513800,37.2,95.8,144.0
2025-03-27,32.01,1.61,0.07,1.39,514000,37.2,95.7,143.9
2025-03-28,40.58,2.01,0.11,3.13,514000,37.2,94.8,142.5
2025-03-31,49.34,2.17,0.13,5.7,514000,30.8,94.2,141.5
2025-04-01,41.14,2.55,0.11,1.88,514000,30.8,94.7,142.3
2025-04-02,40.29,2.34,0.18,1.65,514100,30.8,94.9,142.7
2025-04-03,43.42,2.93,0.16,3.4,514100,30.8,93.8,141.0
2025-04-07,82.55,26.13,1.38,48.07,514100,11.6,83.1,124.9
2025-04-08,80.34,28.08,1.38,22.58,514200,11.6,83.6,125.7
2025-04-09,76.61,21.06,0.78,4.67,514300,11.6,85.5,128.5
2025-04-10,72.59,12.96,0.31,0.2,514300,11.6,87.5,131.5
2025-04-11,71.07,10.12,0.27,0.4,514400,11.6,88.7,133.3
2025-04-14,66.81,6.77,0.22,0.16,514400,20.0,89.8,135.0
2025-04-15,66.54,6.83,0.14,0.31,514500,20.0,89.4,134.4
2025-04-16,69.18,8.87,0.24,1.32,514600,20.0,88.3,132.6
2025-04-17,67.5,7.7,0.27,1.14,514700,20.0,88.3,132.7
2025-04-18,69.02,5.18,0.25,1.01,514700,20.0,88.2,132.6
2025-04-21,65.06,2.84,0.2,0.62,514700,21.6,90.0,135.3
2025-04-22,63.44,2.66,0.2,1.07,514700,21.6,90.0,135.2
2025-04-23,62.54,1.85,0.16,0.71,514700,21.6,90.5,136.0
2025-04-24,64.31,1.85,0.22,1.83,514900,21.6,89.5,134.6
2025-04-25,63.57,1.79,0.18,1.68,515000,21.6,89.8,135.0
2025-04-28,68.15,2.34,0.25,4.33,515000,18.8,88.9,133.6
2025-04-29,65.6,2.34,0.31,3.24,515000,18.8,89.3,134.2
2025-04-30,63.81,2.25,0.36,2.68,514600,18.8,90.0,135.3
2025-05-06,53.49,1.72,0.36,0.91,514600,18.8,92.3,138.7
2025-05-07,50.03,1.36,0.31,0.71,514600,18.8,92.4,138.9
2025-05-08,44.94,1.34,0.25,0.62,514600,18.8,93.1,140.0
2025-05-09,49.76,1.41,0.25,0.81,514600,18.8,92.0,138.3
2025-05-12,44.69,1.25,0.24,0.51,514600,37.2,93.3,140.2
2025-05-13,45.61,1.14,0.24,0.62,514600,37.2,93.0,139.8
2025-05-14,45.59,1.16,0.25,0.67,514600,37.2,93.2,140.0
2025-05-15,49.9,1.03,0.24,1.01,514600,37.2,91.6,137.7
2025-05-16,47.91,1.05,0.22,1.16,514800,37.2,91.8,137.9
2025-05-19,43.69,0.94,0.2,0.78,515000,40.8,92.2,138.6
2025-05-20,39.69,0.91,0.18,0.63,515000,40.8,93.0,139.7
2025-05-21,41.7,0.94,0.16,1.05,515000,40.8,92.7,139.4
2025-05-22,47.76,1.03,0.18,1.96,514900,40.8,91.7,137.9
2025-05-23,52.89,1.29,0.24,3.17,514900,40.8,90.6,136.2
2025-05-26,49.16,1.23,0.18,1.7,514900,36.8,91.2,137.0
2025-05-27,47.85,1.23,0.16,2.61,514700,36.8,90.9,136.6
2025-05-28,49.21,1.41,0.16,2.72,514700,36.8,90.5,136.0
2025-05-29,42.57,1.43,0.14,0.62,514700,36.8,92.1,138.4
2025-05-30,48.05,1.97,0.27,2.77,514700,36.8,91.1,137.0
2025-06-03,44.87,1.92,0.27,2.17,514700,36.8,91.8,138.0
2025-06-04,41.12,1.81,0.24,0.91,514700,36.8,92.6,139.2
2025-06-05,39.25,2.05,0.16,0.81,514900,36.8,93.3,140.2
2025-06-06,38.87,2.28,0.2,1.05,514900,36.8,93.1,139.9
2025-06-09,33.89,2.32,0.2,0.74,514900,46.8,94.1,141.4
2025-06-10,38.2,2.39,0.31,2.01,514900,46.8,93.2,140.1
2025-06-11,34.66,2.37,0.29,0.6,515000,46.8,93.6,140.6
2025-06-12,34.75,2.43,0.24,1.58,515100,46.8,93.7,140.8
2025-06-13,42.95,2.77,0.34,4.2,515100,46.8,92.3,138.8
2025-06-16,39.49,2.66,0.25,2.23,515100,40.0,93.0,139.7
2025-06-17,38.82,2.79,0.24,2.66,515100,40.0,92.9,139.6
2025-06-18,41.19,2.73,0.22,3.75,515100,40.0,92.8,139.5
2025-06-19,51.4,3.33,0.24,7.37,515100,40.0,91.5,137.5
2025-06-20,53.88,3.57,0.22,7.1,515300,40.0,90.7,136.4
2025-06-23,45.63,3.04,0.18,2.43,515300,34.4,91.9,138.2
2025-06-24,34.42,2.48,0.2,0.33,515300,34.4,93.7,140.8
2025-06-25,29.11,2.46,0.18,0.29,515300,34.4,94.9,142.7
2025-06-26,31.78,2.46,0.2,0.65,515300,34.4,94.5,142.0
2025-06-27,28.92,2.1,0.16,0.56,515200,34.4,94.9,142.7
2025-06-30,24.26,1.65,0.2,0.4,515200,58.4,96.1,144.5
2025-07-01,23.03,1.39,0.2,0.33,515300,58.4,96.4,144.9
2025-07-02,24.1,1.54,0.18,0.43,515300,58.4,95.4,143.4
2025-07-03,21.93,1.34,0.14,0.33,515100,58.4,95.9,144.2
2025-07-04,26.54,1.41,0.14,0.76,515000,58.4,95.5,143.5
2025-07-07,25.42,1.23,0.13,1.0,515000,53.6,95.7,143.8
2025-07-08,21.31,1.1,0.14,0.31,515100,53.6,96.9,145.7
2025-07-09,22.89,1.2,0.14,0.65,515100,53.6,96.7,145.3
2025-07-10,22.4,1.14,0.11,0.81,515200,53.6,96.9,145.6
2025-07-11,20.62,1.01,0.09,0.51,515000,53.6,97.7,146.9
2025-07-14,19.7,1.0,0.09,0.51,515000,65.6,97.7,146.9
2025-07-15,24.95,1.16,0.09,1.54,515000,65.6,97.4,146.5
2025-07-16,22.04,1.01,0.05,0.63,515000,65.6,97.7,146.9
2025-07-17,19.72,0.85,0.05,0.65,515000,65.6,98.8,148.6
2025-07-18,19.46,0.85,0.05,0.51,515000,65.6,99.1,148.9
2025-07-21,15.3,0.67,0.02,0.16,514800,69.2,100.0,150.3
2025-07-22,15.61,0.6,0.02,0.25,514800,69.2,100.0,150.9
2025-07-23,18.21,0.65,0.02,0.33,515000,69.2,99.5,150.2
2025-07-24,14.97,0.58,0.02,0.18,515000,69.2,100.0,152.3
2025-07-25,15.08,0.58,0.04,0.38,514900,69.2,100.0,152.5
2025-07-28,15.39,0.51,0.05,0.67,514900,74.8,100.0,153.0
2025-07-29,16.93,0.54,0.07,1.12,514900,74.8,100.0,154.0
2025-07-30,18.52,0.53,0.07,1.01,515000,74.8,99.2,152.7
2025-07-31,26.45,0.58,0.07,2.52,515000,74.8,98.3,151.4
2025-08-01,24.37,0.6,0.09,1.61,515000,74.8,98.5,151.6
2025-08-04,20.8,0.58,0.07,0.58,515000,77.6,99.5,153.2
2025-08-05,17.16,0.49,0.07,0.14,515000,77.6,100.0,154.3
2025-08-06,15.81,0.45,0.05,0.27,515100,77.6,100.0,156.0
2025-08-07,15.82,0.54,0.04,0.24,515100,77.6,100.0,156.0
2025-08-08,16.64,0.38,0.04,0.6,515200,77.6,99.6,155.4
2025-08-11,13.4,0.29,0.04,0.38,515200,84.0,100.0,157.8
2025-08-12,13.53,0.33,0.05,0.42,515300,84.0,100.0,158.3
2025-08-13,13.31,0.36,0.04,0.62,515300,84.0,100.0,160.6
2025-08-14,20.24,0.51,0.05,1.88,515300,84.0,98.8,158.6
2025-08-15,16.01,0.47,0.04,0.96,515300,84.0,100.0,161.8
2025-08-18,13.24,0.36,0.04,0.49,515300,89.6,100.0,164.5
2025-08-19,12.08,0.34,0.04,0.54,515300,89.6,100.0,164.6
2025-08-20,9.54,0.31,0.04,0.29,515300,89.6,100.0,166.1
2025-08-21,8.73,0.29,0.04,0.11,515300,89.6,99.3,164.9
2025-08-22,8.69,0.29,0.04,0.29,515300,89.6,100.0,167.4
2025-08-25,7.31,0.25,0.02,0.11,515300,94.8,100.0,170.0
2025-08-26,6.92,0.22,0.02,0.25,515300,94.8,100.0,170.0
2025-08-27,15.92,0.38,0.02,1.21,515300,94.8,98.1,166.8
2025-08-28,19.17,0.33,0.02,1.72,515300,94.8,99.6,169.3
2025-08-29,21.89,0.43,0.02,1.81,515300,94.8,99.5,169.1
2025-09-01,19.08,0.45,0.02,1.68,515300,96.0,100.0,170.5
2025-09-02,26.15,0.6,0.02,2.41,515300,96.0,97.5,166.3
2025-09-03,38.91,0.91,0.02,6.01,515300,96.0,96.1,163.8
2025-09-04,41.34,1.59,0.02,3.2,515300,96.0,93.9,160.1
2025-09-05,32.52,1.14,0.04,0.89,515300,96.0,96.6,164.7
2025-09-08,26.31,1.14,0.04,0.62,515300,94.0,97.5,166.2
2025-09-09,31.16,1.45,0.02,1.36,515300,94.0,96.3,164.3
2025-09-10,31.88,1.14,0.04,1.27,515400,94.0,96.4,164.4
2025-09-11,27.29,0.94,0.05,0.33,515400,94.0,98.7,168.2
2025-09-12,29.06,0.8,0.04,1.18,515400,94.0,99.0,168.7
2025-09-15,31.32,0.85,0.07,2.52,515400,93.6,98.9,168.6
2025-09-16,27.72,0.62,0.07,1.56,515400,93.6,99.8,170.1
2025-09-17,27.54,0.63,0.05,1.36,515400,93.6,100.0,171.7
2025-09-18,37.53,0.72,0.07,5.54,515400,93.6,99.0,170.0
2025-09-19,40.0,0.71,0.09,6.48,515400,93.6,98.5,169.1
2025-09-22,42.77,0.65,0.07,10.09,515400,92.4,99.1,170.2
2025-09-23,49.59,0.83,0.07,16.57,515500,92.4,98.1,168.4
2025-09-24,44.45,0.67,0.07,1.21,515500,92.4,99.7,171.3
2025-09-25,47.51,0.87,0.11,8.75,515700,92.4,99.4,170.6
2025-09-26,50.48,0.89,0.13,7.98,515800,92.4,97.9,165.7
2025-09-29,47.87,0.72,0.13,4.74,515800,91.2,99.2,168.0
2025-09-30,47.38,0.72,0.09,5.16,515900,91.2,100.0,169.5
2025-10-09,45.43,0.94,0.14,4.47,515900,91.2,100.0,164.7
2025-10-10,45.03,0.85,0.13,2.81,515900,91.2,98.5,160.8
2025-10-13,47.78,1.01,0.14,7.5,515900,91.6,98.3,154.3
2025-10-14,51.62,1.48,0.13,9.85,515800,91.6,96.4,143.5
2025-10-15,47.08,0.91,0.09,0.56,515800,91.6,97.8,138.2
2025-10-16,50.84,1.07,0.11,7.82,515800,91.6,96.8,136.6
2025-10-17,60.37,1.94,0.13,19.23,515900,91.6,94.0,132.7
2025-10-20,56.55,1.43,0.07,2.61,515900,87.2,94.7,133.6
2025-10-21,49.19,1.03,0.05,0.47,515900,87.2,96.0,135.6
2025-10-22,49.54,0.98,0.05,1.92,516000,87.2,95.6,133.0
2025-10-23,48.71,1.03,0.05,2.05,516000,87.2,95.6,133.0
2025-10-24,46.91,0.69,0.05,1.47,516100,87.2,97.0,135.0
2025-10-27,44.27,0.6,0.04,1.0,516100,92.4,98.0,136.4
2025-10-28,45.1,0.56,0.05,1.88,516400,92.4,97.8,136.1
2025-10-29,45.48,0.53,0.07,2.52,516400,92.4,99.0,137.7
2025-10-30,50.66,0.74,0.07,6.39,516400,92.4,97.9,136.2
2025-10-31,47.87,0.45,0.05,1.25,516400,92.4,98.2,136.6
2025-11-03,43.89,0.45,0.05,1.68,516400,92.4,98.6,137.1
2025-11-04,46.55,0.78,0.05,4.18,516400,92.4,97.2,135.3
2025-11-05,43.96,0.58,0.04,2.64,516500,92.4,97.6,135.8
2025-11-06,42.86,0.34,0.04,1.63,516600,92.4,98.7,137.4
2025-11-07,43.2,0.42,0.04,3.95,516700,92.4,98.6,137.2
2025-11-10,39.54,0.42,0.04,1.96,516700,97.2,98.9,137.6
2025-11-11,38.51,0.42,0.05,3.04,516600,97.2,98.6,137.2
2025-11-12,40.96,0.54,0.05,5.58,516600,97.2,97.9,136.2
2025-11-13,37.57,0.38,0.05,1.45,516600,97.2,99.2,138.1
2025-11-14,39.31,0.45,0.05,5.07,516600,97.2,98.1,136.5
2025-11-17,40.12,0.45,0.05,3.57,516600,97.6,98.4,136.9
2025-11-18,45.08,0.58,0.05,5.88,516800,97.6,97.4,135.5
2025-11-19,51.2,0.83,0.02,11.52,516800,97.6,96.6,134.4
2025-11-20,54.23,1.09,0.04,13.09,516800,97.6,96.0,133.5
2025-11-21,70.0,2.63,0.02,33.01,516800,97.6,92.4,128.6
2025-11-24,65.82,1.99,0.04,4.89,516800,84.4,93.6,130.2
2025-11-25,60.35,1.12,0.0,1.97,516900,84.4,94.8,131.9
2025-11-26,62.14,1.21,0.0,5.0,516900,84.4,94.8,131.9
2025-11-27,60.38,1.12,0.0,4.25,516900,84.4,94.9,132.0
2025-11-28,55.46,0.71,0.0,1.2,516900,84.4,95.9,133.4
2025-12-01,52.74,0.83,0.0,0.98,516900,90.0,96.6,134.4
2025-12-02,54.41,0.76,0.02,4.0,516900,90.0,95.6,133.1
2025-12-03,57.4,0.92,0.04,8.56,517000,90.0,94.8,131.9
2025-12-04,61.58,1.47,0.02,11.39,517000,90.0,94.8,131.9
2025-12-05,57.47,1.16,0.04,1.14,517000,90.0,96.0,133.6
2025-12-08,55.37,0.81,0.02,1.99,517000,88.8,97.1,135.1
2025-12-09,57.69,1.03,0.05,7.59,517000,88.8,96.5,134.3
2025-12-10,58.57,1.09,0.05,6.1,517100,88.8,96.9,134.8
2025-12-11,64.67,1.41,0.05,19.61,517100,88.8,95.6,133.0
2025-12-12,64.73,1.52,0.05,14.1,517100,88.8,96.4,134.1
2025-12-15,64.67,1.3,0.05,13.47,517100,86.4,95.6,133.0
2025-12-16,69.2,1.88,0.11,26.69,517200,86.4,93.9,130.7
2025-12-17,67.12,1.38,0.14,8.76,517300,86.4,95.3,132.6
2025-12-18,66.29,1.38,0.14,5.43,517400,86.4,95.1,132.3
2025-12-19,61.34,1.0,0.13,0.56,517500,86.4,95.8,133.4
2025-12-22,59.68,1.0,0.09,0.81,517500,88.4,96.9,134.8
2025-12-23,61.22,1.03,0.13,3.77,517800,88.4,96.7,134.5
2025-12-24,57.25,0.78,0.13,0.69,517900,88.4,98.1,136.6
2025-12-25,53.3,0.65,0.13,0.53,517900,88.4,99.1,137.9
2025-12-26,54.17,0.62,0.11,1.2,517900,88.4,99.4,138.4
2025-12-29,54.41,0.76,0.13,3.57,517900,92.0,99.3,138.2
2025-12-30,55.19,0.91,0.14,5.63,518200,92.0,99.3,138.2
2025-12-31,55.5,0.87,0.11,4.98,518200,92.0,99.3,138.2
2026-01-05,48.16,0.71,0.13,0.65,518200,98.0,100.0,141.1
2026-01-06,41.83,0.65,0.11,0.22,518300,98.0,100.0,143.1
2026-01-07,42.4,0.62,0.11,0.94,518300,98.0,100.0,143.8
2026-01-08,37.62,0.45,0.07,0.56,518300,98.0,100.0,145.0
2026-01-09,31.87,0.43,0.07,0.45,518300,98.0,100.0,147.9
2026-01-12,25.66,0.34,0.04,0.47,518300,100.0,100.0,152.0
2026-01-13,29.21,0.4,0.04,0.67,518300,100.0,98.2,149.2
2026-01-14,28.93,0.36,0.04,1.3,518300,100.0,98.8,150.2
2026-01-15,29.24,0.62,0.04,1.99,518400,100.0,98.6,149.9
2026-01-16,29.86,0.85,0.11,2.7,518400,100.0,98.5,149.8
2026-01-19,24.95,1.01,0.07,1.48,518400,100.0,98.9,150.4
2026-01-20,25.11,1.39,0.05,0.81,518400,100.0,97.9,148.9
2026-01-21,24.12,1.52,0.13,1.67,518400,100.0,98.7,150.1
2026-01-22,20.71,1.21,0.07,1.32,518300,100.0,99.4,151.2
2026-01-23,17.0,0.65,0.04,1.0,518300,100.0,100.0,154.1
2026-01-26,20.53,1.27,0.05,1.97,518300,100.0,98.8,152.2
2026-01-27,24.88,1.16,0.04,3.42,518300,100.0,99.0,152.5
2026-01-28,29.13,1.58,0.07,3.89,518400,100.0,99.2,152.8
2026-01-29,32.01,1.61,0.11,3.15,518500,100.0,98.4,151.6
2026-01-30,34.06,1.85,0.13,3.55,518500,100.0,97.5,150.2
2026-02-02,45.08,2.43,0.18,8.87,518500,98.4,94.2,145.1
2026-02-03,36.12,1.67,0.11,2.05,518600,98.4,96.9,149.4
2026-02-04,32.46,1.86,0.09,1.03,518600,98.4,96.9,149.3
2026-02-05,35.63,2.26,0.09,1.83,518700,98.4,95.2,146.8
2026-02-06,35.02,2.57,0.11,1.2,518700,98.4,95.1,146.5
2026-02-09,27.21,1.21,0.11,0.34,518700,99.6,97.2,149.8
2026-02-10,27.18,1.23,0.13,0.62,518900,99.6,97.4,150.1
2026-02-11,27.81,1.05,0.09,0.85,519000,99.6,97.3,149.9
2026-02-12,30.83,1.12,0.09,2.28,519000,99.6,98.2,151.3
2026-02-13,34.2,1.12,0.11,3.53,519000,99.6,96.9,149.3
2026-02-24,29.08,1.09,0.09,1.29,519000,99.6,98.0,151.0
2026-02-25,25.96,0.85,0.09,0.56,519000,99.6,99.5,153.3
2026-02-26,27.14,0.98,0.09,2.37,519000,99.6,100.0,154.5
2026-02-27,25.66,0.83,0.09,1.32,519000,99.6,100.0,155.8
2026-03-02,36.23,1.18,0.09,8.53,519000,99.6,99.0,154.2
2026-03-03,50.3,2.43,0.14,17.18,519000,99.6,95.1,148.1
2026-03-04,53.7,2.3,0.13,19.46,519000,99.6,94.6,147.3
2026-03-05,48.72,1.88,0.11,3.39,519000,99.6,95.4,148.7
2026-03-06,42.13,1.34,0.13,0.49,519100,99.6,96.4,150.1
2026-03-09,45.99,1.27,0.11,4.49,519100,97.6,95.8,149.3
2026-03-10,40.0,1.03,0.09,0.27,519100,97.6,97.5,151.9
2026-03-11,40.77,0.92,0.07,1.1,519100,97.6,97.7,152.2
2026-03-12,43.91,1.27,0.09,3.3,519100,97.6,97.4,151.7
2026-03-13,45.95,1.5,0.07,5.43,519100,97.6,96.0,149.4
2026-03-16,46.21,1.45,0.07,2.64,519100,98.0,95.9,149.4
2026-03-17,53.67,2.08,0.14,9.03,519100,98.0,93.7,145.9
2026-03-18,50.9,1.34,0.09,3.68,519100,98.0,94.6,147.3
2026-03-19,61.67,2.55,0.11,19.07,519100,98.0,92.4,143.9
2026-03-20,69.0,4.16,0.14,31.78,519100,98.0,90.9,141.6
2026-03-23,78.91,10.48,0.24,51.64,519100,78.8,86.5,134.8
2026-03-24,73.91,5.58,0.09,1.3,519100,78.8,88.8,138.3
2026-03-25,69.78,3.46,0.11,0.53,519300,78.8,90.5,141.0
2026-03-26,72.13,5.07,0.13,4.91,519300,78.8,89.2,139.0
2026-03-27,69.8,3.22,0.09,0.92,519200,78.8,90.5,140.9
2026-03-30,68.97,1.96,0.05,3.22,519200,90.8,90.7,141.3
2026-03-31,72.84,2.97,0.11,7.88,519300,90.8,89.0,138.6
2026-04-01,69.58,1.99,0.07,0.91,519400,90.8,90.7,141.3
2026-04-02,72.62,3.2,0.11,9.4,519400,90.8,89.0,138.7
2026-04-03,77.49,5.11,0.16,21.27,519400,90.8,88.0,137.1
2026-04-07,75.1,4.18,0.14,5.7,519400,90.8,88.8,138.4
2026-04-08,67.54,1.74,0.14,0.34,519500,90.8,92.9,144.7
2026-04-09,69.78,1.97,0.13,1.27,519500,90.8,92.5,144.1
2026-04-10,67.95,1.86,0.11,0.69,519700,90.8,93.4,145.5
2026-04-13,67.32,1.36,0.09,1.43,519600,95.6,93.7,146.0
2026-04-14,65.06,1.27,0.09,0.96,519600,95.6,95.1,148.2
2026-04-15,64.75,1.41,0.09,1.36,519600,95.6,94.7,147.5
2026-04-16,61.31,1.09,0.05,0.69,519800,95.6,96.2,149.8
2026-04-17,61.22,1.16,0.05,2.08,519900,95.6,97.0,150.2
2026-04-20,58.83,0.96,0.05,1.52,519900,96.0,97.6,147.9
2026-04-21,58.7,0.81,0.09,2.05,520100,96.0,97.6,144.4
2026-04-22,57.07,0.85,0.09,2.92,520000,96.0,99.1,145.4
2026-04-23,59.77,0.96,0.11,5.2,520000,96.0,97.7,143.4
2026-04-24,61.02,1.1,0.13,6.68,520100,96.0,97.0,142.4
2026-04-27,58.14,1.05,0.14,5.56,520000,95.6,97.4,143.0
2026-04-28,59.91,1.34,0.13,9.6,520000,95.6,96.1,141.1
2026-04-29,56.11,1.47,0.16,3.06,520000,95.6,97.5,143.1
2026-04-30,54.08,1.48,0.25,5.31,520100,95.6,97.9,142.6
2026-05-06,49.74,1.39,0.27,3.91,520100,95.6,100.0,145.9
2026-05-07,46.66,1.39,0.29,3.57,520100,95.6,100.0,148.3
2026-05-08,43.44,1.39,0.29,2.28,520100,95.6,100.0,148.7
2026-05-11,41.08,1.43,0.29,2.39,520300,99.6,100.0,150.9
2026-05-12,45.3,1.63,0.38,5.72,520300,99.6,99.5,150.1
2026-05-13,43.42,1.65,0.36,4.0,520300,99.6,100.0,151.7
2026-05-14,48.65,1.94,0.49,10.81,520300,99.6,98.0,147.5
2026-05-15,49.94,2.21,0.49,12.89,520400,99.6,97.0,145.1
2026-05-18,49.77,2.46,0.45,12.96,520500,96.4,97.4,145.7
2026-05-19,47.46,2.28,0.47,4.54,520500,96.4,98.4,147.2
2026-05-20,50.14,2.52,0.47,14.01,520500,96.4,98.4,147.2
2026-05-21,57.58,3.48,0.58,23.32,520500,96.4,95.0,142.2
2026-05-22,53.99,3.31,0.58,9.96,520700,96.4,97.1,145.3
2026-05-25,54.28,3.17,0.58,14.63,520700,96.0,98.3,147.0
2026-05-26,57.65,3.98,0.6,20.26,520700,96.0,97.0,145.2
2026-05-27,61.89,5.18,0.72,28.34,520800,96.0,95.4,142.8
2026-05-28,61.04,4.89,0.72,18.02,520800,96.0,96.5,144.3
2026-05-29,66.3,7.12,1.0,24.68,520800,96.0,93.9,140.5
2026-06-01,64.44,6.81,1.0,4.45,520800,83.2,93.2,139.4
2026-06-02,66.25,7.95,1.03,16.39,520800,83.2,93.6,140.1
2026-06-03,67.39,8.18,1.12,23.7,520700,83.2,94.2,140.9
2026-06-04,69.24,9.74,1.01,34.76,520700,83.2,94.0,140.7
2026-06-05,68.59,9.32,1.09,12.66,520700,83.2,93.1,139.4
2026-06-08,73.26,14.39,1.63,40.94,520700,71.6,90.2,135.0
2026-06-09,71.1,11.55,1.47,19.55,520800,71.6,92.9,138.7
2026-06-10,73.15,12.29,1.67,30.76,520700,71.6,91.6,136.7
2026-06-11,74.2,14.09,1.77,37.99,520700,71.6,91.1,136.0
2026-06-12,73.46,12.17,1.76,5.83,520700,71.6,91.6,136.7
2026-06-15,70.34,9.18,1.25,5.79,520700,74.4,95.2,142.0
2026-06-16,68.84,7.31,1.0,9.4,520700,74.4,96.5,144.1
2026-06-17,69.13,6.95,0.91,22.22,520700,74.4,97.2,145.1
2026-06-18,70.07,7.08,0.87,24.97,520700,74.4,97.9,146.2
2026-06-22,69.64,6.95,0.81,15.3,520700,72.8,99.0,147.8
2026-06-23,69.82,6.55,0.74,10.66,520700,72.8,96.9,144.7
2026-06-24,70.85,6.88,0.71,32.5,520800,72.8,98.2,146.6
2026-06-25,72.15,9.11,0.87,41.63,520800,72.8,98.6,147.1
2026-06-26,74.76,10.34,0.8,50.23,520700,72.8,96.0,143.4
2026-06-29,74.94,10.85,0.83,29.02,520500,56.8,96.0,143.3
2026-06-30,73.22,8.42,0.62,21.69,520500,56.8,98.4,146.8
2026-07-01,71.08,6.1,0.58,2.17,520500,56.8,99.1,148.0
2026-07-02,72.28,6.07,0.54,3.89,520600,56.8,96.3,141.9
2026-07-03,71.25,5.03,0.49,2.1,520400,56.8,96.3,139.2
2026-07-06,72.48,6.16,0.56,7.97,520300,61.2,94.6,135.6
2026-07-07,76.01,8.49,0.76,21.31,520300,61.2,92.7,132.9
2026-07-08,78.47,10.79,0.89,22.83,520300,61.2,90.6,129.3
2026-07-09,77.42,8.94,0.71,18.36,520300,61.2,92.7,131.5
2026-07-10,78.11,10.16,0.69,4.67,520300,61.2,91.5,129.9
2026-07-13,82.22,18.29,1.81,34.62,520300,31.6,87.0,123.4
2026-07-14,80.26,16.28,1.23,8.11,520100,31.6,88.5,125.6
2026-07-15,79.67,18.16,1.59,9.4,520100,31.6,87.3,123.9
2026-07-16,81.12,20.46,2.9,13.43,520100,31.6,85.2,120.6
2026-07-17,86.38,27.54,7.39,34.46,520000,31.6,80.0,112.2
2026-07-20,85.66,31.09,11.53,39.09,520000,19.2,77.8,109.0
2026-07-21,85.3,27.97,7.88,15.26,520100,19.2,81.1,113.3
2026-07-22,84.92,28.14,8.47,26.6,520100,19.2,79.9,111.1
2026-07-23,84.19,24.17,7.44,2.68,520100,19.2,80.3,111.7
2026-07-24,87.09,26.74,8.37,19.74,520100,19.2,78.1,108.6
2026-07-27,84.43,22.87,5.69,0.34,520200,23.6,80.7,111.9
2026-07-28,84.59,23.88,7.35,5.76,520200,23.6,78.5,107.5
2026-07-29,81.35,21.87,6.55,6.41,520200,23.6,79.2,108.3
2026-07-30,80.55,24.19,9.38,14.97,520300,23.6,77.1,104.4
2026-07-31,77.46,18.72,5.87,0.33,520300,23.6,79.0,107.1
2026-08-03,73.66,16.66,5.63,2.37,520300,30.0,79.1,107.2
2026-08-04,72.62,12.95,2.95,0.05,520400,30.0,81.3,109.3
2026-08-05,70.25,10.28,1.56,0.11,520400,30.0,83.7,112.5
2026-08-06,69.07,7.3,0.65,0.07,520500,30.0,84.1,113.0
2026-08-07,67.1,2.9,0.22,0.13,520600,30.0,85.8,115.3
2026-08-10,56.27,2.66,0.22,0.09,520600,59.2,86.4,116.1
2026-08-11,57.58,1.74,0.07,0.07,520800,59.2,86.0,115.6
2026-08-12,51.71,0.72,0.0,0.04,520800,59.2,87.0,116.8
2026-08-13,57.02,0.29,0.0,0.2,520800,59.2,86.2,114.5
2026-08-14,57.49,0.22,0.02,0.4,520800,59.2,86.8,114.5
2026-08-17,49.0,0.13,0.0,0.24,520800,59.2,89.0,116.5
2026-08-18,49.16,0.16,0.0,0.38,520900,59.2,88.7,116.2
2026-08-19,64.22,0.53,0.0,1.45,521000,59.2,83.9,109.9
