date,top10,top10_pctile_3y,top10_pctile_10y
20050104,0.630015,,
20050105,0.589197,,
20050106,0.581054,,
20050107,0.579308,,
20050110,0.580075,,
20050111,0.557718,,
20050112,0.532417,,
20050113,0.545251,,
20050114,0.559382,,
20050117,0.52951,,
20050118,0.554994,,
20050119,0.568194,,
20050120,0.540178,,
20050121,0.57725,,
20050124,0.527131,,
20050125,0.571331,,
20050126,0.540441,,
20050127,0.542096,,
20050128,0.491103,,
20050131,0.493423,,
20050201,0.538332,,
20050202,0.566095,,
20050203,0.595217,,
20050204,0.604543,,
20050216,0.579434,,
20050217,0.577721,,
20050218,0.563192,,
20050221,0.557944,,
20050222,0.489479,,
20050223,0.49855,,
20050224,0.498626,,
20050225,0.494597,,
20050228,0.502285,,
20050301,0.492227,,
20050302,0.517732,,
20050303,0.500029,,
20050304,0.519997,,
20050307,0.521549,,
20050308,0.509568,,
20050309,0.506033,,
20050310,0.483529,,
20050311,0.513267,,
20050314,0.521923,,
20050315,0.513722,,
20050316,0.524866,,
20050317,0.525455,,
20050318,0.502338,,
20050321,0.51571,,
20050322,0.513633,,
20050323,0.533598,,
20050324,0.576114,,
20050325,0.524257,,
20050328,0.504329,,
20050329,0.53209,,
20050330,0.489095,,
20050331,0.497644,,
20050401,0.542677,,
20050404,0.556096,,
20050405,0.552665,,
20050406,0.56545,,
20050407,0.517827,,
20050408,0.501121,,
20050411,0.51634,,
20050412,0.518724,,
20050413,0.508293,,
20050414,0.505714,,
20050415,0.485237,,
20050418,0.520391,,
20050419,0.560218,,
20050420,0.492792,,
20050421,0.496877,,
20050422,0.497416,,
20050425,0.510504,,
20050426,0.512984,,
20050427,0.523783,,
20050428,0.505558,,
20050429,0.537205,,
20050509,0.526907,,
20050510,0.555824,,
20050511,0.555327,,
20050512,0.582516,,
20050513,0.573951,,
20050516,0.541915,,
20050517,0.516457,,
20050518,0.551314,,
20050519,0.527205,,
20050520,0.507344,,
20050523,0.512082,,
20050524,0.541257,,
20050525,0.482151,,
20050526,0.487351,,
20050527,0.528359,,
20050530,0.51744,,
20050531,0.525961,,
20050601,0.544923,,
20050602,0.568847,,
20050603,0.567871,,
20050606,0.553761,,
20050607,0.549671,,
20050608,0.524125,,
20050609,0.533824,,
20050610,0.567645,,
20050613,0.55273,,
20050614,0.537977,,
20050615,0.548035,,
20050616,0.578401,,
20050617,0.624866,,
20050620,0.581972,,
20050621,0.564514,,
20050622,0.581053,,
20050623,0.547734,,
20050624,0.570959,,
20050627,0.504881,,
20050628,0.544544,,
20050629,0.585656,,
20050630,0.536757,,
20050701,0.475403,,
20050704,0.48418,,
20050705,0.606596,,
20050706,0.561578,,
20050707,0.547333,,
20050708,0.487096,,
20050711,0.525606,,
20050712,0.589188,,
20050713,0.556988,,
20050714,0.557815,,
20050715,0.508319,,
20050718,0.51639,,
20050719,0.559412,,
20050720,0.560285,,
20050721,0.564027,,
20050722,0.566531,,
20050725,0.570156,,
20050726,0.569166,,
20050727,0.532037,,
20050728,0.522407,,
20050729,0.528514,,
20050801,0.527046,,
20050802,0.482558,,
20050803,0.479438,,
20050804,0.498069,,
20050805,0.491603,,
20050808,0.452783,,
20050809,0.45461,,
20050810,0.443101,,
20050811,0.465811,,
20050812,0.451346,,
20050815,0.50012,,
20050816,0.442861,,
20050817,0.405356,,
20050818,0.446685,,
20050819,0.452226,,
20050822,0.513548,,
20050823,0.465506,,
20050824,0.478027,,
20050825,0.447989,,
20050826,0.429034,,
20050829,0.417352,,
20050830,0.450489,,
20050831,0.433227,,
20050901,0.397713,,
20050902,0.374089,,
20050905,0.383152,,
20050906,0.372394,,
20050907,0.421897,,
20050908,0.428861,,
20050909,0.415049,,
20050912,0.411018,,
20050913,0.370872,,
20050914,0.379779,,
20050915,0.389304,,
20050916,0.393788,,
20050919,0.388506,,
20050920,0.383604,,
20050921,0.404745,,
20050922,0.413037,,
20050923,0.428097,,
20050926,0.469979,,
20050927,0.433524,,
20050928,0.427946,,
20050929,0.427159,,
20050930,0.443,,
20051010,0.456273,,
20051011,0.451105,,
20051012,0.474544,,
20051013,0.459958,,
20051014,0.459722,,
20051017,0.460191,,
20051018,0.441505,,
20051019,0.392522,,
20051020,0.463349,,
20051021,0.447221,,
20051024,0.476588,,
20051025,0.449097,,
20051026,0.452833,,
20051027,0.485362,,
20051028,0.463857,,
20051031,0.49566,,
20051101,0.489764,,
20051102,0.467445,,
20051103,0.515874,,
20051104,0.477415,,
20051107,0.488295,,
20051108,0.436605,,
20051109,0.458405,,
20051110,0.451638,,
20051111,0.462416,,
20051114,0.467943,,
20051115,0.504935,,
20051116,0.480461,,
20051117,0.489804,,
20051118,0.471167,,
20051121,0.478203,,
20051122,0.477246,,
20051123,0.529179,,
20051124,0.568309,,
20051125,0.566499,,
20051128,0.547843,,
20051129,0.489056,,
20051130,0.533468,,
20051201,0.542267,,
20051202,0.573933,,
20051205,0.516887,,
20051206,0.588087,,
20051207,0.587958,,
20051208,0.595652,,
20051209,0.556195,,
20051212,0.550621,,
20051213,0.581031,,
20051214,0.559014,,
20051215,0.561077,,
20051216,0.555851,,
20051219,0.519709,,
20051220,0.557476,,
20051221,0.522244,,
20051222,0.519341,,
20051223,0.505667,,
20051226,0.514199,,
20051227,0.537667,,
20051228,0.53719,,
20051229,0.533868,,
20051230,0.560263,,
20060104,0.589313,0.975309,0.975309
20060105,0.558459,0.795082,0.795082
20060106,0.521119,0.534694,0.534694
20060109,0.4906,0.325203,0.325203
20060110,0.530788,0.615385,0.615385
20060111,0.503793,0.399194,0.399194
20060112,0.443186,0.124498,0.124498
20060113,0.439468,0.108,0.108
20060116,0.462722,0.203187,0.203187
20060117,0.488949,0.309524,0.309524
20060118,0.467633,0.225296,0.225296
20060119,0.473783,0.240157,0.240157
20060120,0.47574,0.25098,0.25098
20060123,0.475303,0.246094,0.246094
20060124,0.509222,0.459144,0.459144
20060125,0.483248,0.290698,0.290698
20060206,0.507744,0.451737,0.451737
20060207,0.508197,0.453846,0.453846
20060208,0.515693,0.501916,0.501916
20060209,0.489078,0.324427,0.324427
20060210,0.49651,0.372624,0.372624
20060213,0.50464,0.424242,0.424242
20060214,0.478627,0.267925,0.267925
20060215,0.512484,0.484962,0.484962
20060216,0.490225,0.340824,0.340824
20060217,0.504375,0.425373,0.425373
20060220,0.54906,0.747212,0.747212
20060221,0.57871,0.925926,0.925926
20060222,0.560785,0.833948,0.833948
20060223,0.532318,0.647059,0.647059
20060224,0.522012,0.571429,0.571429
20060227,0.594125,0.978102,0.978102
20060228,0.553584,0.76,0.76
20060301,0.525641,0.597826,0.597826
20060302,0.555417,0.772563,0.772563
20060303,0.559141,0.81295,0.81295
20060306,0.574802,0.90681,0.90681
20060307,0.532198,0.635714,0.635714
20060308,0.567104,0.864769,0.864769
20060309,0.566428,0.85461,0.85461
20060310,0.563978,0.837456,0.837456
20060313,0.558209,0.792254,0.792254
20060314,0.553589,0.74386,0.74386
20060315,0.542052,0.681818,0.681818
20060316,0.53837,0.665505,0.665505
20060317,0.538548,0.666667,0.666667
20060320,0.520778,0.529412,0.529412
20060321,0.517554,0.503448,0.503448
20060322,0.523193,0.553265,0.553265
20060323,0.495501,0.339041,0.339041
20060324,0.516449,0.491468,0.491468
20060327,0.516279,0.482993,0.482993
20060328,0.530388,0.613559,0.613559
20060329,0.537117,0.652027,0.652027
20060330,0.527674,0.59596,0.59596
20060331,0.554937,0.758389,0.758389
20060403,0.505995,0.408027,0.408027
20060404,0.494375,0.326667,0.326667
20060405,0.49666,0.342193,0.342193
20060406,0.483146,0.251656,0.251656
20060407,0.475004,0.207921,0.207921
20060410,0.442235,0.095395,0.095395
20060411,0.464851,0.180328,0.180328
20060412,0.449329,0.124183,0.124183
20060413,0.438321,0.087948,0.087948
20060414,0.494883,0.344156,0.344156
20060417,0.485515,0.281553,0.281553
20060418,0.514897,0.483871,0.483871
20060419,0.537569,0.672026,0.672026
20060420,0.54596,0.724359,0.724359
20060421,0.533788,0.648562,0.648562
20060424,0.534902,0.656051,0.656051
20060425,0.550276,0.746032,0.746032
20060426,0.553962,0.768987,0.768987
20060427,0.51384,0.470032,0.470032
20060428,0.541312,0.694969,0.694969
20060508,0.502973,0.38558,0.38558
20060509,0.472887,0.203125,0.203125
20060510,0.462434,0.168224,0.168224
20060511,0.463673,0.177019,0.177019
20060512,0.466688,0.19195,0.19195
20060515,0.45501,0.148148,0.148148
20060516,0.482894,0.264615,0.264615
20060517,0.486069,0.288344,0.288344
20060518,0.472056,0.211009,0.211009
20060519,0.459546,0.155488,0.155488
20060522,0.439389,0.085106,0.085106
20060523,0.437329,0.081818,0.081818
20060524,0.479656,0.26284,0.26284
20060525,0.479001,0.259036,0.259036
20060526,0.44293,0.102102,0.102102
20060529,0.440769,0.092814,0.092814
20060530,0.438564,0.086567,0.086567
20060531,0.415898,0.050595,0.050595
20060601,0.379528,0.011869,0.011869
20060602,0.390724,0.029586,0.029586
20060605,0.401828,0.041298,0.041298
20060606,0.400147,0.041176,0.041176
20060607,0.416851,0.064516,0.064516
20060608,0.451868,0.160819,0.160819
20060609,0.438311,0.099125,0.099125
20060612,0.490798,0.360465,0.360465
20060613,0.507512,0.466667,0.466667
20060614,0.500273,0.419075,0.419075
20060615,0.466244,0.221902,0.221902
20060616,0.446105,0.135057,0.135057
20060619,0.465238,0.217765,0.217765
20060620,0.435789,0.091429,0.091429
20060621,0.452731,0.17094,0.17094
20060622,0.446837,0.142045,0.142045
20060623,0.450854,0.15864,0.15864
20060626,0.436372,0.09322,0.09322
20060627,0.432759,0.084507,0.084507
20060628,0.412315,0.053371,0.053371
20060629,0.407137,0.05042,0.05042
20060630,0.424833,0.075419,0.075419
20060703,0.42581,0.077994,0.077994
20060704,0.442785,0.136111,0.136111
20060705,0.514074,0.531856,0.531856
20060706,0.410793,0.052486,0.052486
20060707,0.41473,0.063361,0.063361
20060710,0.399036,0.038462,0.038462
20060711,0.411741,0.060274,0.060274
20060712,0.430095,0.103825,0.103825
20060713,0.403697,0.046322,0.046322
20060714,0.436385,0.122283,0.122283
20060717,0.44573,0.168022,0.168022
20060718,0.443078,0.162162,0.162162
20060719,0.421539,0.083558,0.083558
20060720,0.416426,0.077957,0.077957
20060721,0.419952,0.085791,0.085791
20060724,0.419285,0.085561,0.085561
20060725,0.404019,0.048,0.048
20060726,0.38515,0.021277,0.021277
20060727,0.393736,0.034483,0.034483
20060728,0.397647,0.039683,0.039683
20060731,0.427762,0.113456,0.113456
20060801,0.487542,0.384211,0.384211
20060802,0.47908,0.341207,0.341207
20060803,0.48319,0.361257,0.361257
20060804,0.434189,0.13577,0.13577
20060807,0.451389,0.221354,0.221354
20060808,0.459011,0.249351,0.249351
20060809,0.459308,0.251295,0.251295
20060810,0.485153,0.377261,0.377261
20060811,0.465713,0.286082,0.286082
20060814,0.439402,0.159383,0.159383
20060815,0.479293,0.351282,0.351282
20060816,0.481271,0.360614,0.360614
20060817,0.4654,0.283163,0.283163
20060818,0.483054,0.371501,0.371501
20060821,0.449055,0.203046,0.203046
20060822,0.470808,0.308861,0.308861
20060823,0.499371,0.482323,0.482323
20060824,0.481055,0.36272,0.36272
20060825,0.469791,0.30402,0.30402
20060828,0.445035,0.185464,0.185464
20060829,0.427564,0.1075,0.1075
20060830,0.44779,0.201995,0.201995
20060831,0.41882,0.089552,0.089552
20060901,0.429134,0.124069,0.124069
20060904,0.424147,0.101485,0.101485
20060905,0.457931,0.254321,0.254321
20060906,0.45314,0.246305,0.246305
20060907,0.452327,0.238329,0.238329
20060908,0.468515,0.318627,0.318627
20060911,0.478579,0.361858,0.361858
20060912,0.489952,0.446341,0.446341
20060913,0.510841,0.56691,0.56691
20060914,0.474083,0.334951,0.334951
20060915,0.523411,0.658596,0.658596
20060918,0.470286,0.321256,0.321256
20060919,0.437406,0.149398,0.149398
20060920,0.434982,0.137019,0.137019
20060921,0.438228,0.153477,0.153477
20060922,0.491864,0.464115,0.464115
20060925,0.479479,0.379475,0.379475
20060926,0.449131,0.216667,0.216667
20060927,0.449318,0.218527,0.218527
20060928,0.452944,0.251185,0.251185
20060929,0.448649,0.210402,0.210402
20061009,0.479614,0.386792,0.386792
20061010,0.45205,0.24,0.24
20061011,0.426877,0.103286,0.103286
20061012,0.429832,0.124122,0.124122
20061013,0.447606,0.207944,0.207944
20061016,0.470011,0.335664,0.335664
20061017,0.486648,0.437209,0.437209
20061018,0.475912,0.364269,0.364269
20061019,0.426371,0.101852,0.101852
20061020,0.448802,0.21709,0.21709
20061023,0.419119,0.085253,0.085253
20061024,0.433429,0.135632,0.135632
20061025,0.489624,0.465596,0.465596
20061026,0.52979,0.716247,0.716247
20061027,0.602596,0.990868,0.990868
20061030,0.52303,0.669704,0.669704
20061031,0.547796,0.802273,0.802273
20061101,0.554456,0.8322,0.8322
20061102,0.554592,0.832579,0.832579
20061103,0.547906,0.801354,0.801354
20061106,0.555786,0.842342,0.842342
20061107,0.560872,0.885393,0.885393
20061108,0.556043,0.845291,0.845291
20061109,0.591532,0.982103,0.982103
20061110,0.602641,0.991071,0.991071
20061113,0.567057,0.906459,0.906459
20061114,0.592805,0.98,0.98
20061115,0.619524,0.995565,0.995565
20061116,0.639314,1.0,1.0
20061117,0.619354,0.99117,0.99117
20061120,0.619208,0.988987,0.988987
20061121,0.617056,0.986813,0.986813
20061122,0.593384,0.969298,0.969298
20061123,0.588691,0.956236,0.956236
20061124,0.567106,0.893013,0.893013
20061127,0.5434,0.755991,0.755991
20061128,0.523995,0.647826,0.647826
20061129,0.525361,0.655098,0.655098
20061130,0.505039,0.525974,0.525974
20061201,0.509364,0.552916,0.552916
20061204,0.515491,0.584052,0.584052
20061205,0.502503,0.507527,0.507527
20061206,0.512818,0.564378,0.564378
20061207,0.551567,0.792291,0.792291
20061208,0.558907,0.846154,0.846154
20061211,0.58842,0.955224,0.955224
20061212,0.595601,0.974468,0.974468
20061213,0.580118,0.934183,0.934183
20061214,0.527065,0.665254,0.665254
20061215,0.514394,0.575053,0.575053
20061218,0.519473,0.611814,0.611814
20061219,0.515437,0.576842,0.576842
20061220,0.470412,0.315126,0.315126
20061221,0.461196,0.268344,0.268344
20061222,0.523161,0.638075,0.638075
20061225,0.539631,0.734864,0.734864
20061226,0.541662,0.74375,0.74375
20061227,0.55612,0.825364,0.825364
20061228,0.566326,0.879668,0.879668
20061229,0.604334,0.981366,0.981366
20070104,0.627845,0.995868,0.995868
20070105,0.593502,0.964948,0.964948
20070108,0.50652,0.518519,0.518519
20070109,0.543714,0.749487,0.749487
20070110,0.4992,0.473361,0.473361
20070111,0.452264,0.226994,0.226994
20070112,0.479471,0.359184,0.359184
20070115,0.489559,0.421589,0.421589
20070116,0.473015,0.319106,0.319106
20070117,0.452381,0.229209,0.229209
20070118,0.479865,0.368421,0.368421
20070119,0.430811,0.115152,0.115152
20070122,0.441625,0.159274,0.159274
20070123,0.471158,0.315895,0.315895
20070124,0.480864,0.375502,0.375502
20070125,0.477663,0.346693,0.346693
20070126,0.495581,0.466,0.466
20070129,0.498477,0.481038,0.481038
20070130,0.477926,0.346614,0.346614
20070131,0.479207,0.359841,0.359841
20070201,0.478831,0.355159,0.355159
20070202,0.486022,0.409901,0.409901
20070205,0.514868,0.581028,0.581028
20070206,0.542667,0.753452,0.753452
20070207,0.516901,0.604331,0.604331
20070208,0.469294,0.29666,0.29666
20070209,0.466121,0.284314,0.284314
20070212,0.456337,0.242661,0.242661
20070213,0.431274,0.113281,0.113281
20070214,0.42778,0.097466,0.097466
20070215,0.421329,0.077821,0.077821
20070216,0.419481,0.075728,0.075728
20070226,0.439604,0.156977,0.156977
20070227,0.425797,0.088975,0.088975
20070228,0.435744,0.133205,0.133205
20070301,0.467685,0.304432,0.304432
20070302,0.429273,0.113462,0.113462
20070305,0.431554,0.122841,0.122841
20070306,0.476619,0.35249,0.35249
20070307,0.447062,0.195029,0.195029
20070308,0.398049,0.032443,0.032443
20070309,0.429848,0.118095,0.118095
20070312,0.382973,0.011407,0.011407
20070313,0.382888,0.011385,0.011385
20070314,0.38815,0.020833,0.020833
20070315,0.389598,0.026465,0.026465
20070316,0.392784,0.032075,0.032075
20070319,0.456473,0.26742,0.26742
20070320,0.422489,0.093985,0.093985
20070321,0.409138,0.058161,0.058161
20070322,0.413691,0.069288,0.069288
20070323,0.403787,0.050467,0.050467
20070326,0.380885,0.011194,0.011194
20070327,0.386977,0.022346,0.022346
20070328,0.432331,0.144981,0.144981
20070329,0.493952,0.487941,0.487941
20070330,0.469852,0.335185,0.335185
20070402,0.474286,0.358595,0.358595
20070403,0.451243,0.241697,0.241697
20070404,0.427803,0.121547,0.121547
20070405,0.409949,0.064338,0.064338
20070406,0.401825,0.049541,0.049541
20070409,0.397862,0.043956,0.043956
20070410,0.429846,0.140768,0.140768
20070411,0.431926,0.15146,0.15146
20070412,0.400814,0.051002,0.051002
20070413,0.39938,0.049091,0.049091
20070416,0.397486,0.039927,0.039927
20070417,0.386869,0.021739,0.021739
20070418,0.390433,0.03255,0.03255
20070419,0.402166,0.063177,0.063177
20070420,0.406733,0.073874,0.073874
20070423,0.393579,0.039568,0.039568
20070424,0.386591,0.021544,0.021544
20070425,0.409843,0.082437,0.082437
20070426,0.410823,0.087657,0.087657
20070427,0.431853,0.167857,0.167857
20070430,0.425815,0.131907,0.131907
20070508,0.410755,0.085409,0.085409
20070509,0.46148,0.319716,0.319716
20070510,0.437016,0.195035,0.195035
20070511,0.426742,0.136283,0.136283
20070514,0.436118,0.190813,0.190813
20070515,0.44366,0.236332,0.236332
20070516,0.428154,0.151408,0.151408
20070517,0.412208,0.093146,0.093146
20070518,0.397862,0.052632,0.052632
20070521,0.390277,0.033275,0.033275
20070522,0.381154,0.012238,0.012238
20070523,0.374386,0.006981,0.006981
20070524,0.387387,0.029617,0.029617
20070525,0.396792,0.052174,0.052174
20070528,0.392288,0.043403,0.043403
20070529,0.388136,0.031196,0.031196
20070530,0.439818,0.230104,0.230104
20070531,0.452701,0.303972,0.303972
20070601,0.48296,0.460345,0.460345
20070604,0.502414,0.564544,0.564544
20070605,0.465944,0.359107,0.359107
20070606,0.424403,0.138937,0.138937
20070607,0.427597,0.155822,0.155822
20070608,0.437634,0.217094,0.217094
20070611,0.432062,0.18942,0.18942
20070612,0.424369,0.13799,0.13799
20070613,0.403185,0.078231,0.078231
20070614,0.401671,0.073005,0.073005
20070615,0.417019,0.122034,0.122034
20070618,0.432031,0.194585,0.194585
20070619,0.425255,0.146959,0.146959
20070620,0.421364,0.134907,0.134907
20070621,0.439306,0.23569,0.23569
20070622,0.43474,0.210084,0.210084
20070625,0.456577,0.33557,0.33557
20070626,0.466131,0.376884,0.376884
20070627,0.47017,0.397993,0.397993
20070628,0.483726,0.48414,0.48414
20070629,0.477477,0.433333,0.433333
20070702,0.481212,0.467554,0.467554
20070703,0.487622,0.504983,0.504983
20070704,0.489317,0.514096,0.514096
20070705,0.461268,0.347682,0.347682
20070706,0.446204,0.267769,0.267769
20070709,0.449848,0.292079,0.292079
20070710,0.503399,0.586491,0.586491
20070711,0.484545,0.488487,0.488487
20070712,0.504427,0.592775,0.592775
20070713,0.482152,0.470492,0.470492
20070716,0.489561,0.520458,0.520458
20070717,0.508676,0.620915,0.620915
20070718,0.556289,0.858075,0.858075
20070719,0.550576,0.820847,0.820847
20070720,0.504819,0.593496,0.593496
20070723,0.496257,0.550325,0.550325
20070724,0.460748,0.341977,0.341977
20070725,0.477539,0.428803,0.428803
20070726,0.450806,0.289176,0.289176
20070727,0.454219,0.319355,0.319355
20070730,0.438581,0.227053,0.227053
20070731,0.440732,0.237942,0.237942
20070801,0.43324,0.195827,0.195827
20070802,0.452499,0.3125,0.3125
20070803,0.482253,0.4736,0.4736
20070806,0.456806,0.333866,0.333866
20070807,0.484833,0.492823,0.492823
20070808,0.509832,0.632166,0.632166
20070809,0.516557,0.674086,0.674086
20070810,0.509704,0.630159,0.630159
20070813,0.546356,0.809826,0.809826
20070814,0.501814,0.579114,0.579114
20070815,0.496725,0.557662,0.557662
20070816,0.503856,0.591483,0.591483
20070817,0.497126,0.559055,0.559055
20070820,0.463883,0.358491,0.358491
20070821,0.472829,0.403454,0.403454
20070822,0.46212,0.347962,0.347962
20070823,0.460663,0.341158,0.341158
20070824,0.452699,0.30625,0.30625
20070827,0.469206,0.386895,0.386895
20070828,0.480358,0.461059,0.461059
20070829,0.495249,0.550544,0.550544
20070830,0.452195,0.296584,0.296584
20070831,0.429601,0.167442,0.167442
20070903,0.418546,0.114551,0.114551
20070904,0.440249,0.233385,0.233385
20070905,0.441819,0.240741,0.240741
20070906,0.431132,0.177196,0.177196
20070907,0.445027,0.256923,0.256923
20070910,0.438935,0.22427,0.22427
20070911,0.444534,0.257669,0.257669
20070912,0.467329,0.385911,0.385911
20070913,0.503597,0.600917,0.600917
20070914,0.470783,0.407634,0.407634
20070917,0.469209,0.394817,0.394817
20070918,0.488832,0.519026,0.519026
20070919,0.477548,0.442249,0.442249
20070920,0.478615,0.450683,0.450683
20070921,0.483294,0.493939,0.493939
20070924,0.481083,0.475038,0.475038
20070925,0.533392,0.765861,0.765861
20070926,0.493473,0.553544,0.553544
20070927,0.504727,0.614458,0.614458
20070928,0.50106,0.590977,0.590977
20071008,0.537882,0.785285,0.785285
20071009,0.57008,0.926537,0.926537
20071010,0.529226,0.75,0.75
20071011,0.563606,0.898356,0.898356
20071012,0.552699,0.838806,0.838806
20071015,0.595206,0.976155,0.976155
20071016,0.605918,0.986607,0.986607
20071017,0.551315,0.832095,0.832095
20071018,0.553624,0.841246,0.841246
20071019,0.555838,0.856296,0.856296
20071022,0.517026,0.681953,0.681953
20071023,0.549703,0.822747,0.822747
20071024,0.582802,0.954277,0.954277
20071025,0.539915,0.782032,0.782032
20071026,0.569791,0.922059,0.922059
20071029,0.59921,0.979442,0.979442
20071030,0.609578,0.98827,0.98827
20071031,0.570387,0.922401,0.922401
20071101,0.58893,0.959064,0.959064
20071102,0.600902,0.978102,0.978102
20071105,0.747872,1.0,1.0
20071106,0.620306,0.992722,0.992722
20071107,0.613849,0.985465,0.985465
20071108,0.607375,0.982583,0.982583
20071109,0.6126,0.984058,0.984058
20071112,0.619202,0.986975,0.986975
20071113,0.628387,0.995665,0.995665
20071114,0.59237,0.953824,0.953824
20071115,0.58641,0.939481,0.939481
20071116,0.56022,0.864748,0.864748
20071119,0.514029,0.636494,0.636494
20071120,0.528434,0.718795,0.718795
20071121,0.514209,0.638968,0.638968
20071122,0.548882,0.799714,0.799714
20071123,0.567464,0.894286,0.894286
20071126,0.547145,0.788873,0.788873
20071127,0.586996,0.940171,0.940171
20071128,0.592159,0.953058,0.953058
20071129,0.60745,0.978693,0.978693
20071130,0.596756,0.964539,0.964539
20071203,0.640617,0.998584,0.998584
20071204,0.597518,0.963225,0.963225
20071205,0.6,0.964689,0.964689
20071206,0.545381,0.777151,0.777151
20071207,0.514016,0.623944,0.623944
20071210,0.499822,0.548523,0.548523
20071211,0.489117,0.491573,0.491573
20071212,0.551158,0.800842,0.800842
20071213,0.512036,0.610644,0.610644
20071214,0.514662,0.632168,0.632168
20071217,0.5088,0.599162,0.599162
20071218,0.503155,0.562064,0.562064
20071219,0.500104,0.547354,0.547354
20071220,0.485657,0.468707,0.468707
20071221,0.502833,0.561111,0.561111
20071224,0.490312,0.500693,0.500693
20071225,0.535549,0.738227,0.738227
20071226,0.495399,0.520055,0.520055
20071227,0.50205,0.555249,0.555249
20071228,0.504667,0.576552,0.576552
20080102,0.461597,0.320937,0.320937
20080103,0.475942,0.393398,0.393398
20080104,0.486099,0.46978,0.46978
20080107,0.472776,0.375857,0.375857
20080108,0.483921,0.45679,0.456164
20080109,0.462363,0.322359,0.321477
20080110,0.478585,0.412894,0.411202
20080111,0.497205,0.539095,0.536153
20080114,0.450053,0.259259,0.257493
20080115,0.466499,0.348422,0.345578
20080116,0.468364,0.358025,0.35462
20080117,0.454427,0.293553,0.290366
20080118,0.474268,0.390947,0.386179
20080121,0.466062,0.345679,0.341001
20080122,0.496356,0.540466,0.532432
20080123,0.481356,0.449931,0.442645
20080124,0.472333,0.384088,0.377358
20080125,0.48921,0.503429,0.493943
20080128,0.46196,0.323731,0.317204
20080129,0.482713,0.459534,0.449664
20080130,0.516396,0.674897,0.659517
20080131,0.544419,0.792867,0.781794
20080201,0.555482,0.84225,0.832888
20080204,0.578322,0.920439,0.915888
20080205,0.562152,0.877915,0.870667
20080213,0.534137,0.75583,0.740346
20080214,0.501985,0.576132,0.56117
20080215,0.512017,0.636488,0.618858
20080218,0.477512,0.414266,0.400531
20080219,0.488439,0.499314,0.482119
20080220,0.499864,0.569273,0.551587
20080221,0.468263,0.36214,0.348745
20080222,0.476587,0.408779,0.39314
20080225,0.48678,0.495199,0.475626
20080226,0.504362,0.599451,0.581579
20080227,0.507366,0.621399,0.603154
20080228,0.478678,0.432099,0.413386
20080229,0.442208,0.218107,0.208388
20080303,0.454546,0.296296,0.282723
20080304,0.459477,0.312757,0.298039
20080305,0.466761,0.359396,0.342037
20080306,0.467306,0.360768,0.342894
20080307,0.455681,0.300412,0.285156
20080310,0.518703,0.696845,0.676203
20080311,0.512893,0.650206,0.631169
20080312,0.519288,0.698217,0.67834
20080313,0.507829,0.628258,0.607513
20080314,0.531898,0.748971,0.732212
20080317,0.496269,0.555556,0.531008
20080318,0.501239,0.584362,0.56129
20080319,0.527768,0.736626,0.720361
20080320,0.545466,0.802469,0.791506
20080321,0.538195,0.776406,0.760925
20080324,0.530981,0.746228,0.730424
20080325,0.55655,0.862826,0.848718
20080326,0.563613,0.888889,0.878361
20080327,0.550795,0.823045,0.810742
20080328,0.590147,0.949246,0.948914
20080331,0.577914,0.921811,0.917092
20080401,0.538435,0.772291,0.759236
20080402,0.597626,0.965706,0.965649
20080403,0.589737,0.946502,0.946633
20080407,0.581889,0.927298,0.927665
20080408,0.561756,0.879287,0.868188
20080409,0.535792,0.757202,0.740506
20080410,0.548379,0.807956,0.795196
20080411,0.538284,0.768176,0.751263
20080414,0.567018,0.893004,0.885246
20080415,0.581026,0.923182,0.923174
20080416,0.581038,0.924554,0.924528
20080417,0.602397,0.969822,0.969849
20080418,0.562116,0.8738,0.864492
20080421,0.590588,0.946502,0.947368
20080422,0.576706,0.910837,0.906133
20080423,0.615666,0.983539,0.98375
20080424,0.573301,0.903978,0.898876
20080425,0.599488,0.964335,0.965087
20080428,0.588057,0.931413,0.932752
20080429,0.590585,0.942387,0.94403
20080430,0.597556,0.960219,0.961491
20080505,0.550337,0.798354,0.789082
20080506,0.554771,0.820302,0.810409
20080507,0.545873,0.776406,0.768564
20080508,0.550279,0.798354,0.787392
20080509,0.546913,0.780521,0.77037
20080512,0.506083,0.609053,0.574599
20080513,0.460892,0.323731,0.29064
20080514,0.470272,0.386831,0.346863
20080515,0.451499,0.271605,0.243243
20080516,0.493329,0.541838,0.493252
20080519,0.503634,0.595336,0.553922
20080520,0.487069,0.507545,0.455324
20080521,0.495706,0.556927,0.507335
20080522,0.534699,0.737997,0.721612
20080523,0.504972,0.611797,0.569512
20080526,0.505973,0.615912,0.574909
20080527,0.524668,0.70096,0.677616
20080528,0.541066,0.761317,0.748481
20080529,0.523944,0.698217,0.67233
20080530,0.548884,0.796982,0.785455
20080602,0.538732,0.759945,0.742131
20080603,0.565225,0.876543,0.868198
20080604,0.528894,0.716049,0.694444
20080605,0.544681,0.777778,0.763571
20080606,0.531463,0.72428,0.70241
20080610,0.553454,0.81893,0.805054
20080611,0.533379,0.731139,0.709135
20080612,0.560905,0.862826,0.854742
20080613,0.526868,0.706447,0.677458
20080616,0.532163,0.729767,0.704192
20080617,0.505179,0.61454,0.561005
20080618,0.533967,0.742112,0.716846
20080619,0.56189,0.872428,0.859189
20080620,0.590297,0.941015,0.943981
20080623,0.582724,0.920439,0.925
20080624,0.577575,0.908093,0.903686
20080625,0.537631,0.754458,0.725653
20080626,0.527402,0.710562,0.678529
20080627,0.554946,0.832647,0.812796
20080630,0.576584,0.906722,0.900592
20080701,0.606531,0.975309,0.976359
20080702,0.596234,0.956104,0.958678
20080703,0.560743,0.860082,0.845519
20080704,0.567519,0.891632,0.877503
20080707,0.531557,0.725652,0.690588
20080708,0.513542,0.641975,0.591069
20080709,0.516175,0.663923,0.612676
20080710,0.508381,0.625514,0.569754
20080711,0.523357,0.696845,0.651054
20080714,0.515712,0.663923,0.610526
20080715,0.504585,0.599451,0.538551
20080716,0.493985,0.540466,0.474912
20080717,0.519643,0.685871,0.636364
20080718,0.559929,0.857339,0.840512
20080721,0.521164,0.691358,0.64186
20080722,0.495979,0.552812,0.484321
20080723,0.505514,0.61454,0.548724
20080724,0.523505,0.706447,0.654693
20080725,0.518479,0.683128,0.628472
20080728,0.496687,0.561043,0.489017
20080729,0.49214,0.536351,0.463048
20080730,0.47384,0.407407,0.342561
20080731,0.467131,0.364883,0.306452
20080801,0.522774,0.702332,0.650173
20080804,0.51434,0.659808,0.6
20080805,0.547847,0.803841,0.774971
20080806,0.555565,0.84225,0.816514
20080807,0.52808,0.721536,0.680412
20080808,0.505084,0.609053,0.544622
20080811,0.514556,0.657064,0.6
20080812,0.526665,0.713306,0.670091
20080813,0.554177,0.831276,0.806157
20080814,0.570701,0.901235,0.892938
20080815,0.56689,0.886145,0.87372
20080818,0.58212,0.920439,0.923864
20080819,0.559641,0.857339,0.839955
20080820,0.537424,0.751715,0.719955
20080821,0.564244,0.877915,0.862967
20080822,0.559424,0.854595,0.838235
20080825,0.565478,0.879287,0.866667
20080826,0.518673,0.668038,0.621896
20080827,0.585514,0.923182,0.927847
20080828,0.619073,0.986283,0.986486
20080829,0.571598,0.897119,0.893138
20080901,0.558561,0.843621,0.82809
20080902,0.550592,0.799726,0.7789
20080903,0.551301,0.803841,0.782511
20080904,0.534811,0.731139,0.704367
20080905,0.516646,0.650206,0.607383
20080908,0.524239,0.685871,0.649162
20080909,0.546785,0.776406,0.756696
20080910,0.574366,0.899863,0.897436
20080911,0.592895,0.946502,0.951002
20080912,0.587772,0.923182,0.929922
20080916,0.610071,0.979424,0.981111
20080917,0.610342,0.979424,0.981132
20080918,0.598553,0.958848,0.962306
20080919,0.525551,0.679012,0.650055
20080922,0.591979,0.9369,0.943584
20080923,0.674848,0.998628,0.998895
20080924,0.642823,0.997257,0.997792
20080925,0.635311,0.993141,0.994487
20080926,0.626365,0.989026,0.990088
20081006,0.635838,0.993141,0.994499
20081007,0.663675,0.997257,0.997802
20081008,0.641085,0.994513,0.995609
20081009,0.64145,0.994513,0.995614
20081010,0.607575,0.964335,0.969332
20081013,0.650054,0.995885,0.996718
20081014,0.664739,0.997257,0.997814
20081015,0.643396,0.993141,0.994541
20081016,0.636414,0.984911,0.988004
20081017,0.623544,0.97668,0.979303
20081020,0.638626,0.984911,0.98803
20081021,0.619533,0.972565,0.976087
20081022,0.624915,0.975309,0.97937
20081023,0.657831,0.994513,0.995662
20081024,0.641514,0.989026,0.991333
20081027,0.607795,0.950617,0.958874
20081028,0.663326,0.994513,0.995676
20081029,0.644414,0.990398,0.992441
20081030,0.659415,0.993141,0.994606
20081031,0.605983,0.939643,0.949353
20081103,0.632936,0.972565,0.978471
20081104,0.624653,0.965706,0.970968
20081105,0.633432,0.972565,0.978518
20081106,0.609816,0.943759,0.953863
20081107,0.606021,0.934156,0.945338
20081110,0.592272,0.898491,0.915418
20081111,0.578687,0.858711,0.873797
20081112,0.57085,0.843621,0.854701
20081113,0.558981,0.791495,0.796158
20081114,0.529352,0.648834,0.648188
20081117,0.519422,0.602195,0.593184
20081118,0.538663,0.695473,0.695745
20081119,0.539978,0.699588,0.699256
20081120,0.50971,0.544582,0.532909
20081121,0.540122,0.699588,0.699894
20081124,0.523724,0.620027,0.613347
20081125,0.543266,0.709191,0.713228
20081126,0.588157,0.880658,0.900634
20081127,0.567534,0.835391,0.842661
20081128,0.564279,0.81893,0.824895
20081201,0.495316,0.452675,0.437302
20081202,0.469795,0.310014,0.294737
20081203,0.484502,0.403292,0.381703
20081204,0.509672,0.544582,0.529412
20081205,0.497336,0.475995,0.455404
20081208,0.489089,0.427984,0.40566
20081209,0.497272,0.477366,0.455497
20081210,0.503826,0.508916,0.48954
20081211,0.489385,0.433471,0.409613
20081212,0.492412,0.44856,0.426931
20081215,0.496089,0.467764,0.445255
20081216,0.475967,0.345679,0.322917
20081217,0.462031,0.268861,0.252862
20081218,0.495122,0.460905,0.43763
20081219,0.465578,0.282579,0.266874
20081222,0.44051,0.175583,0.159751
20081223,0.461013,0.263374,0.247668
20081224,0.450487,0.216735,0.198758
20081225,0.468443,0.310014,0.289555
20081226,0.497636,0.495199,0.463843
20081229,0.527733,0.655693,0.642931
20081230,0.500859,0.506173,0.47732
20081231,0.505888,0.547325,0.516993
20090105,0.527858,0.66118,0.645062
20090106,0.525999,0.651578,0.633094
20090107,0.486796,0.427984,0.393224
20090108,0.522771,0.62963,0.610256
20090109,0.480294,0.386831,0.354508
20090112,0.456123,0.248285,0.22825
20090113,0.474814,0.347051,0.317996
20090114,0.508909,0.565158,0.534219
20090115,0.497826,0.496571,0.464286
20090116,0.528068,0.663923,0.648318
20090119,0.541627,0.721536,0.712831
20090120,0.49923,0.496571,0.468973
20090121,0.537798,0.70096,0.693089
20090122,0.489759,0.443073,0.414213
20090123,0.487164,0.42524,0.394523
20090202,0.440307,0.174211,0.156028
20090203,0.448352,0.20439,0.186235
20090204,0.454162,0.241427,0.221436
20090205,0.463812,0.282579,0.260606
20090206,0.434464,0.142661,0.130172
20090209,0.434131,0.141289,0.129032
20090210,0.434842,0.146776,0.132931
20090211,0.463323,0.285322,0.260563
20090212,0.456921,0.260631,0.236181
20090213,0.455656,0.252401,0.228916
20090216,0.46458,0.293553,0.267803
20090217,0.464593,0.294925,0.268537
20090218,0.478727,0.381344,0.349349
20090219,0.466996,0.314129,0.284
20090220,0.444318,0.194787,0.173826
20090223,0.445355,0.200274,0.177645
20090224,0.447783,0.209877,0.186441
20090225,0.468735,0.33059,0.297809
20090226,0.461073,0.279835,0.251741
20090227,0.469864,0.341564,0.305169
20090302,0.499917,0.522634,0.483615
20090303,0.476819,0.377229,0.338294
20090304,0.49931,0.51989,0.480674
20090305,0.512915,0.596708,0.560396
20090306,0.514011,0.600823,0.567755
20090309,0.498581,0.517147,0.476285
20090310,0.49415,0.484225,0.444225
20090311,0.500475,0.532236,0.489152
20090312,0.480724,0.410151,0.366502
20090313,0.485131,0.438957,0.391732
20090316,0.50076,0.536351,0.490659
20090317,0.491959,0.478738,0.435167
20090318,0.465764,0.308642,0.273798
20090319,0.462085,0.289438,0.254902
20090320,0.503169,0.555556,0.506366
20090323,0.50427,0.563786,0.51272
20090324,0.485963,0.447188,0.396872
20090325,0.476094,0.377229,0.332031
20090326,0.520402,0.654321,0.617561
20090327,0.499653,0.533608,0.483431
20090330,0.478773,0.397805,0.351509
20090331,0.493509,0.492455,0.44358
20090401,0.474414,0.37037,0.321672
20090402,0.480465,0.41701,0.366019
20090403,0.481278,0.426612,0.372454
20090407,0.472467,0.359396,0.312016
20090408,0.466733,0.319616,0.279768
20090409,0.470697,0.351166,0.306576
20090410,0.461039,0.277092,0.244444
20090413,0.481958,0.427984,0.376448
20090414,0.432458,0.137174,0.118611
20090415,0.421786,0.090535,0.079961
20090416,0.419399,0.083676,0.075072
20090417,0.42851,0.11797,0.102885
20090420,0.420794,0.087791,0.07781
20090421,0.420222,0.087791,0.077735
20090422,0.416939,0.076818,0.069032
20090423,0.431628,0.138546,0.118774
20090424,0.444595,0.205761,0.176077
20090427,0.432415,0.146776,0.124283
20090428,0.474752,0.38546,0.331423
20090429,0.484699,0.460905,0.400763
20090430,0.466825,0.333333,0.287893
20090504,0.457769,0.277092,0.238095
20090505,0.437021,0.170096,0.142721
20090506,0.43426,0.156379,0.132129
20090507,0.442172,0.200274,0.166192
20090508,0.451543,0.246914,0.210626
20090511,0.479266,0.421125,0.367773
20090512,0.480635,0.433471,0.378788
20090513,0.503927,0.581619,0.526963
20090514,0.459627,0.286694,0.246692
20090515,0.421466,0.09465,0.081209
20090518,0.464051,0.312757,0.273585
20090519,0.454005,0.263374,0.226202
20090520,0.452401,0.253772,0.218456
20090521,0.461156,0.296296,0.257761
20090522,0.475705,0.388203,0.342105
20090525,0.497197,0.532236,0.485446
20090526,0.464477,0.311385,0.275797
20090527,0.484847,0.460905,0.410497
20090601,0.543595,0.751715,0.744382
20090602,0.508282,0.60631,0.561272
20090603,0.497864,0.536351,0.492523
20090604,0.514097,0.633745,0.592904
20090605,0.492904,0.497942,0.45709
20090608,0.503758,0.573388,0.527493
20090609,0.49156,0.491084,0.449721
20090610,0.473156,0.368999,0.328372
20090611,0.444978,0.197531,0.17658
20090612,0.44566,0.203018,0.18013
20090615,0.531085,0.707819,0.689239
20090616,0.522392,0.665295,0.641335
20090617,0.504767,0.584362,0.540741
20090618,0.513802,0.624143,0.589269
20090619,0.489426,0.477366,0.437153
20090622,0.507745,0.59808,0.56048
20090623,0.546117,0.759945,0.75738
20090624,0.543026,0.746228,0.7447
20090625,0.492638,0.48834,0.45488
20090626,0.476585,0.373114,0.344066
20090629,0.470496,0.341564,0.315257
20090630,0.518691,0.651578,0.625344
20090701,0.520362,0.658436,0.633945
20090702,0.5153,0.633745,0.6022
20090703,0.48193,0.419753,0.386447
20090706,0.502575,0.552812,0.519671
20090707,0.484335,0.432099,0.402194
20090708,0.503496,0.558299,0.525114
20090709,0.443909,0.174211,0.17062
20090710,0.428392,0.102881,0.101185
20090713,0.421693,0.079561,0.080146
20090714,0.438422,0.153635,0.146497
20090715,0.450328,0.20439,0.2
20090716,0.461553,0.26749,0.258856
20090717,0.456281,0.237311,0.235027
20090720,0.464059,0.281207,0.274705
20090721,0.454048,0.224966,0.225543
20090722,0.479025,0.386831,0.369231
20090723,0.469254,0.316872,0.308318
20090724,0.473687,0.345679,0.331527
20090727,0.500062,0.534979,0.509928
20090728,0.478929,0.38546,0.368801
20090729,0.514399,0.628258,0.604505
20090730,0.532642,0.710562,0.70477
20090731,0.495208,0.489712,0.472122
20090803,0.471127,0.331962,0.320755
20090804,0.456659,0.233196,0.236984
20090805,0.451469,0.197531,0.205381
20090806,0.469025,0.308642,0.305556
20090807,0.453579,0.216735,0.222919
20090810,0.479477,0.392318,0.378354
20090811,0.474605,0.351166,0.339589
20090812,0.485778,0.437586,0.421429
20090813,0.530703,0.70096,0.695807
20090814,0.504985,0.57476,0.552585
20090817,0.520441,0.657064,0.644702
20090818,0.550545,0.777778,0.783808
20090819,0.515912,0.632373,0.616
20090820,0.535205,0.717421,0.718472
20090821,0.498422,0.510288,0.498669
20090824,0.475264,0.348422,0.340426
20090825,0.479793,0.389575,0.379982
20090826,0.446339,0.171468,0.178761
20090827,0.42191,0.069959,0.08046
20090828,0.502003,0.534979,0.522968
20090831,0.503726,0.550069,0.535746
20090901,0.527902,0.687243,0.686067
20090902,0.544959,0.753086,0.762115
20090903,0.523739,0.665295,0.661092
20090904,0.502652,0.534979,0.526825
20090907,0.468501,0.292181,0.300527
20090908,0.503612,0.54321,0.533802
20090909,0.523852,0.665295,0.663158
20090910,0.480565,0.386831,0.383874
20090911,0.501994,0.526749,0.52014
20090914,0.460483,0.233196,0.246719
20090915,0.438029,0.133059,0.138986
20090916,0.458817,0.229081,0.240175
20090917,0.421814,0.069959,0.078534
20090918,0.428493,0.091907,0.100262
20090921,0.471486,0.320988,0.324042
20090922,0.456616,0.223594,0.235857
20090923,0.462692,0.257888,0.266957
20090924,0.504205,0.552812,0.543875
20090925,0.506212,0.576132,0.567708
20090928,0.468295,0.289438,0.300954
20090929,0.485777,0.418381,0.42201
20090930,0.527058,0.677641,0.683117
20091009,0.518032,0.633745,0.634948
20091012,0.514602,0.61454,0.611063
20091013,0.48625,0.419753,0.425734
20091014,0.499907,0.504801,0.509922
20091015,0.475043,0.333333,0.341379
20091016,0.478814,0.360768,0.368648
20091019,0.47131,0.310014,0.322719
20091020,0.45745,0.215364,0.236457
20091021,0.449438,0.167353,0.191581
20091022,0.431921,0.104252,0.113305
20091023,0.428676,0.090535,0.100343
20091026,0.426195,0.079561,0.087404
20091027,0.459505,0.224966,0.245719
20091028,0.465119,0.264746,0.279726
20091029,0.487901,0.434842,0.438462
20091030,0.469849,0.303155,0.313407
20091102,0.447907,0.170096,0.185154
20091103,0.410309,0.046639,0.049446
20091104,0.415918,0.053498,0.060477
20091105,0.392224,0.020576,0.022128
20091106,0.393319,0.024691,0.02551
20091109,0.400409,0.035665,0.037383
20091110,0.41704,0.061728,0.067063
20091111,0.411629,0.05487,0.05598
20091112,0.395578,0.027435,0.028814
20091113,0.413051,0.058985,0.060965
20091116,0.404968,0.046639,0.047377
20091117,0.413403,0.061728,0.062553
20091118,0.395024,0.027435,0.028716
20091119,0.374935,0.002743,0.004219
20091120,0.367039,0.001372,0.000843
20091123,0.368913,0.002743,0.001685
20091124,0.397156,0.035665,0.03367
20091125,0.41726,0.076818,0.075694
20091126,0.409387,0.057613,0.055462
20091127,0.423706,0.097394,0.094039
20091130,0.423925,0.098765,0.094799
20091201,0.40703,0.056241,0.053646
20091202,0.394194,0.03155,0.030988
20091203,0.388587,0.020576,0.020084
20091204,0.440903,0.178326,0.172241
20091207,0.456595,0.248285,0.250627
20091208,0.420449,0.089163,0.086811
20091209,0.413406,0.075446,0.070058
20091210,0.41113,0.069959,0.064167
20091211,0.398925,0.045267,0.040799
20091214,0.473013,0.367627,0.35025
20091215,0.440839,0.183813,0.174564
20091216,0.42935,0.131687,0.124585
20091217,0.41333,0.076818,0.070539
20091218,0.45394,0.240055,0.241294
20091221,0.477636,0.404664,0.381939
20091222,0.457222,0.266118,0.259106
20091223,0.478607,0.411523,0.387924
20091224,0.445732,0.207133,0.196694
20091225,0.42033,0.09465,0.089182
20091228,0.425525,0.116598,0.105611
20091229,0.428762,0.134431,0.122836
20091230,0.511939,0.651578,0.607084
20091231,0.470058,0.359396,0.338272
20100104,0.429471,0.138546,0.127467
20100105,0.459453,0.278464,0.267872
20100106,0.444535,0.205761,0.192939
20100107,0.452874,0.245542,0.241181
20100108,0.448935,0.223594,0.212295
20100111,0.48448,0.470508,0.438165
20100112,0.431145,0.146776,0.133388
20100113,0.464663,0.322359,0.303352
20100114,0.390686,0.026063,0.023693
20100115,0.366838,0.001372,0.000816
20100118,0.383602,0.013717,0.013051
20100119,0.374939,0.00823,0.007335
20100120,0.375339,0.009602,0.008143
20100121,0.423329,0.116598,0.102522
20100122,0.430873,0.152263,0.136585
20100125,0.440004,0.196159,0.177904
20100126,0.429959,0.152263,0.13474
20100127,0.458492,0.289438,0.272506
20100128,0.477727,0.429355,0.393841
20100129,0.439915,0.197531,0.178138
20100201,0.447612,0.231824,0.212783
20100202,0.45782,0.292181,0.271625
20100203,0.457938,0.293553,0.273021
20100204,0.446924,0.230453,0.209847
20100205,0.473351,0.400549,0.367742
20100208,0.474012,0.403292,0.370669
20100209,0.458108,0.292181,0.273752
20100210,0.44391,0.211248,0.196299
20100211,0.43334,0.168724,0.149518
20100212,0.457571,0.286694,0.271486
20100222,0.438564,0.185185,0.170947
20100223,0.461858,0.316872,0.297514
20100224,0.393308,0.037037,0.03125
20100225,0.401337,0.058985,0.048839
20100226,0.405038,0.068587,0.0576
20100301,0.397409,0.048011,0.039169
20100302,0.391525,0.032922,0.027955
20100303,0.37186,0.005487,0.00399
20100304,0.365379,0.001372,0.000797
20100305,0.405913,0.072702,0.062151
20100308,0.388028,0.02332,0.021497
20100309,0.404198,0.068587,0.059666
20100310,0.39717,0.048011,0.04213
20100311,0.417928,0.102881,0.092137
20100312,0.38188,0.016461,0.013492
20100315,0.399159,0.056241,0.050753
20100316,0.423128,0.122085,0.110935
20100317,0.402389,0.067215,0.058591
20100318,0.406317,0.075446,0.067247
20100319,0.40538,0.072702,0.066403
20100322,0.391365,0.030178,0.030806
20100323,0.379302,0.013717,0.01026
20100324,0.369197,0.006859,0.003943
20100325,0.376844,0.015089,0.011032
20100326,0.405374,0.076818,0.069291
20100329,0.446075,0.231824,0.221086
20100330,0.388277,0.028807,0.02673
20100331,0.370153,0.00823,0.004713
20100401,0.349342,0.001372,0.000785
20100402,0.378672,0.019204,0.013333
20100406,0.368297,0.006859,0.003918
20100407,0.347878,0.001372,0.000783
20100408,0.361203,0.004115,0.002347
20100409,0.344691,0.001372,0.000782
20100412,0.342131,0.001372,0.000781
20100413,0.356052,0.006859,0.003903
20100414,0.368702,0.015089,0.00858
20100415,0.352532,0.006859,0.003897
20100416,0.371384,0.021948,0.01324
20100419,0.404271,0.079561,0.075486
20100420,0.394872,0.057613,0.0521
20100421,0.38246,0.037037,0.025641
20100422,0.37075,0.021948,0.012422
20100423,0.385696,0.041152,0.031808
20100426,0.382119,0.038409,0.026357
20100427,0.384377,0.042524,0.031758
20100428,0.402123,0.082305,0.074303
20100429,0.388357,0.050754,0.040217
20100430,0.40725,0.100137,0.090417
20100504,0.439831,0.200274,0.20695
20100505,0.437656,0.190672,0.195216
20100506,0.440085,0.20439,0.209715
20100507,0.449142,0.24417,0.253467
20100510,0.4243,0.141289,0.135489
20100511,0.449055,0.242798,0.251538
20100512,0.438649,0.192044,0.202152
20100513,0.441654,0.209877,0.218126
20100514,0.428441,0.146776,0.152724
20100517,0.432775,0.170096,0.177914
20100518,0.442697,0.213992,0.222989
20100519,0.455943,0.278464,0.294028
20100520,0.4593,0.301783,0.312165
20100521,0.451821,0.255144,0.271407
20100524,0.43602,0.178326,0.188694
20100525,0.434499,0.175583,0.184733
20100526,0.436583,0.18107,0.19222
20100527,0.424223,0.131687,0.134146
20100528,0.417735,0.108368,0.113481
20100531,0.408724,0.090535,0.089802
20100601,0.421447,0.122085,0.125475
20100602,0.46019,0.311385,0.322948
20100603,0.431,0.156379,0.168565
20100604,0.456037,0.279835,0.298938
20100607,0.424447,0.134431,0.138741
20100608,0.40199,0.071331,0.073485
20100609,0.413535,0.101509,0.105223
20100610,0.405274,0.080933,0.083207
20100611,0.405286,0.082305,0.0839
20100617,0.401142,0.069959,0.070242
20100618,0.417445,0.112483,0.116981
20100621,0.459245,0.304527,0.320513
20100622,0.415025,0.106996,0.109269
20100623,0.422577,0.134431,0.136295
20100624,0.416317,0.109739,0.112114
20100625,0.414786,0.106996,0.109023
20100628,0.418532,0.120713,0.120962
20100629,0.399962,0.068587,0.067568
20100630,0.416573,0.113855,0.114779
20100701,0.437376,0.194787,0.206897
20100702,0.411471,0.100137,0.100375
20100705,0.42997,0.170096,0.17515
20100706,0.409628,0.097394,0.094241
20100707,0.423215,0.146776,0.142003
20100708,0.417377,0.122085,0.120986
20100709,0.419466,0.131687,0.128358
20100712,0.439023,0.213992,0.220731
20100713,0.419904,0.133059,0.129657
20100714,0.419065,0.130316,0.125838
20100715,0.457372,0.314129,0.320685
20100716,0.443351,0.238683,0.246097
20100719,0.453777,0.289438,0.302377
20100720,0.413211,0.105624,0.105419
20100721,0.399437,0.068587,0.066766
20100722,0.399071,0.067215,0.065234
20100723,0.421191,0.145405,0.136296
20100726,0.377323,0.03155,0.019985
20100727,0.374523,0.026063,0.017012
20100728,0.382584,0.041152,0.028086
20100729,0.386082,0.046639,0.034712
20100730,0.373054,0.026063,0.015498
20100802,0.345817,0.004115,0.002212
20100803,0.387639,0.050754,0.039794
20100804,0.397826,0.075446,0.066274
20100805,0.377671,0.037037,0.022811
20100806,0.384613,0.049383,0.035294
20100809,0.363295,0.012346,0.006613
20100810,0.37463,0.03155,0.019824
20100811,0.402375,0.096022,0.085106
20100812,0.402475,0.098765,0.08651
20100813,0.399134,0.085048,0.073993
20100816,0.391325,0.064472,0.052709
20100817,0.383578,0.049383,0.034382
20100818,0.406798,0.11797,0.101608
20100819,0.415382,0.142661,0.125639
20100820,0.401897,0.097394,0.084672
20100823,0.415232,0.144033,0.126185
20100824,0.38926,0.064472,0.048834
20100825,0.389606,0.065844,0.050983
20100826,0.399626,0.09465,0.07933
20100827,0.395613,0.082305,0.066182
20100830,0.378903,0.042524,0.025436
20100831,0.401565,0.104252,0.085694
20100901,0.385564,0.056241,0.039187
20100902,0.390715,0.071331,0.055112
20100903,0.383305,0.050754,0.034783
20100906,0.394897,0.085048,0.067343
20100907,0.393755,0.082305,0.065123
20100908,0.419664,0.18107,0.151844
20100909,0.404902,0.123457,0.101879
20100910,0.412324,0.14952,0.12491
20100913,0.393441,0.082305,0.063492
20100914,0.388922,0.068587,0.050469
20100915,0.39257,0.080933,0.06196
20100916,0.396368,0.096022,0.072714
20100917,0.425559,0.22085,0.179856
20100920,0.421784,0.203018,0.165349
20100921,0.427157,0.224966,0.186063
20100927,0.429651,0.237311,0.202441
20100928,0.480795,0.507545,0.488522
20100929,0.463541,0.400549,0.379211
20100930,0.488238,0.541838,0.528653
20101008,0.488747,0.544582,0.530422
20101011,0.491632,0.556927,0.549356
20101012,0.492558,0.562414,0.553252
20101013,0.491511,0.555556,0.547143
20101014,0.515711,0.696845,0.684511
20101015,0.551581,0.832647,0.833096
20101018,0.539692,0.791495,0.788311
20101019,0.486649,0.534979,0.519231
20101020,0.528438,0.75583,0.747331
20101021,0.511225,0.673525,0.657183
20101022,0.493064,0.569273,0.554371
20101025,0.475538,0.473251,0.445312
20101026,0.474399,0.465021,0.437899
20101027,0.453156,0.331962,0.321277
20101028,0.460959,0.384088,0.360737
20101029,0.454082,0.340192,0.325071
20101101,0.435751,0.260631,0.227176
20101102,0.466268,0.422497,0.394625
20101103,0.468387,0.437586,0.40636
20101104,0.471789,0.459534,0.427966
20101105,0.45002,0.320988,0.297812
20101108,0.386719,0.061728,0.041608
20101109,0.394721,0.090535,0.068358
20101110,0.420248,0.196159,0.156338
20101111,0.442751,0.296296,0.263899
20101112,0.439999,0.282579,0.251758
20101115,0.461619,0.404664,0.370344
20101116,0.432249,0.252401,0.214185
20101117,0.451162,0.334705,0.305965
20101118,0.477083,0.507545,0.460028
20101119,0.453806,0.348422,0.325858
20101122,0.417964,0.186557,0.146359
20101123,0.432766,0.257888,0.217635
20101124,0.434411,0.264746,0.224476
20101125,0.416729,0.176955,0.139064
20101126,0.429072,0.241427,0.196927
20101129,0.416721,0.176955,0.13887
20101130,0.424687,0.229081,0.177127
20101201,0.443523,0.311385,0.273868
20101202,0.447733,0.33059,0.291783
20101203,0.431308,0.256516,0.210856
20101206,0.462784,0.432099,0.383171
20101207,0.489724,0.596708,0.548297
20101208,0.487295,0.584362,0.531944
20101209,0.475235,0.51166,0.453158
20101210,0.499354,0.650206,0.598474
20101213,0.480779,0.552812,0.494802
20101214,0.456013,0.377229,0.338643
20101215,0.446762,0.329218,0.286505
20101216,0.433177,0.26749,0.219917
20101217,0.429767,0.249657,0.201106
20101220,0.433266,0.270233,0.222376
20101221,0.477487,0.533608,0.467909
20101222,0.457141,0.39369,0.348966
20101223,0.453661,0.366255,0.329428
20101224,0.443406,0.316872,0.273416
20101227,0.490063,0.613169,0.554714
20101228,0.466599,0.465021,0.405089
20101229,0.495192,0.635117,0.575945
20101230,0.498654,0.658436,0.599588
20101231,0.520396,0.762689,0.717914
20110104,0.525319,0.781893,0.738683
20110105,0.513033,0.727023,0.674435
20110106,0.4859,0.581619,0.524658
20110107,0.524548,0.77915,0.737166
20110110,0.483966,0.569273,0.512996
20110111,0.490316,0.607682,0.555024
20110112,0.503557,0.679012,0.625
20110113,0.508284,0.711934,0.657338
20110114,0.488673,0.592593,0.537517
20110117,0.492839,0.615912,0.565099
20110118,0.505423,0.698217,0.644414
20110119,0.519535,0.75583,0.714772
20110120,0.516108,0.740741,0.696599
20110121,0.551331,0.868313,0.839565
20110124,0.538771,0.832647,0.796196
20110125,0.513274,0.720165,0.674813
20110126,0.529632,0.799726,0.761872
20110127,0.575685,0.91358,0.912542
20110128,0.556058,0.876543,0.857724
20110131,0.555967,0.875171,0.856466
20110201,0.560272,0.886145,0.874831
20110209,0.558097,0.879287,0.864097
20110210,0.508585,0.706447,0.655405
20110211,0.498571,0.639232,0.591492
20110214,0.531607,0.806584,0.765182
20110215,0.52329,0.762689,0.726231
20110216,0.507979,0.699588,0.65027
20110217,0.486294,0.570645,0.520539
20110218,0.475466,0.510288,0.448183
20110221,0.453894,0.37037,0.324143
20110222,0.477259,0.522634,0.458333
20110223,0.476516,0.518519,0.453324
20110224,0.456896,0.39369,0.34094
20110225,0.45439,0.378601,0.327968
20110228,0.466649,0.459534,0.397453
20110301,0.456937,0.395062,0.342264
20110302,0.476006,0.518519,0.453815
20110303,0.4897,0.591221,0.545151
20110304,0.492274,0.603567,0.558824
20110307,0.503812,0.673525,0.625919
20110308,0.480245,0.540466,0.484646
20110309,0.465955,0.454047,0.391594
20110310,0.467133,0.465021,0.401333
20110311,0.439263,0.296296,0.241173
20110314,0.424183,0.224966,0.165779
20110315,0.446647,0.336077,0.278776
20110316,0.473426,0.500686,0.436835
20110317,0.464988,0.454047,0.386047
20110318,0.473173,0.500686,0.436255
20110321,0.44868,0.347051,0.288653
20110322,0.466643,0.465021,0.397878
20110323,0.480381,0.556927,0.489728
20110324,0.453487,0.368999,0.319205
20110325,0.477745,0.54321,0.469226
20110328,0.464436,0.451303,0.382275
20110329,0.465702,0.462277,0.389954
20110330,0.474057,0.515775,0.441876
20110331,0.485877,0.589849,0.523432
20110401,0.524204,0.788752,0.738786
20110406,0.56238,0.902606,0.8853
20110407,0.515566,0.750343,0.693676
20110408,0.497601,0.657064,0.591178
20110411,0.520543,0.776406,0.721711
20110412,0.506727,0.720165,0.651545
20110413,0.490157,0.618656,0.551905
20110414,0.478057,0.548697,0.469468
20110415,0.475505,0.529492,0.450131
20110418,0.459479,0.421125,0.351475
20110419,0.452727,0.366255,0.311271
20110420,0.461381,0.437586,0.364113
20110421,0.462298,0.445816,0.370419
20110422,0.448314,0.345679,0.283192
20110425,0.457507,0.410151,0.34183
20110426,0.455739,0.389575,0.328543
20110427,0.468785,0.495199,0.413185
20110428,0.469232,0.497942,0.415525
20110429,0.512892,0.753086,0.67601
20110503,0.513814,0.761317,0.683388
20110504,0.518635,0.784636,0.712891
20110505,0.510249,0.750343,0.668835
20110506,0.511826,0.753086,0.671001
20110509,0.492453,0.646091,0.564003
20110510,0.504457,0.721536,0.635714
20110511,0.483085,0.591221,0.506165
20110512,0.470489,0.504801,0.422827
20110513,0.472505,0.514403,0.431627
20110516,0.465503,0.467764,0.385363
20110517,0.478668,0.565158,0.475728
20110518,0.479254,0.573388,0.482536
20110519,0.476341,0.550069,0.457014
20110520,0.4936,0.659808,0.572351
20110523,0.468232,0.486968,0.404132
20110524,0.493551,0.66118,0.572258
20110525,0.527522,0.834019,0.758221
20110526,0.525634,0.82716,0.75
20110527,0.495414,0.672154,0.580167
20110530,0.492445,0.651578,0.563707
20110531,0.523131,0.813443,0.734405
20110601,0.517023,0.790123,0.709512
20110602,0.531881,0.858711,0.775851
20110603,0.50863,0.751715,0.662388
20110607,0.535398,0.868313,0.789609
20110608,0.525257,0.829904,0.746154
20110609,0.532962,0.864198,0.78091
20110610,0.52541,0.832647,0.747119
20110613,0.561059,0.917695,0.884197
20110614,0.538583,0.8738,0.80179
20110615,0.551188,0.894376,0.842173
20110616,0.507105,0.742112,0.650064
20110617,0.564332,0.923182,0.893427
20110620,0.52406,0.825789,0.73852
20110621,0.551814,0.901235,0.845762
20110622,0.541269,0.88203,0.80828
20110623,0.501125,0.707819,0.60853
20110624,0.515671,0.784636,0.692748
20110627,0.484644,0.604938,0.509218
20110628,0.525219,0.835391,0.742694
20110629,0.496629,0.679012,0.580317
20110630,0.508075,0.750343,0.652919
20110701,0.482991,0.59808,0.498415
20110704,0.484905,0.610425,0.510773
20110705,0.472554,0.518519,0.423686
20110706,0.480593,0.589849,0.485443
20110707,0.453938,0.378601,0.30993
20110708,0.468398,0.492455,0.399494
20110711,0.448814,0.349794,0.27669
20110712,0.452337,0.366255,0.29798
20110713,0.44909,0.353909,0.278864
20110714,0.443998,0.323731,0.254729
20110715,0.434955,0.282579,0.21109
20110718,0.421017,0.205761,0.144207
20110719,0.443517,0.322359,0.252989
20110720,0.435813,0.286694,0.214465
20110721,0.445925,0.340192,0.263985
20110722,0.437123,0.292181,0.219849
20110725,0.438056,0.297668,0.224105
20110726,0.472867,0.537723,0.429737
20110727,0.458847,0.437586,0.34232
20110728,0.478573,0.587106,0.468672
20110729,0.461484,0.458162,0.359424
20110801,0.451545,0.377229,0.295995
20110802,0.43827,0.29904,0.224515
20110803,0.449677,0.37037,0.28625
20110804,0.441237,0.319616,0.242349
20110805,0.453628,0.39369,0.312734
20110808,0.45073,0.377229,0.290705
20110809,0.478804,0.602195,0.476933
20110810,0.473017,0.550069,0.434268
20110811,0.463244,0.478738,0.371108
20110812,0.430699,0.256516,0.186683
20110815,0.437132,0.294925,0.218905
20110816,0.447262,0.356653,0.272219
20110817,0.436067,0.290809,0.213665
20110818,0.454546,0.41701,0.322781
20110819,0.470826,0.545953,0.425558
20110822,0.45913,0.454047,0.346559
20110823,0.435971,0.289438,0.212515
20110824,0.417949,0.1893,0.13065
20110825,0.466441,0.515775,0.394802
20110826,0.438431,0.308642,0.227582
20110829,0.445547,0.351166,0.263906
20110830,0.434865,0.286694,0.208771
20110831,0.446301,0.359396,0.269136
20110901,0.44461,0.349794,0.261567
20110902,0.442364,0.333333,0.248459
20110905,0.45877,0.462277,0.347505
20110906,0.489875,0.70096,0.557266
20110907,0.478694,0.625514,0.481231
20110908,0.479692,0.639232,0.493235
20110909,0.494311,0.73251,0.580209
20110913,0.489982,0.705075,0.558354
20110914,0.488495,0.69273,0.543278
20110915,0.480927,0.655693,0.50184
20110916,0.497905,0.757202,0.603311
20110919,0.47782,0.620027,0.471814
20110920,0.508007,0.814815,0.664421
20110921,0.488296,0.695473,0.542228
20110922,0.492948,0.73251,0.574312
20110923,0.512923,0.838134,0.685208
20110926,0.531073,0.909465,0.778864
20110927,0.517003,0.858711,0.714896
20110928,0.503424,0.790123,0.630872
20110929,0.46989,0.555556,0.417683
20110930,0.506348,0.814815,0.657526
20111010,0.535159,0.923182,0.795371
20111011,0.553339,0.953361,0.854534
20111012,0.531361,0.917695,0.779197
20111013,0.48471,0.674897,0.519149
20111014,0.49303,0.736626,0.572296
20111017,0.502383,0.790123,0.624165
20111018,0.5162,0.866941,0.708131
20111019,0.524344,0.897119,0.749545
20111020,0.493629,0.743484,0.575758
20111021,0.507164,0.824417,0.658389
20111024,0.518365,0.875171,0.719128
20111025,0.499826,0.77915,0.609195
20111026,0.493093,0.739369,0.570738
20111027,0.465128,0.517147,0.38006
20111028,0.482272,0.665295,0.503019
20111031,0.459928,0.475995,0.349427
20111101,0.45722,0.44856,0.332931
20111102,0.443516,0.340192,0.250151
20111103,0.428999,0.248285,0.172289
20111104,0.43321,0.277092,0.195665
20111107,0.429454,0.252401,0.175692
20111108,0.437525,0.30727,0.21828
20111109,0.445552,0.363512,0.262019
20111110,0.433448,0.282579,0.199399
20111111,0.444924,0.360768,0.259304
20111114,0.404235,0.130316,0.086983
20111115,0.407123,0.148148,0.096523
20111116,0.421167,0.211248,0.139605
20111117,0.422726,0.224966,0.148503
20111118,0.416988,0.183813,0.122681
20111121,0.439779,0.33059,0.23445
20111122,0.455418,0.44856,0.32636
20111123,0.455197,0.44856,0.326165
20111124,0.440611,0.341564,0.24
20111125,0.458123,0.485597,0.346062
20111128,0.451131,0.415638,0.296363
20111129,0.431555,0.274348,0.188915
20111130,0.415075,0.17284,0.115545
20111201,0.469721,0.584362,0.419048
20111202,0.453823,0.441701,0.318858
20111205,0.450942,0.418381,0.296076
20111206,0.467357,0.572016,0.407011
20111207,0.498655,0.806584,0.611639
20111208,0.479235,0.674897,0.488427
20111209,0.502162,0.82716,0.628707
20111212,0.489982,0.750343,0.560759
20111213,0.470129,0.595336,0.424763
20111214,0.480401,0.687243,0.497928
20111215,0.4757,0.639232,0.457396
20111216,0.499481,0.8107,0.615612
20111219,0.49575,0.788752,0.593381
20111220,0.48913,0.740741,0.551093
20111221,0.497993,0.798354,0.607438
20111222,0.466128,0.552812,0.3941
20111223,0.505588,0.851852,0.659198
20111226,0.506028,0.853224,0.662345
20111227,0.489543,0.740741,0.553592
20111228,0.483952,0.702332,0.517952
20111229,0.491534,0.757202,0.566471
20111230,0.486682,0.727023,0.535567
20120104,0.491239,0.757202,0.565805
20120105,0.497825,0.796982,0.605989
20120106,0.496398,0.792867,0.596831
20120109,0.51014,0.877915,0.684457
20120110,0.489857,0.744856,0.557444
20120111,0.477436,0.644719,0.464558
20120112,0.489705,0.742112,0.555035
20120113,0.48531,0.713306,0.524868
20120116,0.521968,0.925926,0.743275
20120117,0.528188,0.950617,0.777323
20120118,0.542808,0.975309,0.828855
20120119,0.554229,0.989026,0.864565
20120120,0.561448,0.995885,0.894399
20120130,0.535191,0.962963,0.801749
20120131,0.535102,0.960219,0.800699
20120201,0.518963,0.910837,0.729179
20120202,0.530164,0.947874,0.781723
20120203,0.467155,0.559671,0.397906
20120206,0.452191,0.421125,0.298256
20120207,0.471992,0.593964,0.428239
20120208,0.507075,0.854595,0.664925
20120209,0.464195,0.525377,0.375508
20120210,0.475899,0.626886,0.453016
20120213,0.437506,0.314129,0.215072
20120214,0.444108,0.36214,0.253187
20120215,0.436564,0.30727,0.209612
20120216,0.416642,0.18107,0.116898
20120217,0.441444,0.347051,0.238866
20120220,0.456436,0.462277,0.32948
20120221,0.441465,0.348422,0.239168
20120222,0.424777,0.24417,0.153002
20120223,0.430165,0.271605,0.179458
20120224,0.451236,0.419753,0.294118
20120227,0.44438,0.371742,0.256484
20120228,0.438517,0.33059,0.222926
20120229,0.463237,0.528121,0.373633
20120301,0.448571,0.403292,0.278481
20120302,0.44654,0.392318,0.268545
20120305,0.436438,0.311385,0.20977
20120306,0.451871,0.433471,0.302125
20120307,0.442545,0.359396,0.245121
20120308,0.447653,0.403292,0.275387
20120309,0.447484,0.40192,0.274083
20120312,0.446757,0.397805,0.270487
20120313,0.429043,0.260631,0.16953
20120314,0.427077,0.249657,0.158558
20120315,0.454406,0.470508,0.325515
20120316,0.457531,0.499314,0.344768
20120319,0.456,0.478738,0.332
20120320,0.45975,0.525377,0.359223
20120321,0.491178,0.762689,0.570205
20120322,0.484468,0.713306,0.523103
20120323,0.466198,0.567901,0.398518
20120326,0.483819,0.710562,0.520228
20120327,0.500369,0.823045,0.628702
20120328,0.452942,0.449931,0.313034
20120329,0.480429,0.691358,0.5
20120330,0.490152,0.761317,0.566799
20120405,0.51479,0.891632,0.711364
20120406,0.49148,0.765432,0.571834
20120409,0.482534,0.702332,0.511918
20120410,0.46869,0.589849,0.415201
20120411,0.469157,0.592593,0.417234
20120412,0.452705,0.447188,0.308782
20120413,0.458673,0.513032,0.348811
20120416,0.443151,0.363512,0.247878
20120417,0.44329,0.363512,0.248869
20120418,0.447174,0.40192,0.271905
20120419,0.468887,0.591221,0.418079
20120420,0.47986,0.684499,0.497459
20120423,0.4533,0.44856,0.314898
20120424,0.479633,0.680384,0.49577
20120425,0.468575,0.584362,0.416009
20120426,0.487315,0.733882,0.546479
20120427,0.49802,0.807956,0.617117
20120502,0.525663,0.938272,0.770962
20120503,0.520011,0.910837,0.741845
20120504,0.496351,0.792867,0.60371
20120507,0.497236,0.796982,0.610112
20120508,0.483799,0.698217,0.521056
20120509,0.492553,0.768176,0.581369
20120510,0.512464,0.875171,0.696579
20120511,0.505006,0.843621,0.663117
20120514,0.506356,0.85048,0.672829
20120515,0.499851,0.812071,0.62654
20120516,0.52564,0.9369,0.771125
20120517,0.520654,0.914952,0.746085
20120518,0.497251,0.790123,0.60872
20120521,0.53529,0.964335,0.810615
20120522,0.532423,0.954733,0.800112
20120523,0.542014,0.971193,0.832031
20120524,0.534811,0.956104,0.807027
20120525,0.517897,0.893004,0.730769
20120528,0.535106,0.957476,0.808357
20120529,0.534794,0.953361,0.805679
20120530,0.495392,0.772291,0.592654
20120531,0.484183,0.687243,0.519466
20120601,0.527591,0.934156,0.777098
20120604,0.509631,0.855967,0.685556
20120605,0.531206,0.94513,0.791782
20120606,0.537105,0.965706,0.813541
20120607,0.522295,0.90535,0.747643
20120608,0.541033,0.969822,0.828714
20120611,0.51156,0.854595,0.689197
20120612,0.507638,0.838134,0.672204
20120613,0.502682,0.809328,0.637521
20120614,0.487052,0.705075,0.535398
20120615,0.513103,0.865569,0.697623
20120618,0.471872,0.589849,0.429282
20120619,0.47462,0.610425,0.44561
20120620,0.463874,0.528121,0.374172
20120621,0.478772,0.647462,0.47711
20120625,0.499947,0.802469,0.623484
20120626,0.491616,0.747599,0.569146
20120627,0.490961,0.739369,0.564427
20120628,0.500511,0.805213,0.627958
20120629,0.503419,0.817558,0.641914
20120702,0.50856,0.853224,0.680594
20120703,0.484098,0.685871,0.514835
20120704,0.49086,0.737997,0.563427
20120705,0.486267,0.703704,0.530735
20120706,0.529008,0.938272,0.785518
20120709,0.525185,0.919067,0.764254
20120710,0.51576,0.88203,0.717808
20120711,0.541744,0.973937,0.834064
20120712,0.539566,0.96845,0.825944
20120713,0.527937,0.931413,0.780088
20120716,0.501603,0.802469,0.629306
20120717,0.552837,0.984911,0.86776
20120718,0.554222,0.986283,0.872201
20120719,0.499836,0.788752,0.617904
20120720,0.524851,0.910837,0.761593
20120723,0.529706,0.934156,0.78735
20120724,0.523337,0.899863,0.751499
20120725,0.501059,0.792867,0.625272
20120726,0.527162,0.921811,0.774088
20120727,0.538969,0.964335,0.825354
20120730,0.510583,0.844993,0.685699
20120731,0.525126,0.908093,0.761413
20120801,0.536078,0.958848,0.813145
20120802,0.533421,0.94513,0.801303
20120803,0.51408,0.857339,0.701574
20120806,0.491929,0.728395,0.563991
20120807,0.4853,0.670782,0.517073
20120808,0.516183,0.868313,0.716143
20120809,0.506722,0.817558,0.663779
20120810,0.503783,0.801097,0.640693
20120813,0.516748,0.869684,0.721471
20120814,0.512381,0.844993,0.688649
20120815,0.510127,0.834019,0.681794
20120816,0.522361,0.891632,0.74568
20120817,0.532677,0.943759,0.800324
20120820,0.514474,0.857339,0.704423
20120821,0.465098,0.51989,0.371968
20120822,0.479979,0.635117,0.480065
20120823,0.487684,0.685871,0.530964
20120824,0.476459,0.602195,0.447255
20120827,0.493189,0.739369,0.571813
20120828,0.50171,0.784636,0.624194
20120829,0.484955,0.665295,0.512628
20120830,0.487436,0.684499,0.529538
20120831,0.499359,0.772291,0.609769
20120903,0.508095,0.829904,0.671137
20120904,0.497812,0.761317,0.598928
20120905,0.498085,0.768176,0.602894
20120906,0.470741,0.561043,0.412426
20120907,0.458577,0.475995,0.331906
20120910,0.466575,0.532236,0.382022
20120911,0.460116,0.493827,0.342246
20120912,0.451833,0.411523,0.285409
20120913,0.439075,0.318244,0.212073
20120914,0.499398,0.77915,0.611853
20120917,0.488611,0.694102,0.534685
20120918,0.50155,0.792867,0.6256
20120919,0.516047,0.872428,0.717484
20120920,0.496453,0.754458,0.589771
20120921,0.527619,0.927298,0.77902
20120924,0.532745,0.946502,0.803087
20120925,0.535802,0.960219,0.816489
20120926,0.49384,0.742112,0.574163
20120927,0.544458,0.97668,0.845377
20120928,0.566696,0.998628,0.916091
20121008,0.54614,0.975309,0.850318
20121009,0.505314,0.805213,0.654111
20121010,0.476407,0.593964,0.443796
20121011,0.490611,0.706447,0.551669
20121012,0.497523,0.757202,0.595869
20121015,0.484673,0.655693,0.506088
20121016,0.505838,0.809328,0.658201
20121017,0.519359,0.880658,0.734532
20121018,0.481405,0.633745,0.487315
20121019,0.473202,0.569273,0.423138
20121022,0.483359,0.639232,0.49736
20121023,0.466865,0.526749,0.382586
20121024,0.468919,0.540466,0.396097
20121025,0.471716,0.554184,0.414338
20121026,0.461568,0.48834,0.347734
20121029,0.511737,0.840878,0.68773
20121030,0.527038,0.914952,0.773684
20121031,0.53353,0.943759,0.805892
20121101,0.501161,0.780521,0.623028
20121102,0.507298,0.814815,0.666316
20121105,0.495404,0.735254,0.580357
20121106,0.50483,0.79561,0.649869
20121107,0.524653,0.898491,0.761805
20121108,0.478909,0.602195,0.463555
20121109,0.498092,0.754458,0.601677
20121112,0.524704,0.898491,0.762703
20121113,0.499565,0.762689,0.609948
20121114,0.500293,0.768176,0.617478
20121115,0.500539,0.770919,0.619247
20121116,0.50557,0.796982,0.65656
20121119,0.549812,0.975309,0.861546
20121120,0.529067,0.923182,0.787467
20121121,0.508746,0.821674,0.677453
20121122,0.518608,0.868313,0.730308
20121123,0.54097,0.964335,0.834724
20121126,0.524202,0.887517,0.758207
20121127,0.458587,0.440329,0.324479
20121128,0.507408,0.803841,0.66632
20121129,0.549433,0.973937,0.860562
20121130,0.551702,0.979424,0.870515
20121203,0.581775,1.0,0.943347
20121204,0.538917,0.954733,0.828571
20121205,0.557418,0.987654,0.889927
20121206,0.561369,0.99177,0.904515
20121207,0.548526,0.967078,0.856846
20121210,0.510371,0.813443,0.681182
20121211,0.503868,0.768176,0.637306
20121212,0.519407,0.860082,0.732263
20121213,0.513505,0.829904,0.693582
20121214,0.523503,0.875171,0.751164
20121217,0.526003,0.898491,0.769907
20121218,0.54028,0.954733,0.832041
20121219,0.545001,0.964335,0.847107
20121220,0.524843,0.880658,0.759422
20121221,0.503377,0.750343,0.626935
20121224,0.500827,0.736626,0.612171
20121225,0.479747,0.565158,0.465464
20121226,0.441505,0.283951,0.217414
20121227,0.451168,0.351166,0.270855
20121228,0.47317,0.514403,0.415337
20121231,0.485813,0.609053,0.507202
20130104,0.519793,0.854595,0.73419
20130107,0.476972,0.537723,0.438849
20130108,0.441682,0.283951,0.218798
20130109,0.445103,0.308642,0.238193
20130110,0.453626,0.368999,0.290918
20130111,0.440201,0.27572,0.210769
20130114,0.454551,0.38546,0.300871
20130115,0.429947,0.207133,0.158811
20130116,0.443176,0.292181,0.227343
20130117,0.456226,0.396433,0.308086
20130118,0.456125,0.395062,0.307928
20130121,0.461115,0.434842,0.33998
20130122,0.488575,0.626886,0.525805
20130123,0.480149,0.566529,0.470889
20130124,0.508864,0.796982,0.675345
20130125,0.510349,0.802469,0.681633
20130128,0.538191,0.943759,0.823559
20130129,0.53188,0.917695,0.796636
20130130,0.513177,0.816187,0.692817
20130131,0.510886,0.801097,0.68279
20130201,0.554632,0.982167,0.880407
20130204,0.556413,0.984911,0.890132
20130205,0.553862,0.97668,0.876462
20130206,0.526716,0.888889,0.770833
20130207,0.563365,0.994513,0.910615
20130208,0.504734,0.744856,0.641117
20130218,0.471265,0.484225,0.404871
20130219,0.481691,0.562414,0.480223
20130220,0.464199,0.433471,0.355297
20130221,0.49007,0.628258,0.54002
20130222,0.489756,0.620027,0.53519
20130225,0.466796,0.451303,0.373988
20130226,0.48874,0.610425,0.524532
20130227,0.49032,0.632373,0.543478
20130228,0.507722,0.769547,0.663466
20130301,0.469115,0.463649,0.388384
20130304,0.49592,0.674897,0.575972
20130305,0.513096,0.806584,0.69223
20130306,0.466046,0.430727,0.364599
20130307,0.474835,0.493827,0.424395
20130308,0.479523,0.530864,0.462972
20130311,0.475267,0.493827,0.426485
20130312,0.461095,0.397805,0.334675
20130313,0.501796,0.725652,0.619215
20130314,0.51128,0.794239,0.684263
20130315,0.541599,0.951989,0.837688
20130318,0.539685,0.943759,0.830738
20130319,0.517782,0.829904,0.7249
20130320,0.540719,0.946502,0.83442
20130321,0.481658,0.54321,0.478937
20130322,0.477686,0.504801,0.443609
20130325,0.485612,0.570645,0.504509
20130326,0.496078,0.665295,0.576365
20130327,0.497134,0.670782,0.583584
20130328,0.527567,0.887517,0.777889
20130329,0.519784,0.838134,0.7355
20130401,0.498473,0.683128,0.594203
20130402,0.49656,0.663923,0.579421
20130403,0.49374,0.646091,0.562656
20130408,0.522351,0.847737,0.745509
20130409,0.519737,0.835391,0.735162
20130410,0.527994,0.891632,0.782652
20130411,0.515054,0.805213,0.706527
20130412,0.525361,0.872428,0.765438
20130415,0.521344,0.840878,0.741663
20130416,0.549834,0.964335,0.864179
20130417,0.546725,0.958848,0.854301
20130418,0.535945,0.927298,0.8166
20130419,0.522251,0.838134,0.743169
20130422,0.503899,0.716049,0.633069
20130423,0.509061,0.758573,0.670968
20130424,0.517994,0.814815,0.723214
20130425,0.504435,0.713306,0.636093
20130426,0.501105,0.688615,0.610505
20130502,0.53631,0.928669,0.817732
20130503,0.519849,0.82716,0.734158
20130506,0.489186,0.566529,0.522514
20130507,0.500362,0.677641,0.605341
20130508,0.489947,0.57476,0.531389
20130509,0.488016,0.550069,0.512846
20130510,0.455564,0.304527,0.293333
20130513,0.468945,0.404664,0.380553
20130514,0.479164,0.477366,0.451406
20130515,0.475161,0.438957,0.418146
20130516,0.468663,0.395062,0.377526
20130517,0.442375,0.201646,0.213793
20130520,0.439648,0.186557,0.199409
20130521,0.426848,0.122085,0.135827
20130522,0.42224,0.109739,0.122479
20130523,0.448892,0.248285,0.251229
20130524,0.437657,0.176955,0.189189
20130527,0.426259,0.123457,0.135069
20130528,0.446856,0.238683,0.241532
20130529,0.447258,0.240055,0.243867
20130530,0.432164,0.146776,0.163806
20130531,0.418672,0.096022,0.107843
20130603,0.428356,0.128944,0.143067
20130604,0.43072,0.142661,0.157199
20130605,0.460117,0.337449,0.32746
20130606,0.469826,0.407407,0.390411
20130607,0.476973,0.45679,0.436186
20130613,0.490651,0.587106,0.543011
20130614,0.497662,0.647462,0.588666
20130617,0.48625,0.533608,0.507812
20130618,0.495378,0.624143,0.569546
20130619,0.484344,0.514403,0.492195
20130620,0.488397,0.548697,0.519259
20130621,0.501926,0.694102,0.62037
20130624,0.510074,0.75583,0.679493
20130625,0.510496,0.762689,0.682084
20130626,0.514216,0.788752,0.70365
20130627,0.495502,0.622771,0.571498
20130628,0.529685,0.893004,0.793388
20130701,0.522086,0.834019,0.746842
20130702,0.506915,0.722908,0.658572
20130703,0.505814,0.713306,0.651942
20130704,0.484436,0.500686,0.490053
20130705,0.495671,0.617284,0.571775
20130708,0.483685,0.48834,0.484246
20130709,0.521132,0.829904,0.744186
20130710,0.509134,0.746228,0.674576
20130711,0.53227,0.903978,0.804453
20130712,0.515857,0.792867,0.713595
20130715,0.50208,0.679012,0.619923
20130716,0.46912,0.368999,0.381344
20130717,0.469641,0.371742,0.384541
20130718,0.477987,0.434842,0.440367
20130719,0.490793,0.563786,0.540541
20130722,0.497567,0.626886,0.585625
20130723,0.47171,0.378601,0.398264
20130724,0.481544,0.467764,0.472771
20130725,0.477691,0.426612,0.437861
20130726,0.475876,0.407407,0.423207
20130729,0.493848,0.59808,0.561598
20130730,0.499569,0.651578,0.602213
20130731,0.493505,0.588477,0.558173
20130801,0.461763,0.297668,0.332532
20130802,0.431999,0.104252,0.160903
20130805,0.41846,0.0631,0.104657
20130806,0.438468,0.137174,0.192418
20130807,0.436389,0.122085,0.180815
20130808,0.443999,0.171468,0.225312
20130809,0.446609,0.185185,0.237662
20130812,0.475009,0.392318,0.418103
20130813,0.45613,0.257888,0.298229
20130814,0.444944,0.17284,0.229187
20130815,0.445303,0.174211,0.231468
20130816,0.508247,0.73251,0.67065
20130819,0.502947,0.681756,0.628763
20130820,0.479989,0.445816,0.463228
20130821,0.460912,0.281207,0.326969
20130822,0.459072,0.271605,0.316317
20130823,0.465628,0.310014,0.355269
20130826,0.448569,0.1893,0.248808
20130827,0.444656,0.159122,0.227727
20130828,0.453209,0.219479,0.280952
20130829,0.449975,0.196159,0.257972
20130830,0.446943,0.175583,0.241199
20130902,0.494208,0.593964,0.566809
20130903,0.474733,0.384088,0.418251
20130904,0.480776,0.452675,0.471734
20130905,0.469888,0.351166,0.390313
20130906,0.487596,0.510288,0.517323
20130909,0.52829,0.884774,0.791746
20130910,0.517259,0.801097,0.728781
20130911,0.500343,0.652949,0.61327
20130912,0.540139,0.941015,0.840834
20130913,0.516989,0.79561,0.726799
20130916,0.533102,0.908093,0.811642
20130917,0.527321,0.871056,0.783822
20130918,0.528209,0.880658,0.791017
20130923,0.501754,0.662551,0.62051
20130924,0.52049,0.817558,0.745394
20130925,0.519232,0.803841,0.7356
20130926,0.500709,0.647462,0.613497
20130927,0.517058,0.791495,0.726887
20130930,0.524138,0.838134,0.764262
20131008,0.520204,0.813443,0.742696
20131009,0.480958,0.434842,0.470561
20131010,0.49811,0.61454,0.593691
20131011,0.48717,0.484225,0.511059
20131014,0.458815,0.241427,0.312794
20131015,0.450176,0.171468,0.2567
20131016,0.46386,0.272977,0.343515
20131017,0.470956,0.340192,0.395491
20131018,0.488191,0.499314,0.516901
20131021,0.467338,0.30727,0.368841
20131022,0.477642,0.397805,0.438086
20131023,0.466269,0.294925,0.360056
20131024,0.480116,0.430727,0.46298
20131025,0.494951,0.580247,0.567681
20131028,0.497584,0.607682,0.588951
20131029,0.498041,0.617284,0.594291
20131030,0.529893,0.893004,0.800748
20131031,0.517953,0.79561,0.731183
20131101,0.516986,0.784636,0.725234
20131104,0.505887,0.694102,0.656235
20131105,0.500447,0.640604,0.612512
20131106,0.488069,0.493827,0.515632
20131107,0.493343,0.556927,0.557369
20131108,0.503172,0.666667,0.631702
20131111,0.513472,0.761317,0.698975
20131112,0.515443,0.770919,0.713088
20131113,0.504842,0.680384,0.647579
20131114,0.508192,0.714678,0.670544
20131115,0.490407,0.521262,0.53814
20131118,0.505385,0.681756,0.65179
20131119,0.490576,0.51989,0.538104
20131120,0.481729,0.427984,0.472829
20131121,0.500289,0.625514,0.609564
20131122,0.505855,0.688615,0.656613
20131125,0.489162,0.491084,0.522727
20131126,0.469335,0.30727,0.379694
20131127,0.482447,0.42524,0.47544
20131128,0.449949,0.155007,0.251505
20131129,0.42736,0.027435,0.131944
20131202,0.474309,0.33882,0.409533
20131203,0.471528,0.319616,0.395005
20131204,0.457152,0.208505,0.300046
20131205,0.466141,0.266118,0.354898
20131206,0.484536,0.444444,0.490993
20131209,0.467461,0.282579,0.366574
20131210,0.45432,0.18107,0.28288
20131211,0.472515,0.326475,0.400369
20131212,0.463684,0.24417,0.337944
20131213,0.451462,0.15775,0.259908
20131216,0.460092,0.229081,0.317826
20131217,0.476474,0.364883,0.427716
20131218,0.476309,0.359396,0.426139
20131219,0.485993,0.463649,0.50414
20131220,0.500766,0.635117,0.617471
20131223,0.482639,0.426612,0.47932
20131224,0.476719,0.36214,0.429949
20131225,0.460115,0.223594,0.317264
20131226,0.45207,0.15775,0.263883
20131227,0.449212,0.139918,0.247248
20131230,0.440819,0.076818,0.198533
20131231,0.466154,0.263374,0.356095
20140102,0.444311,0.100137,0.217132
20140103,0.451944,0.160494,0.264194
20140106,0.448846,0.138546,0.243936
20140107,0.457501,0.207133,0.302836
20140108,0.461531,0.240055,0.329218
20140109,0.471593,0.325103,0.398537
20140110,0.455708,0.193416,0.28963
20140113,0.478579,0.390947,0.445662
20140114,0.478413,0.389575,0.445002
20140115,0.467878,0.290809,0.370438
20140116,0.465627,0.263374,0.351117
20140117,0.474911,0.355281,0.418414
20140120,0.469007,0.305898,0.379043
20140121,0.488192,0.496571,0.521858
20140122,0.46681,0.283951,0.363678
20140123,0.456174,0.200274,0.292539
20140124,0.428527,0.027435,0.135971
20140127,0.458859,0.224966,0.310909
20140128,0.46083,0.238683,0.322581
20140129,0.474977,0.364883,0.420073
20140130,0.487827,0.500686,0.521108
20140207,0.459301,0.229081,0.313067
20140210,0.408436,0.004115,0.074376
20140211,0.420947,0.013717,0.107888
20140212,0.398793,0.001372,0.052107
20140213,0.419012,0.015089,0.101902
20140214,0.402935,0.002743,0.06383
20140217,0.389514,0.001372,0.033484
20140218,0.397188,0.002743,0.048847
20140219,0.403062,0.006859,0.065099
20140220,0.404098,0.00823,0.067329
20140221,0.412962,0.013717,0.085366
20140224,0.417893,0.019204,0.100677
20140225,0.407077,0.010974,0.075361
20140226,0.43047,0.052126,0.151105
20140227,0.439671,0.091907,0.195221
20140228,0.446664,0.141289,0.233889
20140303,0.422729,0.034294,0.12027
20140304,0.444868,0.127572,0.224223
20140305,0.421644,0.03155,0.115662
20140306,0.432799,0.0631,0.163743
20140307,0.438637,0.091907,0.191097
20140310,0.42052,0.027435,0.111011
20140311,0.446527,0.145405,0.234501
20140312,0.460422,0.264746,0.327795
20140313,0.459151,0.253772,0.318671
20140314,0.455095,0.218107,0.292508
20140317,0.420004,0.027435,0.108969
20140318,0.41785,0.020576,0.100403
20140319,0.421605,0.035665,0.116487
20140320,0.420116,0.030178,0.109718
20140321,0.445043,0.139918,0.229185
20140324,0.445249,0.142661,0.229978
20140325,0.430189,0.060357,0.152952
20140326,0.424345,0.043896,0.126509
20140327,0.43839,0.096022,0.189902
20140328,0.41827,0.024691,0.102278
20140331,0.438257,0.096022,0.188839
20140401,0.443324,0.130316,0.219545
20140402,0.459694,0.268861,0.327386
20140403,0.46763,0.33059,0.381186
20140404,0.456454,0.24417,0.305258
20140408,0.492859,0.576132,0.56971
20140409,0.442238,0.122085,0.212378
20140410,0.489947,0.547325,0.550067
20140411,0.497108,0.620027,0.59742
20140414,0.450784,0.194787,0.263673
20140415,0.452017,0.208505,0.273778
20140416,0.452475,0.213992,0.278543
20140417,0.443441,0.133059,0.220249
20140418,0.442121,0.122085,0.210386
20140421,0.42398,0.045267,0.124224
20140422,0.437914,0.096022,0.186696
20140423,0.463608,0.304527,0.352837
20140424,0.450182,0.198903,0.262738
20140425,0.455358,0.240055,0.298937
20140428,0.429169,0.060357,0.146082
20140429,0.46106,0.292181,0.339381
20140430,0.466067,0.320988,0.37019
20140505,0.469296,0.360768,0.398762
20140506,0.445549,0.163237,0.234202
20140507,0.451007,0.205761,0.266784
20140508,0.461171,0.29904,0.341722
20140509,0.448489,0.185185,0.251103
20140512,0.469213,0.366255,0.398324
20140513,0.487758,0.530864,0.533069
20140514,0.474289,0.403292,0.429705
20140515,0.450152,0.200274,0.262115
20140516,0.452803,0.229081,0.284016
20140519,0.49394,0.60631,0.582306
20140520,0.464399,0.320988,0.359877
20140521,0.461387,0.304527,0.343448
20140522,0.441954,0.1262,0.20967
20140523,0.461823,0.312757,0.34754
20140526,0.441805,0.1262,0.209047
20140527,0.453131,0.234568,0.286216
20140528,0.457654,0.272977,0.317683
20140529,0.47424,0.410151,0.430702
20140530,0.488856,0.55144,0.543183
20140603,0.487259,0.529492,0.531113
20140604,0.460344,0.300412,0.335523
20140605,0.471118,0.39369,0.413748
20140606,0.467592,0.359396,0.386871
20140609,0.475631,0.429355,0.443132
20140610,0.485553,0.524005,0.520332
20140611,0.459244,0.289438,0.325612
20140612,0.474469,0.419753,0.433814
20140613,0.449273,0.198903,0.256769
20140616,0.441439,0.120713,0.204714
20140617,0.45839,0.278464,0.319808
20140618,0.449687,0.203018,0.259049
20140619,0.442726,0.137174,0.213165
20140620,0.458843,0.289438,0.324183
20140623,0.438852,0.109739,0.191638
20140624,0.454363,0.252401,0.295603
20140625,0.452604,0.237311,0.281114
20140626,0.422963,0.045267,0.119617
20140627,0.418438,0.026063,0.1
20140630,0.413448,0.016461,0.085615
20140701,0.431503,0.075446,0.156386
20140702,0.416614,0.019204,0.092054
20140703,0.403767,0.00823,0.063802
20140704,0.421188,0.043896,0.112798
20140707,0.427818,0.0631,0.138335
20140708,0.434216,0.090535,0.170785
20140709,0.430572,0.078189,0.153813
20140710,0.459482,0.318244,0.334344
20140711,0.447582,0.20439,0.248485
20140714,0.427952,0.064472,0.138901
20140715,0.433452,0.093278,0.169983
20140716,0.421725,0.048011,0.116732
20140717,0.439079,0.130316,0.197494
20140718,0.450641,0.230453,0.269114
20140721,0.449469,0.219479,0.263385
20140722,0.452632,0.253772,0.286577
20140723,0.444111,0.167353,0.228214
20140724,0.479003,0.489712,0.479517
20140725,0.464416,0.359396,0.368966
20140728,0.486884,0.555556,0.536407
20140729,0.445276,0.178326,0.235573
20140730,0.455847,0.278464,0.309083
20140731,0.449209,0.211248,0.261188
20140801,0.425758,0.057613,0.129892
20140804,0.445563,0.186557,0.238177
20140805,0.429798,0.075446,0.149549
20140806,0.436426,0.104252,0.180842
20140807,0.426521,0.060357,0.132675
20140808,0.438588,0.123457,0.195279
20140811,0.397827,0.004115,0.048906
20140812,0.415804,0.021948,0.089623
20140813,0.41108,0.017833,0.079297
20140814,0.397689,0.004115,0.047986
20140815,0.421623,0.050754,0.116488
20140818,0.392074,0.002743,0.036387
20140819,0.40472,0.016461,0.06718
20140820,0.392311,0.004115,0.037639
20140821,0.412092,0.024691,0.082941
20140822,0.412581,0.026063,0.084615
20140825,0.409697,0.02332,0.077745
20140826,0.406249,0.019204,0.072161
20140827,0.451246,0.249657,0.280837
20140828,0.437226,0.120713,0.188993
20140829,0.444023,0.176955,0.232836
20140901,0.416047,0.035665,0.094203
20140902,0.419451,0.050754,0.109075
20140903,0.410344,0.026063,0.079642
20140904,0.404645,0.017833,0.067263
20140905,0.406387,0.021948,0.073191
20140909,0.39167,0.002743,0.036155
20140910,0.385346,0.001372,0.023384
20140911,0.375392,0.001372,0.013175
20140912,0.383418,0.002743,0.02124
20140915,0.360947,0.001372,0.003397
20140916,0.365826,0.002743,0.005093
20140917,0.381073,0.005487,0.018244
20140918,0.388874,0.009602,0.032655
20140919,0.382393,0.006859,0.019924
20140922,0.378219,0.005487,0.015678
20140923,0.380256,0.006859,0.018213
20140924,0.399689,0.026063,0.059695
20140925,0.39096,0.016461,0.038934
20140926,0.385091,0.012346,0.026227
20140929,0.376334,0.005487,0.014376
20140930,0.37082,0.004115,0.008876
20141008,0.372575,0.005487,0.010984
20141009,0.365476,0.002743,0.005068
20141010,0.391913,0.026063,0.043056
20141013,0.384989,0.017833,0.027848
20141014,0.385666,0.021948,0.029945
20141015,0.413604,0.065844,0.098651
20141016,0.408922,0.056241,0.085546
20141017,0.386381,0.02332,0.031171
20141020,0.407862,0.056241,0.085053
20141021,0.410751,0.0631,0.090067
20141022,0.397315,0.035665,0.055532
20141023,0.400287,0.042524,0.065181
20141024,0.435201,0.159122,0.191677
20141027,0.436525,0.164609,0.197479
20141028,0.407568,0.058985,0.085678
20141029,0.408812,0.0631,0.087322
20141030,0.414231,0.078189,0.102392
20141031,0.462858,0.397805,0.377517
20141103,0.431043,0.150892,0.173585
20141104,0.439203,0.192044,0.215842
20141105,0.468232,0.440329,0.41349
20141106,0.430967,0.150892,0.172948
20141107,0.456814,0.347051,0.335705
20141110,0.501811,0.743484,0.657741
20141111,0.497835,0.694102,0.629026
20141112,0.492594,0.648834,0.592809
20141113,0.491565,0.643347,0.586711
20141114,0.495579,0.668038,0.611529
20141117,0.491199,0.636488,0.584134
20141118,0.48379,0.552812,0.525876
20141119,0.449267,0.264746,0.279516
20141120,0.456851,0.337449,0.335279
20141121,0.485644,0.573388,0.540225
20141124,0.505417,0.768176,0.6875
20141125,0.441587,0.193416,0.228238
20141126,0.470643,0.452675,0.433805
20141127,0.480102,0.526749,0.503121
20141128,0.513398,0.823045,0.730449
20141201,0.526796,0.901235,0.80499
20141202,0.54909,0.978052,0.884456
20141203,0.540946,0.961591,0.861654
20141204,0.523708,0.879287,0.78696
20141205,0.568259,0.998628,0.938564
20141208,0.593844,1.0,0.969295
20141209,0.608638,1.0,0.981336
20141210,0.622693,1.0,0.987562
20141211,0.568357,0.994513,0.937837
20141212,0.550903,0.975309,0.888152
20141215,0.520926,0.855967,0.773085
20141216,0.599166,0.997257,0.973096
20141217,0.643431,1.0,0.996276
20141218,0.632758,0.998628,0.990488
20141219,0.611182,0.995885,0.981811
20141222,0.634302,0.998628,0.991322
20141223,0.646174,1.0,0.996696
20141224,0.638008,0.997257,0.992155
20141225,0.640611,0.997257,0.992984
20141226,0.678335,1.0,0.999587
20141229,0.666904,0.998628,0.998763
20141230,0.645435,0.995885,0.995466
20141231,0.682655,1.0,0.999588
20150105,0.655677,0.995885,0.995881
20150106,0.630674,0.984911,0.986414
20150107,0.637539,0.987654,0.9893
20150108,0.616667,0.980796,0.979012
20150109,0.659172,0.995885,0.996296
20150112,0.637031,0.984911,0.988477
20150113,0.594497,0.972565,0.96214
20150114,0.599026,0.972565,0.966255
20150115,0.663731,0.995885,0.997531
20150116,0.641724,0.987654,0.99177
20150119,0.563715,0.960219,0.919342
20150120,0.606027,0.971193,0.970782
20150121,0.579079,0.962963,0.942387
20150122,0.549934,0.939643,0.878189
20150123,0.576099,0.961591,0.937449
20150126,0.546216,0.931413,0.868313
20150127,0.543419,0.925926,0.86214
20150128,0.531852,0.88203,0.819753
20150129,0.552987,0.94513,0.888477
20150130,0.546243,0.930041,0.868724
20150202,0.555416,0.949246,0.895885
20150203,0.55209,0.941015,0.886008
20150204,0.544077,0.920439,0.861728
20150205,0.572598,0.960219,0.934979
20150206,0.531127,0.871056,0.816872
20150209,0.597863,0.967078,0.964198
20150210,0.603577,0.969822,0.968724
20150211,0.567815,0.953361,0.929218
20150212,0.557706,0.946502,0.904115
20150213,0.521135,0.812071,0.768724
20150216,0.507003,0.722908,0.689712
20150217,0.506925,0.721536,0.6893
20150225,0.498866,0.647462,0.62963
20150226,0.548946,0.923182,0.875309
20150227,0.51472,0.768176,0.732099
20150302,0.486147,0.532236,0.539506
20150303,0.478107,0.469136,0.479012
20150304,0.45211,0.270233,0.296296
20150305,0.453283,0.282579,0.307819
20150306,0.44273,0.190672,0.23251
20150309,0.504153,0.695473,0.667901
20150310,0.459271,0.326475,0.34856
20150311,0.454232,0.282579,0.315638
20150312,0.521065,0.807956,0.767901
20150313,0.508372,0.728395,0.700412
20150316,0.443595,0.196159,0.240329
20150317,0.466816,0.379973,0.402881
20150318,0.480023,0.481481,0.500823
20150319,0.470711,0.411523,0.43251
20150320,0.517317,0.783265,0.751029
20150323,0.461009,0.334705,0.36214
20150324,0.455087,0.281207,0.320576
20150325,0.447972,0.224966,0.268313
20150326,0.457539,0.303155,0.339506
20150327,0.466201,0.371742,0.398765
20150330,0.500354,0.652949,0.645679
20150331,0.514846,0.766804,0.736214
20150401,0.464567,0.360768,0.38642
20150402,0.429882,0.1262,0.165021
20150403,0.426255,0.112483,0.146091
20150407,0.445473,0.213992,0.253086
20150408,0.480624,0.491084,0.5107
20150409,0.501949,0.677641,0.658025
20150410,0.473295,0.433471,0.45144
20150413,0.462403,0.352538,0.376543
20150414,0.468671,0.396433,0.419753
20150415,0.497619,0.624143,0.627984
20150416,0.518308,0.788752,0.758025
20150417,0.534754,0.877915,0.832922
20150420,0.572278,0.956104,0.935802
20150421,0.546295,0.917695,0.869547
20150422,0.51896,0.786008,0.760494
20150423,0.503417,0.677641,0.667078
20150424,0.508444,0.720165,0.705761
20150427,0.514209,0.754458,0.733333
20150428,0.563241,0.946502,0.918519
20150429,0.544569,0.909465,0.864198
20150430,0.520717,0.798354,0.769959
20150504,0.527079,0.836763,0.800823
20150505,0.541757,0.902606,0.857202
20150506,0.535427,0.876543,0.836214
20150507,0.505616,0.688615,0.686831
20150508,0.488958,0.54321,0.567078
20150511,0.473014,0.419753,0.449794
20150512,0.46743,0.378601,0.411523
20150513,0.449992,0.242798,0.283128
20150514,0.445771,0.215364,0.256379
20150515,0.44762,0.226337,0.267901
20150518,0.412118,0.069959,0.094239
20150519,0.43162,0.141289,0.175309
20150520,0.406864,0.05487,0.081893
20150521,0.387648,0.024691,0.033333
20150522,0.42775,0.123457,0.152675
20150525,0.43184,0.146776,0.177366
20150526,0.428907,0.130316,0.160082
20150527,0.419425,0.09465,0.120576
20150528,0.4189,0.093278,0.118519
20150529,0.405518,0.053498,0.079835
20150601,0.412649,0.076818,0.097531
20150602,0.384621,0.017833,0.02716
20150603,0.385393,0.02332,0.029218
20150604,0.41342,0.082305,0.101646
20150605,0.416422,0.090535,0.109053
20150608,0.461969,0.368999,0.381893
20150609,0.486486,0.545953,0.558436
20150610,0.421876,0.119342,0.137037
20150611,0.405153,0.056241,0.078601
20150612,0.387453,0.027435,0.033745
20150615,0.402455,0.049383,0.071605
20150616,0.409085,0.074074,0.089712
20150617,0.411716,0.080933,0.097119
20150618,0.415579,0.09465,0.109053
20150619,0.426541,0.141289,0.155144
20150623,0.432382,0.174211,0.188477
20150624,0.443887,0.227709,0.251852
20150625,0.461221,0.375857,0.380247
20150626,0.498509,0.651578,0.647325
20150629,0.504231,0.703704,0.688066
20150630,0.47367,0.465021,0.466667
20150701,0.464271,0.39369,0.398765
20150702,0.491091,0.602195,0.599177
20150703,0.478782,0.504801,0.507407
20150706,0.525103,0.836763,0.802881
20150707,0.713631,1.0,0.999588
20150708,0.601363,0.967078,0.96749
20150709,0.575674,0.954733,0.940329
20150710,0.674128,0.995885,0.997942
20150713,0.575202,0.951989,0.939918
20150714,0.490851,0.599451,0.598354
20150715,0.445328,0.245542,0.262963
20150716,0.41502,0.09465,0.106996
20150717,0.429081,0.155007,0.169136
20150720,0.415199,0.096022,0.108642
20150721,0.414576,0.09465,0.106173
20150722,0.401495,0.049383,0.06749
20150723,0.389567,0.032922,0.039918
20150724,0.387642,0.028807,0.034568
20150727,0.406169,0.065844,0.083951
20150728,0.418297,0.115226,0.123868
20150729,0.420068,0.127572,0.13251
20150730,0.417755,0.111111,0.121399
20150731,0.421202,0.135802,0.138272
20150803,0.406876,0.071331,0.086831
20150804,0.38158,0.015089,0.020988
20150805,0.37987,0.012346,0.019342
20150806,0.39593,0.045267,0.055556
20150807,0.384748,0.021948,0.028395
20150810,0.391338,0.041152,0.045679
20150811,0.389217,0.037037,0.040329
20150812,0.395047,0.049383,0.055967
20150813,0.397586,0.05487,0.060905
20150814,0.375282,0.00823,0.014403
20150817,0.380723,0.016461,0.020576
20150818,0.385203,0.028807,0.030864
20150819,0.39224,0.052126,0.050206
20150820,0.404957,0.079561,0.084774
20150821,0.401265,0.068587,0.07284
20150824,0.48269,0.570645,0.544033
20150825,0.464803,0.437586,0.410288
20150826,0.410254,0.102881,0.1
20150827,0.437867,0.226337,0.223457
20150828,0.419767,0.14952,0.137449
20150831,0.458583,0.38546,0.365021
20150901,0.504962,0.737997,0.700823
20150902,0.49569,0.662551,0.632922
20150907,0.445416,0.288066,0.272428
20150908,0.41866,0.142661,0.130453
20150909,0.411512,0.108368,0.102881
20150910,0.416577,0.133059,0.120576
20150911,0.418692,0.148148,0.131687
20150914,0.440718,0.252401,0.240741
20150915,0.415201,0.127572,0.114815
20150916,0.418153,0.141289,0.127572
20150917,0.411711,0.109739,0.102058
20150918,0.441909,0.264746,0.247737
20150921,0.420505,0.164609,0.139918
20150922,0.406883,0.091907,0.088477
20150923,0.413524,0.123457,0.108642
20150924,0.425599,0.187929,0.160082
20150925,0.413497,0.123457,0.10823
20150928,0.416433,0.139918,0.118107
20150929,0.413929,0.127572,0.110288
20150930,0.430593,0.222222,0.186831
20151008,0.389308,0.042524,0.039506
20151009,0.36875,0.005487,0.007407
20151012,0.379126,0.015089,0.017695
20151013,0.371207,0.00823,0.009877
20151014,0.379884,0.019204,0.019753
20151015,0.37454,0.010974,0.012757
20151016,0.372327,0.009602,0.011111
20151019,0.391062,0.056241,0.046502
20151020,0.383548,0.03155,0.02716
20151021,0.385452,0.042524,0.03251
20151022,0.399304,0.079561,0.068313
20151023,0.380838,0.026063,0.021811
20151026,0.377611,0.017833,0.017284
20151027,0.388353,0.053498,0.041152
20151028,0.372449,0.010974,0.011523
20151029,0.378438,0.021948,0.01893
20151030,0.389332,0.061728,0.045267
20151102,0.369241,0.006859,0.008642
20151103,0.371009,0.009602,0.010288
20151104,0.374827,0.017833,0.015226
20151105,0.435477,0.268861,0.216872
20151106,0.411121,0.137174,0.106996
20151109,0.413058,0.14952,0.113992
20151110,0.399602,0.093278,0.073251
20151111,0.371156,0.010974,0.0107
20151112,0.359259,0.001372,0.003292
20151113,0.376795,0.026063,0.01893
20151116,0.378395,0.030178,0.021399
20151117,0.384341,0.048011,0.032922
20151118,0.400263,0.102881,0.077366
20151119,0.393197,0.087791,0.058848
20151120,0.371171,0.013717,0.011523
20151123,0.367232,0.006859,0.006996
20151124,0.360735,0.002743,0.003704
20151125,0.342853,0.001372,0.000823
20151126,0.349209,0.002743,0.002469
20151127,0.34247,0.001372,0.000823
20151130,0.353238,0.005487,0.004115
20151201,0.364543,0.010974,0.006996
20151202,0.417019,0.197531,0.13786
20151203,0.405724,0.134431,0.098765
20151204,0.369667,0.019204,0.012346
20151207,0.366695,0.015089,0.008642
20151208,0.363351,0.010974,0.006996
20151209,0.395259,0.105624,0.068724
20151210,0.414938,0.190672,0.12963
20151211,0.407901,0.153635,0.107819
20151214,0.415393,0.197531,0.133333
20151215,0.405697,0.139918,0.100412
20151216,0.385464,0.075446,0.042387
20151217,0.357286,0.006859,0.004938
20151218,0.38064,0.05487,0.030453
20151221,0.391337,0.098765,0.059671
20151222,0.380713,0.056241,0.030864
20151223,0.39773,0.120713,0.076955
20151224,0.385112,0.074074,0.041564
20151225,0.371386,0.03155,0.017284
20151228,0.345287,0.004115,0.002058
20151229,0.363608,0.015089,0.00823
20151230,0.36542,0.017833,0.009465
20151231,0.360765,0.012346,0.006584
20160104,0.35175,0.006859,0.004115
20160105,0.351281,0.006859,0.004115
20160106,0.375859,0.050754,0.026337
20160107,0.407251,0.17284,0.11358
20160108,0.373767,0.045267,0.022222
20160111,0.380267,0.067215,0.034156
20160112,0.380861,0.074074,0.036214
20160113,0.392002,0.122085,0.06749
20160114,0.378689,0.061728,0.031276
20160115,0.382125,0.079561,0.039506
20160118,0.381215,0.078189,0.038272
20160119,0.382673,0.083676,0.041564
20160120,0.379784,0.064472,0.033333
20160121,0.37321,0.045267,0.022222
20160122,0.380256,0.071331,0.035391
20160125,0.376108,0.05487,0.027572
20160126,0.366697,0.027435,0.012346
20160127,0.372368,0.043896,0.021399
20160128,0.388873,0.119342,0.061728
20160129,0.390178,0.128944,0.066255
20160201,0.38958,0.128944,0.065432
20160202,0.382743,0.093278,0.044444
20160203,0.39118,0.135802,0.07037
20160204,0.369635,0.032922,0.016461
20160205,0.391817,0.142661,0.073663
20160215,0.401467,0.174211,0.100412
20160216,0.38252,0.093278,0.044033
20160217,0.378999,0.069959,0.034156
20160218,0.369737,0.035665,0.017284
20160219,0.390014,0.137174,0.068724
20160222,0.366844,0.028807,0.013169
20160223,0.369628,0.034294,0.016872
20160224,0.360947,0.017833,0.00823
20160225,0.361242,0.019204,0.009053
20160226,0.370995,0.043896,0.020576
20160229,0.364935,0.024691,0.011111
20160301,0.386739,0.128944,0.060494
20160302,0.381673,0.101509,0.045267
20160303,0.389385,0.144033,0.069959
20160304,0.417441,0.281207,0.164609
20160307,0.393307,0.170096,0.083539
20160308,0.380997,0.097394,0.043621
20160309,0.396064,0.176955,0.090947
20160310,0.392649,0.170096,0.083128
20160311,0.400946,0.196159,0.106173
20160314,0.371968,0.053498,0.02428
20160315,0.40162,0.203018,0.109465
20160316,0.432484,0.381344,0.242387
20160317,0.386376,0.131687,0.060494
20160318,0.372267,0.05487,0.024691
20160321,0.394069,0.178326,0.088477
20160322,0.400897,0.201646,0.107819
20160323,0.409474,0.246914,0.137037
20160324,0.398441,0.193416,0.100412
20160325,0.402535,0.21262,0.116461
20160328,0.368556,0.035665,0.016049
20160329,0.385313,0.127572,0.058025
20160330,0.396647,0.187929,0.09465
20160331,0.382231,0.109739,0.04856
20160401,0.384307,0.119342,0.054321
20160405,0.359769,0.013717,0.006996
20160406,0.35261,0.009602,0.00535
20160407,0.360784,0.019204,0.008642
20160408,0.375893,0.076818,0.034156
20160411,0.357338,0.013717,0.006996
20160412,0.363125,0.026063,0.011111
20160413,0.35611,0.012346,0.006584
20160414,0.347596,0.005487,0.002881
20160415,0.337489,0.001372,0.000412
20160418,0.35239,0.012346,0.005761
20160419,0.364125,0.035665,0.014403
20160420,0.347869,0.00823,0.003704
20160421,0.404082,0.241427,0.126749
20160422,0.39498,0.201646,0.097119
20160425,0.376192,0.090535,0.038272
20160426,0.367741,0.050754,0.020165
20160427,0.371713,0.071331,0.029218
20160428,0.37657,0.096022,0.039918
20160429,0.393454,0.205761,0.095473
20160503,0.362099,0.032922,0.013169
20160504,0.365166,0.042524,0.016461
20160505,0.382435,0.137174,0.05679
20160506,0.362328,0.034294,0.01358
20160509,0.36401,0.039781,0.015638
20160510,0.401993,0.249657,0.125514
20160511,0.399767,0.238683,0.117284
20160512,0.407269,0.282579,0.146502
20160513,0.430947,0.423868,0.248148
20160516,0.421544,0.378601,0.206173
20160517,0.441662,0.471879,0.30535
20160518,0.417136,0.344307,0.182716
20160519,0.463065,0.631001,0.450206
20160520,0.472558,0.687243,0.514403
20160523,0.434089,0.438957,0.265021
20160524,0.437183,0.44856,0.279012
20160525,0.441397,0.469136,0.302058
20160526,0.43352,0.437586,0.263786
20160527,0.451978,0.550069,0.372016
20160530,0.438981,0.459534,0.289712
20160531,0.395949,0.22085,0.103292
20160601,0.417674,0.348422,0.182716
20160602,0.404649,0.264746,0.133333
20160603,0.414766,0.329218,0.169136
20160606,0.405532,0.271605,0.138272
20160607,0.41935,0.37037,0.193827
20160608,0.429441,0.418381,0.239506
20160613,0.409296,0.297668,0.150206
20160614,0.435587,0.451303,0.272428
20160615,0.424718,0.40192,0.220165
20160616,0.444606,0.506173,0.326337
20160617,0.422141,0.396433,0.211523
20160620,0.408756,0.293553,0.14856
20160621,0.414908,0.334705,0.171193
20160622,0.409751,0.303155,0.152675
20160623,0.400734,0.24417,0.11893
20160624,0.393399,0.21262,0.096296
20160627,0.387854,0.175583,0.07572
20160628,0.374356,0.089163,0.035391
20160629,0.385359,0.163237,0.068313
20160630,0.394623,0.22085,0.100823
20160701,0.382612,0.144033,0.059259
20160704,0.367667,0.056241,0.021811
20160705,0.373994,0.090535,0.035802
20160706,0.389003,0.187929,0.082305
20160707,0.389272,0.190672,0.083539
20160708,0.392649,0.22085,0.097531
20160711,0.389312,0.193416,0.084362
20160712,0.373211,0.089163,0.035391
20160713,0.377594,0.109739,0.044856
20160714,0.38019,0.124829,0.051029
20160715,0.374445,0.09465,0.037449
20160718,0.385141,0.168724,0.069547
20160719,0.39717,0.248285,0.113169
20160720,0.389187,0.196159,0.084774
20160721,0.383517,0.15775,0.064609
20160722,0.39891,0.263374,0.119753
20160725,0.40305,0.288066,0.135802
20160726,0.376661,0.109739,0.044033
20160727,0.346855,0.006859,0.003292
20160728,0.379761,0.124829,0.051029
20160729,0.397871,0.264746,0.119342
20160801,0.36752,0.057613,0.022222
20160802,0.412631,0.358025,0.17037
20160803,0.412559,0.356653,0.169959
20160804,0.430479,0.473251,0.253909
20160805,0.437143,0.502058,0.286008
20160808,0.414889,0.377229,0.179424
20160809,0.409619,0.340192,0.160494
20160810,0.422854,0.445816,0.222222
20160811,0.437595,0.510288,0.290123
20160812,0.468829,0.718793,0.493004
20160815,0.446773,0.573388,0.347325
20160816,0.455501,0.632373,0.403292
20160817,0.440397,0.526749,0.307819
20160818,0.443147,0.545953,0.321811
20160819,0.44351,0.550069,0.325103
20160822,0.422729,0.444444,0.221811
20160823,0.431252,0.486968,0.260905
20160824,0.42746,0.462277,0.238272
20160825,0.420217,0.427984,0.20823
20160826,0.413486,0.368999,0.17572
20160829,0.40714,0.323731,0.153909
20160830,0.403543,0.297668,0.139095
20160831,0.434816,0.508916,0.278601
20160901,0.41664,0.40192,0.189712
20160902,0.417621,0.407407,0.195473
20160905,0.426025,0.465021,0.234979
20160906,0.405458,0.310014,0.147325
20160907,0.382816,0.161866,0.064609
20160908,0.401281,0.286694,0.130864
20160909,0.383978,0.167353,0.068313
20160912,0.37281,0.090535,0.035391
20160913,0.430708,0.500686,0.260905
20160914,0.428668,0.485597,0.248148
20160919,0.399514,0.277092,0.125926
20160920,0.429275,0.492455,0.252675
20160921,0.417832,0.419753,0.199588
20160922,0.41638,0.404664,0.190123
20160923,0.421221,0.454047,0.21893
20160926,0.372667,0.090535,0.035391
20160927,0.388555,0.20439,0.086008
20160928,0.418189,0.429355,0.203704
20160929,0.397257,0.266118,0.117695
20160930,0.38958,0.222222,0.092593
20161010,0.348229,0.010974,0.004938
20161011,0.384674,0.176955,0.072016
20161012,0.38515,0.185185,0.074486
20161013,0.382177,0.156379,0.06214
20161014,0.398098,0.282579,0.125103
20161017,0.368061,0.0631,0.023868
20161018,0.392749,0.253772,0.106996
20161019,0.402198,0.312757,0.141975
20161020,0.392555,0.251029,0.105761
20161021,0.398888,0.290809,0.127572
20161024,0.41908,0.45679,0.213992
20161025,0.399857,0.300412,0.133333
20161026,0.393778,0.262003,0.111934
20161027,0.407486,0.359396,0.165021
20161028,0.415499,0.423868,0.195062
20161031,0.404015,0.329218,0.148971
20161101,0.405539,0.344307,0.157613
20161102,0.421359,0.485597,0.228395
20161103,0.451083,0.665295,0.384774
20161104,0.426151,0.510288,0.248148
20161107,0.415087,0.422497,0.193827
20161108,0.413067,0.403292,0.184362
20161109,0.414609,0.41701,0.190947
20161110,0.413788,0.412894,0.189712
20161111,0.434569,0.567901,0.293827
20161114,0.430012,0.540466,0.27037
20161115,0.406184,0.349794,0.159671
20161116,0.38587,0.200274,0.079835
20161117,0.398143,0.290809,0.127572
20161118,0.407806,0.368999,0.167901
20161121,0.412233,0.400549,0.182716
20161122,0.402387,0.322359,0.145267
20161123,0.399906,0.305898,0.134979
20161124,0.414222,0.42524,0.193416
20161125,0.405004,0.344307,0.155556
20161128,0.462922,0.761317,0.47284
20161129,0.465553,0.772291,0.485597
20161130,0.461209,0.750343,0.462551
20161201,0.483914,0.838134,0.606996
20161202,0.451978,0.689986,0.397942
20161205,0.499325,0.875171,0.704938
20161206,0.481569,0.831276,0.597942
20161207,0.451173,0.685871,0.393004
20161208,0.461399,0.754458,0.465432
20161209,0.478171,0.820302,0.572428
20161212,0.409312,0.38546,0.173663
20161213,0.448827,0.668038,0.379012
20161214,0.47663,0.817558,0.563374
20161215,0.468019,0.790123,0.507407
20161216,0.45864,0.731139,0.444444
20161219,0.449444,0.676269,0.383951
20161220,0.448966,0.670782,0.380658
20161221,0.450434,0.685871,0.390123
20161222,0.43714,0.591221,0.309053
20161223,0.438256,0.600823,0.315226
20161226,0.424845,0.525377,0.250617
20161227,0.447735,0.666667,0.376132
20161228,0.448621,0.670782,0.379835
20161229,0.442069,0.628258,0.339506
20161230,0.437914,0.600823,0.314403
20170103,0.412421,0.407407,0.185185
20170104,0.403429,0.331962,0.149383
20170105,0.420288,0.499314,0.22963
20170106,0.4173,0.465021,0.211934
20170109,0.420132,0.499314,0.228807
20170110,0.429666,0.558299,0.273663
20170111,0.423845,0.528121,0.247737
20170112,0.416094,0.454047,0.204527
20170113,0.40032,0.310014,0.136626
20170116,0.389324,0.224966,0.093416
20170117,0.403109,0.334705,0.149794
20170118,0.467546,0.796982,0.512757
20170119,0.459951,0.758573,0.461728
20170120,0.427385,0.550069,0.262963
20170123,0.430603,0.577503,0.282716
20170124,0.448005,0.688615,0.383128
20170125,0.46255,0.77915,0.482716
20170126,0.460639,0.76406,0.466667
20170203,0.464016,0.784636,0.489712
20170206,0.431658,0.585734,0.290535
20170207,0.431708,0.585734,0.290947
20170208,0.439435,0.62963,0.330864
20170209,0.421082,0.506173,0.235391
20170210,0.444221,0.66118,0.360082
20170213,0.436821,0.603567,0.313992
20170214,0.449027,0.69273,0.391358
20170215,0.431396,0.57476,0.288477
20170216,0.446035,0.674897,0.373251
20170217,0.446117,0.674897,0.373663
20170220,0.440038,0.625514,0.334568
20170221,0.404306,0.336077,0.154733
20170222,0.407725,0.37037,0.171193
20170223,0.399217,0.294925,0.131687
20170224,0.396386,0.27572,0.119753
20170227,0.389568,0.230453,0.095473
20170228,0.41494,0.440329,0.202058
20170301,0.419393,0.489712,0.228395
20170302,0.426222,0.537723,0.261317
20170303,0.421773,0.517147,0.244033
20170306,0.382729,0.167353,0.066255
20170307,0.393694,0.266118,0.112757
20170308,0.39928,0.301783,0.13251
20170309,0.408661,0.384088,0.174074
20170310,0.429131,0.558299,0.274486
20170313,0.416143,0.460905,0.207819
20170314,0.411195,0.406036,0.183951
20170315,0.431995,0.589849,0.294239
20170316,0.422462,0.524005,0.247325
20170317,0.414877,0.443073,0.199588
20170320,0.419117,0.496571,0.22716
20170321,0.435889,0.607682,0.310288
20170322,0.4187,0.493827,0.224691
20170323,0.41839,0.48834,0.221811
20170324,0.453655,0.73251,0.42428
20170327,0.439175,0.632373,0.331276
20170328,0.43964,0.636488,0.333333
20170329,0.435818,0.609053,0.310288
20170330,0.417388,0.477366,0.215226
20170331,0.461797,0.775034,0.483128
20170405,0.461775,0.773663,0.482716
20170406,0.473344,0.821674,0.554733
20170407,0.474282,0.825789,0.558436
20170410,0.458259,0.748971,0.453086
20170411,0.485404,0.846365,0.628807
20170412,0.523122,0.909465,0.834568
20170413,0.495403,0.865569,0.688477
20170414,0.48226,0.838134,0.6107
20170417,0.499887,0.875171,0.718519
20170418,0.508545,0.893004,0.774897
20170419,0.467552,0.794239,0.516461
20170420,0.50906,0.893004,0.778189
20170421,0.524678,0.910837,0.842798
20170424,0.467921,0.792867,0.516872
20170425,0.521871,0.906722,0.830041
20170426,0.554088,0.939643,0.923045
20170427,0.500914,0.869684,0.724691
20170428,0.522834,0.90535,0.833333
20170502,0.53404,0.916324,0.87572
20170503,0.537583,0.919067,0.884774
20170504,0.554072,0.938272,0.922634
20170505,0.53039,0.909465,0.863374
20170508,0.53289,0.912209,0.871605
20170509,0.493694,0.844993,0.67572
20170510,0.509016,0.879287,0.774074
20170511,0.465772,0.773663,0.495062
20170512,0.544021,0.921811,0.899588
20170515,0.549227,0.931413,0.9107
20170516,0.514491,0.880658,0.795062
20170517,0.512835,0.876543,0.783951
20170518,0.532502,0.908093,0.869136
20170519,0.535611,0.91358,0.880247
20170522,0.487892,0.825789,0.634156
20170523,0.491255,0.832647,0.658436
20170524,0.499405,0.847737,0.706584
20170525,0.548054,0.927298,0.907819
20170526,0.558874,0.942387,0.930864
20170531,0.529394,0.898491,0.858025
20170601,0.51286,0.869684,0.781893
20170602,0.483019,0.806584,0.602881
20170605,0.505896,0.857339,0.752675
20170606,0.51191,0.866941,0.779012
20170607,0.473375,0.784636,0.541152
20170608,0.495786,0.831276,0.68107
20170609,0.509427,0.865569,0.770782
20170612,0.498044,0.832647,0.696708
20170613,0.476447,0.784636,0.557613
20170614,0.494615,0.823045,0.672428
20170615,0.436697,0.613169,0.298354
20170616,0.481139,0.794239,0.591358
20170619,0.475104,0.780521,0.54856
20170620,0.479265,0.788752,0.577778
20170621,0.50218,0.844993,0.725514
20170622,0.511808,0.865569,0.778189
20170623,0.493556,0.817558,0.666667
20170626,0.52908,0.897119,0.85679
20170627,0.485238,0.796982,0.611523
20170628,0.511253,0.862826,0.776132
20170629,0.505665,0.849108,0.748148
20170630,0.488647,0.802469,0.63251
20170703,0.487351,0.799726,0.624691
20170704,0.501012,0.835391,0.714815
20170705,0.483806,0.78738,0.600412
20170706,0.476461,0.765432,0.555144
20170707,0.46849,0.746228,0.50535
20170710,0.468615,0.746228,0.506584
20170711,0.49869,0.825789,0.699177
20170712,0.499206,0.82716,0.7
20170713,0.535917,0.910837,0.880658
20170714,0.516114,0.8738,0.800412
20170717,0.485119,0.783265,0.6107
20170718,0.526962,0.893004,0.846091
20170719,0.572528,0.950617,0.948148
20170720,0.543421,0.914952,0.897942
20170721,0.545501,0.919067,0.902469
20170724,0.539213,0.908093,0.887654
20170725,0.543451,0.91358,0.897531
20170726,0.566698,0.943759,0.941564
20170727,0.504927,0.831276,0.739506
20170728,0.52958,0.888889,0.855967
20170731,0.550537,0.928669,0.913169
20170801,0.540418,0.903978,0.889712
20170802,0.560571,0.939643,0.93251
20170803,0.5572,0.935528,0.927572
20170804,0.556351,0.934156,0.926337
20170807,0.561297,0.939643,0.933745
20170808,0.559915,0.9369,0.930453
20170809,0.556137,0.930041,0.925103
20170810,0.535501,0.888889,0.873663
20170811,0.548351,0.91358,0.904527
20170814,0.544755,0.90535,0.897119
20170815,0.536895,0.888889,0.876132
20170816,0.503114,0.807956,0.721399
20170817,0.502751,0.806584,0.720165
20170818,0.512171,0.835391,0.772428
20170821,0.508983,0.825789,0.760494
20170822,0.525876,0.864198,0.835802
20170823,0.524799,0.861454,0.82963
20170824,0.497195,0.777778,0.676955
20170825,0.532751,0.877915,0.862551
20170828,0.533804,0.879287,0.865432
20170829,0.501842,0.794239,0.711934
20170830,0.528252,0.865569,0.846091
20170831,0.519723,0.843621,0.805761
20170901,0.527955,0.864198,0.843621
20170904,0.496597,0.768176,0.672428
20170905,0.493795,0.759945,0.657202
20170906,0.50299,0.794239,0.717284
20170907,0.484799,0.73251,0.597942
20170908,0.490791,0.746228,0.63786
20170911,0.503013,0.794239,0.717695
20170912,0.521766,0.847737,0.81358
20170913,0.516873,0.835391,0.792181
20170914,0.499148,0.772291,0.687654
20170915,0.521145,0.846365,0.812346
20170918,0.510851,0.816187,0.762963
20170919,0.496612,0.758573,0.669959
20170920,0.497132,0.758573,0.671605
20170921,0.488448,0.731139,0.618519
20170922,0.47711,0.696845,0.549794
20170925,0.479375,0.702332,0.565844
20170926,0.48542,0.722908,0.600412
20170927,0.524451,0.853224,0.826749
20170928,0.502807,0.784636,0.716049
20170929,0.517227,0.832647,0.795885
20171009,0.517208,0.831276,0.795885
20171010,0.490492,0.728395,0.635391
20171011,0.474103,0.679012,0.528807
20171012,0.465668,0.648834,0.475309
20171013,0.468378,0.66118,0.495473
20171016,0.459958,0.621399,0.440741
20171017,0.485692,0.717421,0.604115
20171018,0.492395,0.736626,0.647737
20171019,0.482245,0.698217,0.584362
20171020,0.505861,0.796982,0.742798
20171023,0.495377,0.742112,0.664609
20171024,0.498112,0.757202,0.688477
20171025,0.48977,0.721536,0.632099
20171026,0.525841,0.857339,0.841152
20171027,0.505678,0.794239,0.742798
20171030,0.501071,0.769547,0.710288
20171031,0.534781,0.88203,0.875309
20171101,0.536119,0.887517,0.883539
20171102,0.510702,0.806584,0.769959
20171103,0.524101,0.847737,0.831687
20171106,0.541586,0.894376,0.897942
20171107,0.557611,0.932785,0.934156
20171108,0.544489,0.901235,0.904938
20171109,0.538067,0.886145,0.887654
20171110,0.545252,0.903978,0.907819
20171113,0.540071,0.886145,0.894239
20171114,0.537187,0.880658,0.885597
20171115,0.557005,0.930041,0.934568
20171116,0.565128,0.942387,0.947737
20171117,0.540436,0.884774,0.895473
20171120,0.575719,0.954733,0.957202
20171121,0.619549,0.972565,0.981893
20171122,0.623264,0.973937,0.982305
20171123,0.614292,0.96845,0.979424
20171124,0.62028,0.971193,0.981481
20171127,0.619022,0.96845,0.979835
20171128,0.592164,0.950617,0.967078
20171129,0.5948,0.953361,0.969136
20171130,0.595327,0.953361,0.969547
20171201,0.600274,0.957476,0.97284
20171204,0.561151,0.927298,0.940329
20171205,0.585896,0.949246,0.962551
20171206,0.584256,0.947874,0.961728
20171207,0.590213,0.949246,0.964609
20171208,0.571535,0.934156,0.951029
20171211,0.584854,0.947874,0.961317
20171212,0.585586,0.949246,0.961728
20171213,0.590438,0.953361,0.965021
20171214,0.576871,0.94513,0.955144
20171215,0.576877,0.946502,0.955144
20171218,0.57378,0.939643,0.951029
20171219,0.572929,0.939643,0.950206
20171220,0.573585,0.941015,0.950617
20171221,0.576036,0.947874,0.953086
20171222,0.567288,0.932785,0.944033
20171225,0.560509,0.923182,0.93251
20171226,0.550063,0.903978,0.911523
20171227,0.56714,0.935528,0.943621
20171228,0.570825,0.939643,0.946502
20171229,0.556635,0.916324,0.925514
20180102,0.586658,0.96845,0.961728
20180103,0.571699,0.943759,0.947325
20180104,0.575152,0.953361,0.950617
20180105,0.578162,0.964335,0.955556
20180108,0.593005,0.978052,0.96749
20180109,0.576133,0.961591,0.952263
20180110,0.580784,0.96845,0.956379
20180111,0.579503,0.967078,0.955967
20180112,0.570889,0.941015,0.943621
20180115,0.586606,0.975309,0.960905
20180116,0.613243,0.990398,0.978601
20180117,0.620137,0.994513,0.981481
20180118,0.62696,0.997257,0.984362
20180119,0.634141,0.997257,0.986008
20180122,0.602829,0.983539,0.972016
20180123,0.63769,0.997257,0.988477
20180124,0.616851,0.986283,0.978189
20180125,0.578143,0.954733,0.950617
20180126,0.60776,0.982167,0.973663
20180129,0.6155,0.984911,0.976955
20180130,0.61633,0.984911,0.977366
20180131,0.561671,0.917695,0.92716
20180201,0.571,0.930041,0.939095
20180202,0.597329,0.973937,0.965432
20180205,0.673636,0.997257,0.997942
20180206,0.640082,0.995885,0.988889
20180207,0.658219,0.995885,0.99465
20180208,0.663867,0.995885,0.996708
20180209,0.645086,0.993141,0.99177
20180212,0.613922,0.973937,0.973663
20180213,0.620975,0.984911,0.978601
20180214,0.622568,0.984911,0.978601
20180222,0.627022,0.987654,0.981481
20180223,0.609408,0.967078,0.969959
20180226,0.589289,0.950617,0.953909
20180227,0.582526,0.941015,0.948971
20180228,0.57634,0.931413,0.941564
20180301,0.565552,0.903978,0.926749
20180302,0.554055,0.879287,0.903704
20180305,0.567014,0.90535,0.927984
20180306,0.56399,0.899863,0.923457
20180307,0.555669,0.879287,0.906996
20180308,0.53699,0.84225,0.860494
20180309,0.514807,0.781893,0.768313
20180312,0.524042,0.802469,0.807407
20180313,0.503752,0.746228,0.709877
20180314,0.528997,0.817558,0.832922
20180315,0.514453,0.777778,0.765432
20180316,0.535355,0.832647,0.855967
20180319,0.5308,0.821674,0.839095
20180320,0.501005,0.725652,0.693004
20180321,0.502593,0.73251,0.702469
20180322,0.511571,0.765432,0.753498
20180323,0.503445,0.740741,0.708642
20180326,0.536965,0.840878,0.862963
20180327,0.515573,0.777778,0.772428
20180328,0.524735,0.801097,0.815638
20180329,0.537433,0.843621,0.865844
20180330,0.492674,0.684499,0.638272
20180402,0.492843,0.685871,0.639095
20180403,0.490445,0.674897,0.624691
20180404,0.488719,0.670782,0.612346
20180409,0.488469,0.668038,0.610288
20180410,0.494329,0.691358,0.651029
20180411,0.486331,0.662551,0.598765
20180412,0.471554,0.621399,0.511111
20180413,0.483799,0.652949,0.580658
20180416,0.522919,0.79561,0.808642
20180417,0.528494,0.814815,0.839506
20180418,0.548978,0.871056,0.897942
20180419,0.555201,0.879287,0.912346
20180420,0.53302,0.824417,0.855144
20180423,0.546958,0.866941,0.895885
20180424,0.549953,0.872428,0.901646
20180425,0.515506,0.775034,0.77572
20180426,0.536526,0.836763,0.868313
20180427,0.558706,0.890261,0.920988
20180502,0.51826,0.783265,0.788889
20180503,0.514304,0.769547,0.769959
20180504,0.506445,0.748971,0.734979
20180507,0.497203,0.706447,0.66749
20180508,0.503866,0.737997,0.717284
20180509,0.472063,0.620027,0.51358
20180510,0.472162,0.620027,0.51358
20180511,0.492318,0.681756,0.637037
20180514,0.526786,0.805213,0.830453
20180515,0.507516,0.747599,0.739095
20180516,0.498971,0.707819,0.68107
20180517,0.498981,0.707819,0.68107
20180518,0.497784,0.699588,0.671193
20180521,0.487679,0.657064,0.60535
20180522,0.480876,0.631001,0.569547
20180523,0.492184,0.673525,0.637037
20180524,0.491752,0.672154,0.635802
20180525,0.475533,0.615912,0.533333
20180528,0.485016,0.641975,0.590535
20180529,0.50505,0.739369,0.72716
20180530,0.483102,0.633745,0.579424
20180531,0.535882,0.832647,0.869136
20180601,0.510747,0.754458,0.758436
20180604,0.552579,0.8738,0.908642
20180605,0.539837,0.846365,0.880658
20180606,0.52602,0.799726,0.832099
20180607,0.529252,0.809328,0.846502
20180608,0.513893,0.759945,0.771605
20180611,0.545421,0.860082,0.895062
20180612,0.548636,0.865569,0.900412
20180613,0.546083,0.860082,0.895062
20180614,0.548876,0.865569,0.900823
20180615,0.510357,0.739369,0.756379
20180619,0.546241,0.858711,0.897119
20180620,0.525985,0.790123,0.831687
20180621,0.536917,0.828532,0.872428
20180622,0.546163,0.857339,0.896708
20180625,0.575117,0.921811,0.945267
20180626,0.567403,0.908093,0.937037
20180627,0.573496,0.917695,0.944444
20180628,0.563408,0.895748,0.931276
20180629,0.523151,0.768176,0.815226
20180702,0.540152,0.834019,0.882716
20180703,0.564498,0.898491,0.933745
20180704,0.54309,0.839506,0.888889
20180705,0.543552,0.843621,0.890535
20180706,0.542313,0.839506,0.887243
20180709,0.549001,0.866941,0.903292
20180710,0.537617,0.82716,0.873251
20180711,0.522377,0.761317,0.810288
20180712,0.542312,0.838134,0.88642
20180713,0.549071,0.866941,0.903292
20180716,0.550728,0.872428,0.90823
20180717,0.543718,0.84225,0.890123
20180718,0.528392,0.780521,0.840741
20180719,0.534941,0.801097,0.860082
20180720,0.570784,0.91358,0.939918
20180723,0.561522,0.897119,0.928807
20180724,0.551217,0.869684,0.90823
20180725,0.520899,0.743484,0.801235
20180726,0.50332,0.685871,0.711934
20180727,0.494426,0.639232,0.653086
20180730,0.502008,0.674897,0.70535
20180731,0.533959,0.792867,0.855967
20180801,0.532455,0.784636,0.851029
20180802,0.519939,0.739369,0.797119
20180803,0.561019,0.893004,0.926337
20180806,0.551331,0.868313,0.909053
20180807,0.550969,0.865569,0.906996
20180808,0.537122,0.807956,0.868313
20180809,0.527807,0.762689,0.833333
20180810,0.525218,0.753086,0.821399
20180813,0.541778,0.824417,0.884362
20180814,0.539644,0.814815,0.87572
20180815,0.535842,0.792867,0.864198
20180816,0.554639,0.8738,0.917284
20180817,0.55135,0.866941,0.911111
20180820,0.560789,0.891632,0.927572
20180821,0.57616,0.934156,0.950206
20180822,0.548062,0.843621,0.899588
20180823,0.569707,0.910837,0.939918
20180824,0.562921,0.895748,0.931687
20180827,0.565975,0.902606,0.936214
20180828,0.5549,0.866941,0.918107
20180829,0.547151,0.835391,0.899177
20180830,0.546256,0.832647,0.897531
20180831,0.573164,0.921811,0.945267
20180903,0.546115,0.82716,0.894239
20180904,0.550953,0.851852,0.90823
20180905,0.548696,0.838134,0.900823
20180906,0.568876,0.908093,0.940329
20180907,0.570673,0.909465,0.941152
20180910,0.557447,0.872428,0.923045
20180911,0.558303,0.8738,0.924691
20180912,0.56858,0.90535,0.941152
20180913,0.577957,0.938272,0.954321
20180914,0.560815,0.879287,0.927984
20180917,0.526424,0.72428,0.826337
20180918,0.553342,0.849108,0.914403
20180919,0.548391,0.824417,0.9
20180920,0.540117,0.784636,0.876543
20180921,0.566829,0.897119,0.939506
20180925,0.558307,0.868313,0.926337
20180926,0.57986,0.942387,0.959259
20180927,0.539495,0.775034,0.873663
20180928,0.568949,0.903978,0.944856
20181008,0.575244,0.925926,0.953498
20181009,0.569915,0.903978,0.945679
20181010,0.573514,0.919067,0.951852
20181011,0.517411,0.676269,0.786008
20181012,0.524112,0.695473,0.813992
20181015,0.54731,0.809328,0.900412
20181016,0.539919,0.770919,0.876955
20181017,0.560279,0.865569,0.930864
20181018,0.548646,0.814815,0.903704
20181019,0.579181,0.939643,0.963374
20181022,0.565927,0.884774,0.941564
20181023,0.583462,0.94513,0.966255
20181024,0.600829,0.965706,0.97572
20181025,0.574236,0.917695,0.955967
20181026,0.572087,0.906722,0.952263
20181029,0.596746,0.961591,0.974486
20181030,0.592832,0.956104,0.972428
20181031,0.546153,0.78738,0.897119
20181101,0.544033,0.776406,0.891358
20181102,0.551106,0.820302,0.913169
20181105,0.502145,0.589849,0.706173
20181106,0.50771,0.615912,0.740329
20181107,0.512427,0.635117,0.762551
20181108,0.503727,0.599451,0.716872
20181109,0.5285,0.698217,0.840741
20181112,0.479534,0.491084,0.558848
20181113,0.455573,0.433471,0.40823
20181114,0.454927,0.430727,0.40535
20181115,0.444975,0.407407,0.344444
20181116,0.466033,0.455418,0.474486
20181119,0.477851,0.485597,0.548971
20181120,0.473156,0.470508,0.51893
20181121,0.488305,0.51989,0.613992
20181122,0.472389,0.466392,0.514815
20181123,0.449976,0.414266,0.376132
20181126,0.48385,0.502058,0.585597
20181127,0.494501,0.547325,0.658025
20181128,0.482088,0.491084,0.577778
20181129,0.481597,0.489712,0.57572
20181130,0.489009,0.524005,0.620988
20181203,0.504933,0.602195,0.730041
20181204,0.474928,0.466392,0.530864
20181205,0.484103,0.499314,0.588477
20181206,0.508051,0.613169,0.747325
20181207,0.493555,0.536351,0.652675
20181210,0.494322,0.540466,0.657613
20181211,0.483393,0.48834,0.583951
20181212,0.490375,0.51989,0.631687
20181213,0.505055,0.602195,0.731276
20181214,0.479996,0.471879,0.564609
20181217,0.487833,0.506173,0.612346
20181218,0.488078,0.507545,0.613992
20181219,0.515998,0.646091,0.784774
20181220,0.535378,0.722908,0.865844
20181221,0.543186,0.766804,0.891358
20181224,0.508419,0.609053,0.748971
20181225,0.488635,0.506173,0.617695
20181226,0.512903,0.632373,0.767901
20181227,0.511211,0.620027,0.760494
20181228,0.529616,0.702332,0.846091
20190102,0.549099,0.809328,0.9107
20190103,0.533371,0.710562,0.857613
20190104,0.527126,0.683128,0.833745
20190107,0.502312,0.567901,0.709053
20190108,0.512702,0.622771,0.765844
20190109,0.509102,0.604938,0.752675
20190110,0.528464,0.688615,0.841152
20190111,0.509303,0.603567,0.752675
20190114,0.51411,0.626886,0.774074
20190115,0.530653,0.70096,0.848148
20190116,0.511075,0.607682,0.758848
20190117,0.512981,0.622771,0.768313
20190118,0.546423,0.788752,0.902881
20190121,0.536323,0.727023,0.87037
20190122,0.513965,0.621399,0.772016
20190123,0.509151,0.592593,0.750617
20190124,0.521437,0.646091,0.806996
20190125,0.524345,0.659808,0.81893
20190128,0.525134,0.665295,0.823457
20190129,0.492355,0.492455,0.638272
20190130,0.52775,0.677641,0.835802
20190131,0.519235,0.635117,0.79465
20190201,0.538169,0.742112,0.875309
20190211,0.539625,0.744856,0.878601
20190212,0.516048,0.622771,0.78107
20190213,0.519031,0.631001,0.793004
20190214,0.519924,0.633745,0.797119
20190215,0.527383,0.673525,0.832922
20190218,0.495503,0.500686,0.655144
20190219,0.488986,0.465021,0.612346
20190220,0.49866,0.513032,0.675309
20190221,0.494661,0.495199,0.650206
20190222,0.522828,0.641975,0.808642
20190225,0.49962,0.521262,0.68107
20190226,0.509657,0.578875,0.746914
20190227,0.515879,0.61454,0.777778
20190228,0.497662,0.502058,0.665432
20190301,0.531294,0.696845,0.849383
20190304,0.505548,0.55144,0.722222
20190305,0.470493,0.373114,0.495062
20190306,0.473159,0.381344,0.509465
20190307,0.470977,0.371742,0.498354
20190308,0.487905,0.441701,0.602058
20190311,0.487856,0.438957,0.600823
20190312,0.454378,0.327846,0.4
20190313,0.472523,0.374486,0.506996
20190314,0.470438,0.364883,0.49465
20190315,0.484967,0.423868,0.584362
20190318,0.495308,0.485597,0.651852
20190319,0.470439,0.36214,0.49465
20190320,0.46878,0.358025,0.484774
20190321,0.474427,0.381344,0.519342
20190322,0.45943,0.325103,0.430453
20190325,0.469469,0.358025,0.49177
20190326,0.456816,0.319616,0.413169
20190327,0.478342,0.39369,0.544033
20190328,0.484414,0.419753,0.58107
20190329,0.509905,0.576132,0.747325
20190401,0.478356,0.390947,0.544033
20190402,0.475053,0.377229,0.524691
20190403,0.479511,0.39369,0.552675
20190404,0.475519,0.377229,0.52716
20190408,0.470946,0.352538,0.498765
20190409,0.476785,0.382716,0.535391
20190410,0.493074,0.469136,0.641564
20190411,0.470052,0.344307,0.493416
20190412,0.475511,0.373114,0.526337
20190415,0.484304,0.415638,0.579012
20190416,0.498691,0.504801,0.676955
20190417,0.485868,0.426612,0.590947
20190418,0.491236,0.455418,0.628395
20190419,0.499669,0.514403,0.682716
20190422,0.510886,0.581619,0.752263
20190423,0.499777,0.513032,0.682305
20190424,0.51319,0.599451,0.763786
20190425,0.48772,0.423868,0.598354
20190426,0.508638,0.561043,0.740741
20190429,0.497307,0.48834,0.662551
20190430,0.516547,0.617284,0.78107
20190506,0.51663,0.617284,0.78107
20190507,0.531089,0.695473,0.848148
20190508,0.51752,0.621399,0.785597
20190509,0.536674,0.725652,0.869959
20190510,0.519627,0.624143,0.793004
20190513,0.519502,0.622771,0.792181
20190514,0.537346,0.733882,0.87284
20190515,0.533768,0.702332,0.85679
20190516,0.513708,0.587106,0.761728
20190517,0.502631,0.51166,0.697119
20190520,0.529957,0.685871,0.843621
20190521,0.537615,0.736626,0.873663
20190522,0.553242,0.825789,0.921399
20190523,0.553011,0.824417,0.920988
20190524,0.552564,0.821674,0.919342
20190527,0.53764,0.733882,0.87284
20190528,0.54938,0.806584,0.909877
20190529,0.561331,0.864198,0.938683
20190530,0.541075,0.748971,0.883539
20190531,0.540432,0.746228,0.88107
20190603,0.533845,0.691358,0.853909
20190604,0.540721,0.747599,0.881893
20190605,0.551803,0.81893,0.917695
20190606,0.524598,0.62963,0.8107
20190610,0.559719,0.85048,0.933745
20190611,0.542233,0.748971,0.885597
20190612,0.561191,0.861454,0.93786
20190613,0.542865,0.750343,0.88642
20190614,0.523835,0.615912,0.804115
20190617,0.536701,0.703704,0.863786
20190618,0.541171,0.742112,0.881481
20190619,0.540664,0.737997,0.878601
20190620,0.55464,0.828532,0.92428
20190621,0.510186,0.528121,0.737037
20190624,0.529002,0.650206,0.832099
20190625,0.552568,0.816187,0.917695
20190626,0.527876,0.63786,0.825514
20190627,0.534786,0.680384,0.851852
20190628,0.510063,0.521262,0.734568
20190701,0.530716,0.658436,0.83786
20190702,0.520531,0.587106,0.788066
20190703,0.533912,0.674897,0.849794
20190704,0.523887,0.602195,0.801235
20190705,0.523301,0.599451,0.798354
20190708,0.505557,0.485597,0.707819
20190709,0.547769,0.77915,0.900412
20190710,0.532153,0.659808,0.841564
20190711,0.538891,0.716049,0.869959
20190712,0.538071,0.713306,0.867901
20190715,0.527973,0.62963,0.823868
20190716,0.525976,0.613169,0.813169
20190717,0.546681,0.773663,0.898354
20190718,0.536395,0.688615,0.860082
20190719,0.551428,0.812071,0.914815
20190722,0.557348,0.839506,0.929218
20190723,0.565178,0.8738,0.944444
20190724,0.554985,0.82716,0.923868
20190725,0.582864,0.939643,0.969136
20190726,0.562357,0.864198,0.939506
20190729,0.564487,0.868313,0.942798
20190730,0.552796,0.809328,0.915638
20190731,0.556806,0.829904,0.926337
20190801,0.567578,0.884774,0.948148
20190802,0.577016,0.927298,0.964609
20190805,0.589289,0.949246,0.972016
20190806,0.560947,0.847737,0.933333
20190807,0.584427,0.941015,0.969547
20190808,0.601217,0.965706,0.979012
20190809,0.583481,0.9369,0.968313
20190812,0.599408,0.961591,0.977778
20190813,0.598833,0.960219,0.976543
20190814,0.594986,0.954733,0.974486
20190815,0.565781,0.861454,0.940741
20190816,0.585378,0.9369,0.968313
20190819,0.556293,0.809328,0.919753
20190820,0.526921,0.585734,0.807819
20190821,0.540806,0.703704,0.869959
20190822,0.536892,0.66118,0.852263
20190823,0.545285,0.729767,0.883951
20190826,0.543803,0.721536,0.879424
20190827,0.53562,0.644719,0.845679
20190828,0.522691,0.541838,0.781893
20190829,0.536995,0.663923,0.853086
20190830,0.545182,0.727023,0.883128
20190902,0.527849,0.58299,0.811523
20190903,0.543006,0.710562,0.876132
20190904,0.534858,0.632373,0.839506
20190905,0.522113,0.532236,0.778601
20190906,0.543417,0.713306,0.876955
20190909,0.520263,0.521262,0.770782
20190910,0.51951,0.514403,0.765844
20190911,0.527611,0.57476,0.808642
20190912,0.515268,0.48834,0.744856
20190916,0.502137,0.390947,0.672428
20190917,0.496139,0.349794,0.63251
20190918,0.523905,0.54321,0.786008
20190919,0.519303,0.508916,0.763374
20190920,0.521833,0.525377,0.776132
20190923,0.520173,0.515775,0.768724
20190924,0.540897,0.696845,0.868313
20190925,0.526978,0.569273,0.803704
20190926,0.525807,0.555556,0.798354
20190927,0.535328,0.631001,0.841152
20190930,0.541194,0.699588,0.87037
20191008,0.555469,0.805213,0.917695
20191009,0.552101,0.783265,0.907819
20191010,0.551911,0.781893,0.906996
20191011,0.545041,0.721536,0.881481
20191014,0.527868,0.569273,0.807407
20191015,0.516499,0.477366,0.746502
20191016,0.533667,0.609053,0.831276
20191017,0.524225,0.532236,0.784774
20191018,0.515535,0.466392,0.739506
20191021,0.51593,0.469136,0.742387
20191022,0.530636,0.591221,0.819342
20191023,0.536838,0.643347,0.847325
20191024,0.541928,0.696845,0.871193
20191025,0.561552,0.844993,0.933745
20191028,0.534342,0.613169,0.83251
20191029,0.56256,0.847737,0.934979
20191030,0.554931,0.798354,0.915226
20191031,0.563077,0.849108,0.935391
20191101,0.572313,0.890261,0.95144
20191104,0.572358,0.890261,0.95144
20191105,0.571391,0.883402,0.948971
20191106,0.558719,0.816187,0.923457
20191107,0.553681,0.781893,0.908642
20191108,0.563335,0.844993,0.934568
20191111,0.524316,0.513032,0.779012
20191112,0.550981,0.758573,0.897942
20191113,0.574304,0.901235,0.955144
20191114,0.57733,0.916324,0.961317
20191115,0.567647,0.865569,0.942387
20191118,0.57191,0.883402,0.948971
20191119,0.555457,0.78738,0.912346
20191120,0.559988,0.813443,0.922634
20191121,0.563843,0.840878,0.934156
20191122,0.571964,0.883402,0.948971
20191125,0.558988,0.806584,0.920576
20191126,0.583717,0.931413,0.966667
20191127,0.575179,0.901235,0.955144
20191128,0.563329,0.832647,0.930864
20191129,0.593811,0.951989,0.97284
20191202,0.574862,0.895748,0.953498
20191203,0.571026,0.871056,0.945267
20191204,0.578738,0.917695,0.961728
20191205,0.579498,0.919067,0.962551
20191206,0.56778,0.853224,0.938683
20191209,0.570068,0.860082,0.941975
20191210,0.565242,0.834019,0.93251
20191211,0.566399,0.839506,0.934156
20191212,0.553088,0.747599,0.897942
20191213,0.57528,0.898491,0.954733
20191216,0.553099,0.746228,0.897531
20191217,0.54547,0.679012,0.868724
20191218,0.53832,0.615912,0.839918
20191219,0.525524,0.486968,0.776955
20191220,0.518871,0.426612,0.73786
20191223,0.520898,0.443073,0.749794
20191224,0.527663,0.506173,0.788477
20191225,0.543616,0.662551,0.86214
20191226,0.531058,0.539095,0.803704
20191227,0.536836,0.588477,0.830864
20191230,0.544015,0.665295,0.862963
20191231,0.523444,0.45679,0.759671
20200102,0.534536,0.559671,0.816461
20200103,0.518767,0.414266,0.734156
20200106,0.505533,0.318244,0.664198
20200107,0.490713,0.213992,0.57284
20200108,0.487802,0.1893,0.548971
20200109,0.505505,0.316872,0.663786
20200110,0.505727,0.323731,0.667078
20200113,0.527644,0.497942,0.786008
20200114,0.50834,0.33059,0.679835
20200115,0.512204,0.366255,0.700412
20200116,0.532892,0.544582,0.810288
20200117,0.534963,0.565158,0.819342
20200120,0.537384,0.600823,0.834979
20200121,0.525269,0.471879,0.771193
20200122,0.549694,0.716049,0.883539
20200123,0.547577,0.694102,0.875309
20200203,0.715874,1.0,1.0
20200204,0.532857,0.534979,0.807407
20200205,0.546017,0.676269,0.867901
20200206,0.545441,0.672154,0.866667
20200207,0.551527,0.731139,0.890535
20200210,0.543099,0.644719,0.856379
20200211,0.543172,0.644719,0.856379
20200212,0.555151,0.759945,0.903704
20200213,0.563798,0.820302,0.927984
20200214,0.575476,0.897119,0.954321
20200217,0.528178,0.48834,0.783951
20200218,0.520141,0.403292,0.735391
20200219,0.534307,0.539095,0.810288
20200220,0.536408,0.565158,0.823868
20200221,0.538725,0.59808,0.834979
20200224,0.52969,0.500686,0.790947
20200225,0.534896,0.54321,0.812757
20200226,0.53461,0.537723,0.809877
20200227,0.539648,0.604938,0.838683
20200228,0.528006,0.477366,0.780658
20200302,0.544197,0.655693,0.860494
20200303,0.523042,0.412894,0.745267
20200304,0.52844,0.48011,0.783128
20200305,0.513729,0.337449,0.696708
20200306,0.495494,0.198903,0.586831
20200309,0.504082,0.263374,0.642387
20200310,0.520098,0.386831,0.730453
20200311,0.510386,0.30727,0.679424
20200312,0.524071,0.422497,0.750617
20200313,0.534915,0.540466,0.811934
20200316,0.535803,0.55144,0.818519
20200317,0.541272,0.624143,0.848148
20200318,0.553677,0.743484,0.897119
20200319,0.570601,0.855967,0.940741
20200320,0.555977,0.761317,0.904938
20200323,0.535065,0.536351,0.8107
20200324,0.545295,0.659808,0.862963
20200325,0.532789,0.502058,0.797531
20200326,0.525512,0.427984,0.759259
20200327,0.533221,0.507545,0.8
20200330,0.532929,0.504801,0.798354
20200331,0.540269,0.603567,0.839506
20200401,0.560135,0.78738,0.914815
20200402,0.563815,0.817558,0.92716
20200403,0.556373,0.762689,0.905761
20200407,0.538098,0.578875,0.828395
20200408,0.534268,0.51166,0.802058
20200409,0.517049,0.33882,0.706584
20200410,0.513322,0.30727,0.686008
20200413,0.521755,0.373114,0.730453
20200414,0.555953,0.75583,0.902881
20200415,0.542617,0.621399,0.848971
20200416,0.537064,0.559671,0.822222
20200417,0.560732,0.790123,0.916049
20200420,0.546284,0.668038,0.866667
20200421,0.542074,0.613169,0.846502
20200422,0.524002,0.389575,0.739506
20200423,0.523422,0.382716,0.736626
20200424,0.509708,0.266118,0.662551
20200427,0.520687,0.36214,0.722634
20200428,0.517063,0.333333,0.702881
20200429,0.533207,0.495199,0.79465
20200430,0.54659,0.672154,0.86749
20200506,0.558365,0.773663,0.9107
20200507,0.542855,0.618656,0.847737
20200508,0.543662,0.633745,0.852675
20200511,0.546114,0.659808,0.86214
20200512,0.539776,0.581619,0.831276
20200513,0.539629,0.578875,0.829218
20200514,0.542265,0.613169,0.844856
20200515,0.562801,0.807956,0.923045
20200518,0.571835,0.868313,0.944444
20200519,0.562593,0.805213,0.922222
20200520,0.551021,0.705075,0.88107
20200521,0.537516,0.552812,0.818519
20200522,0.529128,0.451303,0.771193
20200525,0.53739,0.55144,0.817695
20200526,0.524439,0.392318,0.73786
20200527,0.523867,0.378601,0.731276
20200528,0.52741,0.423868,0.75679
20200529,0.528085,0.438957,0.763786
20200601,0.515924,0.305898,0.68642
20200602,0.534915,0.507545,0.798765
20200603,0.540036,0.581619,0.830041
20200604,0.518824,0.325103,0.700412
20200605,0.525372,0.397805,0.744444
20200608,0.540829,0.595336,0.835391
20200609,0.534794,0.499314,0.795885
20200610,0.540578,0.589849,0.833333
20200611,0.54083,0.595336,0.835391
20200612,0.546842,0.670782,0.866255
20200615,0.539936,0.57476,0.827984
20200616,0.536082,0.515775,0.805761
20200617,0.522136,0.347051,0.717284
20200618,0.549329,0.69273,0.874897
20200619,0.56017,0.780521,0.912757
20200622,0.563995,0.81893,0.927572
20200623,0.558603,0.768176,0.908642
20200624,0.555162,0.739369,0.897119
20200629,0.55697,0.75583,0.903704
20200630,0.553808,0.727023,0.890947
20200701,0.560766,0.784636,0.914403
20200702,0.558426,0.765432,0.907819
20200703,0.561285,0.792867,0.917284
20200706,0.531583,0.444444,0.772428
20200707,0.533156,0.455418,0.780658
20200708,0.535382,0.492455,0.796296
20200709,0.513314,0.252401,0.66214
20200710,0.521577,0.323731,0.708642
20200713,0.519957,0.310014,0.699177
20200714,0.509447,0.222222,0.640329
20200715,0.52064,0.316872,0.703292
20200716,0.551279,0.696845,0.878601
20200717,0.555469,0.737997,0.896708
20200720,0.544959,0.625514,0.849794
20200721,0.531128,0.440329,0.768724
20200722,0.532804,0.449931,0.77572
20200723,0.533264,0.460905,0.779835
20200724,0.535749,0.500686,0.797119
20200727,0.543648,0.615912,0.844444
20200728,0.550265,0.685871,0.873663
20200729,0.548998,0.674897,0.86749
20200730,0.540877,0.580247,0.828395
20200731,0.542367,0.599451,0.837037
20200803,0.513674,0.252401,0.657613
20200804,0.522671,0.334705,0.709053
20200805,0.516594,0.279835,0.673663
20200806,0.53834,0.55144,0.812757
20200807,0.547645,0.66941,0.86214
20200810,0.545174,0.635117,0.849383
20200811,0.512531,0.24417,0.647737
20200812,0.524834,0.373114,0.724691
20200813,0.519465,0.303155,0.686831
20200814,0.52329,0.345679,0.711111
20200817,0.54014,0.572016,0.821399
20200818,0.510558,0.227709,0.636626
20200819,0.511784,0.237311,0.642387
20200820,0.51058,0.227709,0.636214
20200821,0.511866,0.240055,0.64321
20200824,0.515995,0.274348,0.666667
20200825,0.496429,0.139918,0.544444
20200826,0.494169,0.1262,0.531687
20200827,0.491712,0.112483,0.516872
20200828,0.514996,0.26749,0.660494
20200831,0.517438,0.296296,0.676955
20200901,0.508054,0.208505,0.616872
20200902,0.494304,0.128944,0.530864
20200903,0.49521,0.135802,0.534568
20200904,0.497253,0.14952,0.548148
20200907,0.497923,0.153635,0.553498
20200908,0.49746,0.14952,0.548148
20200909,0.474505,0.039781,0.40823
20200910,0.457589,0.009602,0.322634
20200911,0.499678,0.168724,0.566255
20200914,0.507883,0.208505,0.615226
20200915,0.518233,0.301783,0.679012
20200916,0.521544,0.334705,0.700412
20200917,0.531821,0.449931,0.765844
20200918,0.539275,0.554184,0.814403
20200921,0.527891,0.412894,0.744856
20200922,0.525656,0.384088,0.730453
20200923,0.543071,0.611797,0.838272
20200924,0.517486,0.290809,0.674074
20200925,0.5345,0.475995,0.780247
20200928,0.533769,0.466392,0.776543
20200929,0.534868,0.484225,0.783951
20200930,0.540462,0.576132,0.823457
20201009,0.545331,0.641975,0.851029
20201012,0.533772,0.462277,0.775309
20201013,0.539017,0.548697,0.812757
20201014,0.533878,0.462277,0.776543
20201015,0.537849,0.536351,0.807407
20201016,0.536979,0.517147,0.800823
20201019,0.5392,0.548697,0.813169
20201020,0.53298,0.441701,0.768724
20201021,0.533247,0.447188,0.770782
20201022,0.538914,0.545953,0.811523
20201023,0.527033,0.375857,0.731687
20201026,0.539215,0.548697,0.81358
20201027,0.533574,0.447188,0.771605
20201028,0.539601,0.55144,0.814815
20201029,0.551138,0.703704,0.877366
20201030,0.53284,0.429355,0.763786
20201102,0.547504,0.666667,0.861317
20201103,0.539733,0.554184,0.816049
20201104,0.551375,0.709191,0.879835
20201105,0.546355,0.654321,0.857202
20201106,0.569109,0.85048,0.938683
20201109,0.550742,0.694102,0.873663
20201110,0.564759,0.823045,0.928395
20201111,0.567912,0.844993,0.936214
20201112,0.557223,0.758573,0.902058
20201113,0.578061,0.910837,0.959671
20201116,0.552937,0.717421,0.883128
20201117,0.557993,0.761317,0.903704
20201118,0.5669,0.832647,0.932099
20201119,0.543637,0.610425,0.837037
20201120,0.535441,0.482853,0.781893
20201123,0.54917,0.680384,0.865021
20201124,0.554981,0.739369,0.890947
20201125,0.536531,0.497942,0.788477
20201126,0.54571,0.63786,0.846914
20201127,0.554685,0.739369,0.889712
20201130,0.599843,0.967078,0.977366
20201201,0.573409,0.888889,0.947737
20201202,0.562233,0.807956,0.917284
20201203,0.557802,0.769547,0.901646
20201204,0.572097,0.884774,0.944444
20201207,0.56678,0.84225,0.930041
20201208,0.571409,0.877915,0.941564
20201209,0.553469,0.731139,0.881481
20201210,0.563031,0.817558,0.918519
20201211,0.553681,0.733882,0.881481
20201214,0.577503,0.927298,0.958436
20201215,0.602461,0.971193,0.979012
20201216,0.580474,0.938272,0.96214
20201217,0.577228,0.921811,0.95679
20201218,0.587838,0.951989,0.968313
20201221,0.597706,0.962963,0.974486
20201222,0.587402,0.949246,0.96749
20201223,0.608212,0.973937,0.980658
20201224,0.565941,0.84225,0.92428
20201225,0.578847,0.925926,0.958025
20201228,0.573683,0.895748,0.945267
20201229,0.58993,0.951989,0.968313
20201230,0.616464,0.980796,0.983951
20201231,0.619622,0.982167,0.985597
20210104,0.617245,0.980796,0.984362
20210105,0.625142,0.986283,0.988066
20210106,0.617906,0.979424,0.983951
20210107,0.606656,0.964335,0.977778
20210108,0.644316,0.993141,0.993827
20210111,0.65975,0.995885,0.996296
20210112,0.667264,0.997257,0.997531
20210113,0.665293,0.995885,0.996708
20210114,0.661428,0.993141,0.995473
20210115,0.663337,0.993141,0.995473
20210118,0.636886,0.982167,0.988066
20210119,0.629515,0.979424,0.986008
20210120,0.630597,0.980796,0.986008
20210121,0.634638,0.980796,0.987654
20210122,0.638357,0.983539,0.989712
20210125,0.658853,0.989026,0.993827
20210126,0.653002,0.986283,0.992593
20210127,0.6481,0.984911,0.992181
20210128,0.641275,0.980796,0.9893
20210129,0.636464,0.975309,0.985597
20210201,0.627412,0.969822,0.982305
20210202,0.647916,0.983539,0.99177
20210203,0.654117,0.986283,0.992593
20210204,0.646123,0.982167,0.990535
20210205,0.668187,0.998628,0.997531
20210208,0.676748,0.998628,0.998354
20210209,0.672597,0.997257,0.997119
20210210,0.691088,0.998628,0.999177
20210218,0.675844,0.995885,0.997531
20210219,0.646831,0.978052,0.988889
20210222,0.624718,0.960219,0.976955
20210223,0.63316,0.967078,0.980247
20210224,0.655312,0.983539,0.990535
20210225,0.640634,0.971193,0.984774
20210226,0.641297,0.972565,0.985185
20210301,0.61495,0.949246,0.968313
20210302,0.627783,0.958848,0.976955
20210303,0.612182,0.946502,0.966255
20210304,0.620764,0.953361,0.97284
20210305,0.606211,0.941015,0.962963
20210308,0.608133,0.942387,0.963786
20210309,0.606684,0.941015,0.962963
20210310,0.614075,0.94513,0.966667
20210311,0.632037,0.961591,0.978189
20210312,0.619601,0.949246,0.970782
20210315,0.625598,0.954733,0.974897
20210316,0.595281,0.920439,0.952675
20210317,0.59173,0.914952,0.948971
20210318,0.582487,0.899863,0.940329
20210319,0.585786,0.908093,0.944444
20210322,0.564625,0.812071,0.898765
20210323,0.558575,0.759945,0.876543
20210324,0.574249,0.869684,0.924691
20210325,0.567001,0.825789,0.904527
20210326,0.593827,0.917695,0.950617
20210329,0.578575,0.887517,0.934979
20210330,0.572561,0.857339,0.919342
20210331,0.579002,0.890261,0.935802
20210401,0.564617,0.802469,0.895885
20210402,0.580443,0.894376,0.93786
20210406,0.560906,0.766804,0.880658
20210407,0.567216,0.81893,0.903292
20210408,0.555797,0.72428,0.862551
20210409,0.56935,0.831276,0.908642
20210412,0.574608,0.865569,0.923457
20210413,0.567764,0.820302,0.904115
20210414,0.579354,0.890261,0.936214
20210415,0.571125,0.838134,0.911934
20210416,0.538525,0.497942,0.766255
20210419,0.565238,0.796982,0.89465
20210420,0.573003,0.851852,0.918519
20210421,0.576436,0.8738,0.929218
20210422,0.570455,0.828532,0.907819
20210423,0.584482,0.903978,0.942387
20210426,0.595373,0.920439,0.953086
20210427,0.572818,0.846365,0.916461
20210428,0.594007,0.916324,0.950617
20210429,0.602927,0.931413,0.959259
20210430,0.6099,0.938272,0.963374
20210506,0.623959,0.950617,0.973663
20210507,0.616502,0.942387,0.967078
20210510,0.601578,0.924554,0.95679
20210511,0.606778,0.931413,0.960082
20210512,0.580164,0.880658,0.933745
20210513,0.580208,0.880658,0.933745
20210514,0.588474,0.898491,0.942798
20210517,0.592576,0.902606,0.945679
20210518,0.583781,0.887517,0.937037
20210519,0.59714,0.91358,0.951029
20210520,0.598046,0.914952,0.952263
20210521,0.608325,0.934156,0.961317
20210524,0.60699,0.930041,0.959671
20210525,0.628731,0.957476,0.976543
20210526,0.59798,0.909465,0.950617
20210527,0.582358,0.871056,0.931687
20210528,0.595948,0.903978,0.948148
20210531,0.591443,0.890261,0.941564
20210601,0.575537,0.839506,0.916461
20210602,0.564107,0.748971,0.879424
20210603,0.575987,0.839506,0.917284
20210604,0.59311,0.894376,0.943621
20210607,0.584232,0.875171,0.933333
20210608,0.592968,0.893004,0.942798
20210609,0.571556,0.798354,0.900412
20210610,0.573539,0.817558,0.90823
20210611,0.585186,0.876543,0.934568
20210615,0.584158,0.871056,0.932099
20210616,0.59751,0.906722,0.949383
20210617,0.600975,0.916324,0.953909
20210618,0.615894,0.938272,0.965432
20210621,0.594499,0.894376,0.944444
20210622,0.578744,0.840878,0.920988
20210623,0.595412,0.898491,0.946502
20210624,0.585894,0.872428,0.933745
20210625,0.610352,0.932785,0.961728
20210628,0.595465,0.897119,0.946091
20210629,0.593016,0.883402,0.940329
20210630,0.592112,0.877915,0.93786
20210701,0.590045,0.8738,0.935802
20210702,0.61332,0.934156,0.962963
20210705,0.615395,0.9369,0.964609
20210706,0.626769,0.953361,0.974486
20210707,0.619946,0.94513,0.969547
20210708,0.614941,0.931413,0.962963
20210709,0.617369,0.939643,0.967078
20210712,0.616526,0.9369,0.965432
20210713,0.599964,0.901235,0.948971
20210714,0.607141,0.916324,0.955556
20210715,0.606427,0.909465,0.953498
20210716,0.615616,0.931413,0.963374
20210719,0.60596,0.90535,0.951852
20210720,0.591522,0.858711,0.932099
20210721,0.615745,0.931413,0.963374
20210722,0.613126,0.921811,0.958848
20210723,0.599156,0.888889,0.944856
20210726,0.615467,0.928669,0.96214
20210727,0.635292,0.964335,0.980247
20210728,0.608367,0.91358,0.955144
20210729,0.626831,0.951989,0.974074
20210730,0.62049,0.942387,0.969547
20210802,0.624186,0.94513,0.972016
20210803,0.603975,0.893004,0.948148
20210804,0.615491,0.923182,0.960494
20210805,0.609735,0.908093,0.954321
20210806,0.619599,0.935528,0.966667
20210809,0.609651,0.90535,0.953498
20210810,0.612697,0.910837,0.955556
20210811,0.582645,0.809328,0.91358
20210812,0.591204,0.835391,0.925103
20210813,0.595147,0.854595,0.932922
20210816,0.582468,0.803841,0.911523
20210817,0.568389,0.714678,0.872428
20210818,0.597049,0.862826,0.935802
20210819,0.61464,0.914952,0.958025
20210820,0.621733,0.942387,0.969959
20210823,0.592724,0.836763,0.925926
20210824,0.601111,0.876543,0.941975
20210825,0.590432,0.825789,0.921811
20210826,0.579123,0.781893,0.903704
20210827,0.590882,0.825789,0.922222
20210830,0.607647,0.894376,0.948971
20210831,0.60262,0.879287,0.94321
20210901,0.61342,0.910837,0.955967
20210902,0.600027,0.868313,0.939095
20210903,0.590242,0.817558,0.919342
20210906,0.593427,0.835391,0.925926
20210907,0.582279,0.783265,0.90535
20210908,0.57373,0.737997,0.883951
20210909,0.568992,0.702332,0.867078
20210910,0.59303,0.832647,0.925103
20210913,0.598556,0.860082,0.935802
20210914,0.590234,0.812071,0.917695
20210915,0.597285,0.853224,0.932922
20210916,0.583975,0.790123,0.907819
20210917,0.592031,0.820302,0.920576
20210922,0.590363,0.8107,0.917284
20210923,0.582545,0.777778,0.904115
20210924,0.586586,0.798354,0.911934
20210927,0.585357,0.792867,0.909465
20210928,0.601736,0.875171,0.941975
20210929,0.593849,0.834019,0.925926
20210930,0.608571,0.898491,0.950617
20211008,0.599564,0.861454,0.937037
20211011,0.58941,0.798354,0.913169
20211012,0.583909,0.776406,0.903704
20211013,0.601622,0.872428,0.941152
20211014,0.590257,0.802469,0.914815
20211015,0.605279,0.879287,0.944033
20211018,0.618749,0.932785,0.965021
20211019,0.606214,0.880658,0.944856
20211020,0.609636,0.897119,0.951029
20211021,0.600757,0.858711,0.936626
20211022,0.604742,0.8738,0.942387
20211025,0.609664,0.898491,0.95144
20211026,0.612892,0.90535,0.953909
20211027,0.600846,0.855967,0.935802
20211028,0.611851,0.901235,0.952675
20211029,0.627543,0.953361,0.975309
20211101,0.616498,0.923182,0.961317
20211102,0.586327,0.775034,0.903704
20211103,0.604071,0.865569,0.939918
20211104,0.593231,0.809328,0.917284
20211105,0.5793,0.733882,0.887243
20211108,0.589002,0.777778,0.90535
20211109,0.578142,0.722908,0.882305
20211110,0.578463,0.722908,0.883128
20211111,0.563953,0.636488,0.834568
20211112,0.540933,0.458162,0.730453
20211115,0.527616,0.286694,0.639918
20211116,0.528349,0.301783,0.648148
20211117,0.533465,0.342936,0.673251
20211118,0.535735,0.381344,0.69177
20211119,0.546762,0.515775,0.764198
20211122,0.563131,0.628258,0.830453
20211123,0.546576,0.510288,0.76214
20211124,0.547691,0.51989,0.766667
20211125,0.528206,0.292181,0.644033
20211126,0.52875,0.296296,0.647737
20211129,0.539497,0.423868,0.714815
20211130,0.51867,0.186557,0.579012
20211201,0.520477,0.208505,0.590947
20211202,0.517577,0.182442,0.574897
20211203,0.545433,0.496571,0.753498
20211206,0.539389,0.421125,0.71358
20211207,0.552815,0.550069,0.7893
20211208,0.55986,0.602195,0.816872
20211209,0.561096,0.611797,0.822634
20211210,0.559789,0.599451,0.816049
20211213,0.566138,0.651578,0.841564
20211214,0.527644,0.264746,0.633745
20211215,0.521646,0.207133,0.59465
20211216,0.520755,0.200274,0.589712
20211217,0.520533,0.196159,0.587654
20211220,0.523609,0.223594,0.605761
20211221,0.495165,0.057613,0.442387
20211222,0.490893,0.048011,0.423457
20211223,0.514886,0.144033,0.554321
20211224,0.519742,0.185185,0.580658
20211227,0.515533,0.145405,0.555967
20211228,0.533075,0.318244,0.664198
20211229,0.523817,0.224966,0.605761
20211230,0.507341,0.09465,0.511111
20211231,0.512847,0.127572,0.540329
20220104,0.501073,0.082305,0.478601
20220105,0.508979,0.102881,0.51893
20220106,0.516943,0.161866,0.562963
20220107,0.498741,0.076818,0.462963
20220110,0.509985,0.112483,0.524691
20220111,0.504196,0.089163,0.494239
20220112,0.515786,0.14952,0.555967
20220113,0.507758,0.098765,0.511934
20220114,0.500447,0.083676,0.472428
20220117,0.499452,0.078189,0.465844
20220118,0.503977,0.090535,0.493827
20220119,0.519504,0.187929,0.579835
20220120,0.512547,0.133059,0.540329
20220121,0.529684,0.297668,0.650206
20220124,0.539659,0.42524,0.716049
20220125,0.499456,0.079561,0.466255
20220126,0.537685,0.396433,0.704115
20220127,0.538531,0.406036,0.707819
20220128,0.552093,0.537723,0.786008
20220207,0.535079,0.358025,0.681481
20220208,0.544015,0.477366,0.743621
20220209,0.535878,0.367627,0.687654
20220210,0.560314,0.603567,0.818519
20220211,0.557417,0.58299,0.80823
20220214,0.559819,0.596708,0.815638
20220215,0.559149,0.592593,0.814403
20220216,0.535069,0.351166,0.678601
20220217,0.543393,0.462277,0.737037
20220218,0.5368,0.37037,0.691358
20220221,0.524021,0.230453,0.604527
20220222,0.540094,0.421125,0.716461
20220223,0.53971,0.414266,0.713169
20220224,0.505123,0.087791,0.493827
20220225,0.535745,0.353909,0.682305
20220228,0.538931,0.399177,0.705761
20220301,0.556713,0.573388,0.804527
20220302,0.537976,0.384088,0.699588
20220303,0.526274,0.241427,0.618519
20220304,0.525337,0.231824,0.612346
20220307,0.541903,0.443073,0.729218
20220308,0.541975,0.444444,0.72963
20220309,0.531683,0.282579,0.64856
20220310,0.552917,0.537723,0.786831
20220311,0.548118,0.506173,0.763786
20220314,0.555182,0.561043,0.797942
20220315,0.541609,0.436214,0.725926
20220316,0.562998,0.622771,0.828807
20220317,0.56805,0.665295,0.848971
20220318,0.554678,0.548697,0.793827
20220321,0.533941,0.305898,0.66214
20220322,0.541903,0.433471,0.726337
20220323,0.535694,0.333333,0.676132
20220324,0.540788,0.415638,0.717695
20220325,0.542108,0.437586,0.727984
20220328,0.542142,0.437586,0.727984
20220329,0.546139,0.482853,0.750617
20220330,0.558638,0.585734,0.811523
20220331,0.548199,0.499314,0.761728
20220401,0.542685,0.438957,0.729218
20220406,0.523598,0.182442,0.5893
20220407,0.515674,0.108368,0.539918
20220408,0.529321,0.245542,0.63251
20220411,0.532174,0.262003,0.64321
20220412,0.534525,0.29904,0.660905
20220413,0.538602,0.368999,0.696296
20220414,0.559038,0.588477,0.813169
20220415,0.545985,0.474623,0.747325
20220418,0.545871,0.473251,0.746914
20220419,0.543014,0.438957,0.729218
20220420,0.529714,0.238683,0.63251
20220421,0.512865,0.079561,0.520988
20220422,0.514224,0.087791,0.529218
20220425,0.51127,0.068587,0.512346
20220426,0.526637,0.201646,0.606996
20220427,0.544949,0.45679,0.740329
20220428,0.566082,0.648834,0.840741
20220429,0.559149,0.587106,0.812757
20220505,0.552084,0.517147,0.779424
20220506,0.54397,0.447188,0.734568
20220509,0.539957,0.381344,0.704115
20220510,0.545,0.454047,0.739506
20220511,0.548775,0.493827,0.762551
20220512,0.547024,0.482853,0.755144
20220513,0.543581,0.434842,0.730453
20220516,0.53692,0.325103,0.678189
20220517,0.555886,0.558299,0.798354
20220518,0.531272,0.234568,0.63251
20220519,0.545023,0.449931,0.738683
20220520,0.559934,0.593964,0.815226
20220523,0.540096,0.374486,0.702881
20220524,0.515837,0.090535,0.533333
20220525,0.535279,0.296296,0.661317
20220526,0.531543,0.234568,0.633333
20220527,0.530249,0.227709,0.628395
20220530,0.526638,0.190672,0.601646
20220531,0.531476,0.237311,0.633333
20220601,0.507407,0.045267,0.484362
20220602,0.508336,0.050754,0.489712
20220606,0.533207,0.263374,0.644444
20220607,0.529774,0.231824,0.62716
20220608,0.550303,0.506173,0.769959
20220609,0.553291,0.532236,0.785185
20220610,0.562074,0.611797,0.825103
20220613,0.561699,0.610425,0.824691
20220614,0.555308,0.55144,0.794239
20220615,0.575175,0.705075,0.872016
20220616,0.552044,0.514403,0.776132
20220617,0.564553,0.635117,0.834979
20220620,0.561202,0.603567,0.820576
20220621,0.535015,0.29904,0.65679
20220622,0.5429,0.419753,0.719753
20220623,0.548153,0.48834,0.754733
20220624,0.543822,0.436214,0.727572
20220627,0.548721,0.491084,0.757613
20220628,0.536281,0.316872,0.666255
20220629,0.538865,0.351166,0.684774
20220630,0.548143,0.486968,0.753909
20220701,0.553375,0.528121,0.783128
20220704,0.55882,0.578875,0.808642
20220705,0.561155,0.602195,0.819753
20220706,0.568403,0.665295,0.849794
20220707,0.579272,0.731139,0.88642
20220708,0.566861,0.648834,0.841975
20220711,0.561187,0.59808,0.818519
20220712,0.562713,0.610425,0.824691
20220713,0.570342,0.66941,0.853086
20220714,0.560354,0.585734,0.812346
20220715,0.539729,0.356653,0.690123
20220718,0.533497,0.252401,0.63786
20220719,0.516917,0.097394,0.531276
20220720,0.503037,0.032922,0.456379
20220721,0.525699,0.179698,0.588477
20220722,0.518,0.108368,0.539506
20220725,0.521736,0.142661,0.561728
20220726,0.530632,0.224966,0.61893
20220727,0.523714,0.160494,0.573251
20220728,0.513583,0.076818,0.512346
20220729,0.510345,0.058985,0.494239
20220801,0.522281,0.152263,0.565844
20220802,0.484553,0.004115,0.364198
20220803,0.51243,0.071331,0.506173
20220804,0.518069,0.115226,0.539918
20220805,0.522002,0.153635,0.564198
20220808,0.52117,0.145405,0.559671
20220809,0.523094,0.164609,0.569959
20220810,0.526291,0.200274,0.593004
20220811,0.507685,0.048011,0.477778
20220812,0.494134,0.010974,0.406584
20220815,0.521785,0.156379,0.56214
20220816,0.513111,0.080933,0.509053
20220817,0.519509,0.131687,0.546091
20220818,0.503873,0.037037,0.460494
20220819,0.507773,0.053498,0.479835
20220822,0.521645,0.15775,0.560905
20220823,0.518184,0.123457,0.53786
20220824,0.494076,0.010974,0.404938
20220825,0.508386,0.061728,0.482716
20220826,0.516172,0.111111,0.526749
20220829,0.502651,0.037037,0.45144
20220830,0.50498,0.045267,0.463786
20220831,0.522119,0.176955,0.565021
20220901,0.508699,0.065844,0.483539
20220902,0.497593,0.026063,0.422222
20220905,0.506869,0.053498,0.472428
20220906,0.524065,0.20439,0.577778
20220907,0.514725,0.102881,0.516049
20220908,0.50299,0.039781,0.451029
20220909,0.531646,0.272977,0.625926
20220913,0.518279,0.139918,0.537449
20220914,0.505872,0.05487,0.469136
20220915,0.510389,0.080933,0.492181
20220916,0.514206,0.104252,0.511934
20220919,0.50538,0.048011,0.461728
20220920,0.53418,0.30727,0.644033
20220921,0.522303,0.185185,0.565021
20220922,0.535339,0.333333,0.653909
20220923,0.508905,0.071331,0.481893
20220926,0.525416,0.215364,0.588066
20220927,0.52693,0.229081,0.596296
20220928,0.515033,0.112483,0.516872
20220929,0.519294,0.150892,0.541564
20220930,0.532785,0.278464,0.631276
20221010,0.544987,0.466392,0.72963
20221011,0.551709,0.529492,0.771193
20221012,0.546371,0.491084,0.742387
20221013,0.528088,0.245542,0.606584
20221014,0.539418,0.390947,0.686008
20221017,0.518331,0.144033,0.535391
20221018,0.506023,0.05487,0.466255
20221019,0.522602,0.1893,0.564609
20221020,0.514603,0.109739,0.511523
20221021,0.512796,0.096022,0.499177
20221024,0.519428,0.153635,0.540329
20221025,0.513013,0.100137,0.501235
20221026,0.507242,0.057613,0.466255
20221027,0.521436,0.176955,0.555556
20221028,0.495632,0.020576,0.405761
20221031,0.513392,0.108368,0.503704
20221101,0.529814,0.270233,0.617695
20221102,0.522404,0.197531,0.564609
20221103,0.516817,0.134431,0.523045
20221104,0.527531,0.246914,0.598765
20221107,0.512063,0.093278,0.493416
20221108,0.508323,0.069959,0.471193
20221109,0.498055,0.028807,0.417284
20221110,0.489071,0.006859,0.377778
20221111,0.516598,0.139918,0.522634
20221114,0.523048,0.211248,0.567901
20221115,0.510664,0.093278,0.486831
20221116,0.49799,0.030178,0.416872
20221117,0.506244,0.061728,0.461728
20221118,0.497097,0.024691,0.409877
20221121,0.492922,0.012346,0.392181
20221122,0.486158,0.005487,0.363374
20221123,0.485908,0.005487,0.362551
20221124,0.505151,0.058985,0.455967
20221125,0.509425,0.091907,0.48107
20221128,0.505347,0.060357,0.455967
20221129,0.527119,0.266118,0.597942
20221130,0.521202,0.201646,0.556379
20221201,0.523263,0.229081,0.571193
20221202,0.493245,0.016461,0.393416
20221205,0.50435,0.057613,0.451852
20221206,0.520425,0.194787,0.550617
20221207,0.519976,0.192044,0.54856
20221208,0.499631,0.043896,0.427984
20221209,0.516706,0.159122,0.525514
20221212,0.497769,0.035665,0.417284
20221213,0.503267,0.05487,0.446502
20221214,0.520042,0.198903,0.548971
20221215,0.521064,0.21262,0.556379
20221216,0.504419,0.0631,0.453086
20221219,0.514111,0.141289,0.509877
20221220,0.543124,0.496571,0.720165
20221221,0.523131,0.245542,0.574074
20221222,0.531121,0.319616,0.626337
20221223,0.536003,0.399177,0.665432
20221226,0.534353,0.364883,0.64856
20221227,0.533586,0.355281,0.641975
20221228,0.547438,0.545953,0.749794
20221229,0.53702,0.410151,0.674074
20221230,0.534579,0.37037,0.648971
20230103,0.508378,0.096022,0.47284
20230104,0.518403,0.186557,0.535802
20230105,0.549044,0.561043,0.759259
20230106,0.535616,0.389575,0.659259
20230109,0.544132,0.508916,0.728395
20230110,0.552192,0.581619,0.775309
20230111,0.537784,0.414266,0.678189
20230112,0.546054,0.528121,0.738272
20230113,0.552415,0.581619,0.775309
20230116,0.56026,0.640604,0.812346
20230117,0.53558,0.379973,0.655967
20230118,0.524033,0.249657,0.574486
20230119,0.525761,0.266118,0.586008
20230120,0.533815,0.348422,0.639095
20230130,0.521489,0.209877,0.553086
20230131,0.511293,0.109739,0.486008
20230201,0.495257,0.02332,0.395885
20230202,0.492047,0.012346,0.381893
20230203,0.488469,0.00823,0.36749
20230206,0.501295,0.052126,0.430041
20230207,0.483449,0.004115,0.344856
20230208,0.484332,0.005487,0.34856
20230209,0.488654,0.012346,0.369547
20230210,0.478496,0.004115,0.330864
20230213,0.48007,0.005487,0.336214
20230214,0.485258,0.010974,0.353909
20230215,0.491493,0.020576,0.383128
20230216,0.474497,0.002743,0.316049
20230217,0.50403,0.072702,0.446502
20230220,0.518699,0.198903,0.533745
20230221,0.511117,0.1262,0.486831
20230222,0.50498,0.079561,0.450206
20230223,0.500138,0.060357,0.424691
20230224,0.515796,0.171468,0.513992
20230227,0.494998,0.034294,0.395885
20230228,0.503467,0.072702,0.442387
20230301,0.529453,0.322359,0.613992
20230302,0.513305,0.150892,0.497942
20230303,0.518706,0.209877,0.533333
20230306,0.524695,0.285322,0.581481
20230307,0.510967,0.131687,0.484362
20230308,0.523025,0.260631,0.566255
20230309,0.51863,0.20439,0.531276
20230310,0.515021,0.167353,0.507407
20230313,0.525838,0.296296,0.588477
20230314,0.534652,0.384088,0.648148
20230315,0.525376,0.288066,0.585597
20230316,0.538557,0.437586,0.683951
20230317,0.557375,0.618656,0.8
20230320,0.553575,0.593964,0.782716
20230321,0.538541,0.437586,0.683128
20230322,0.545991,0.534979,0.737449
20230323,0.572306,0.716049,0.861728
20230324,0.563498,0.670782,0.829218
20230327,0.569907,0.705075,0.851852
20230328,0.559679,0.632373,0.807407
20230329,0.567107,0.691358,0.842387
20230330,0.568803,0.699588,0.848971
20230331,0.572551,0.716049,0.862963
20230403,0.586632,0.781893,0.903292
20230404,0.590795,0.798354,0.910288
20230406,0.593156,0.816187,0.916872
20230407,0.57049,0.702332,0.851852
20230410,0.575787,0.727023,0.874074
20230411,0.588943,0.783265,0.904115
20230412,0.581569,0.751715,0.8893
20230413,0.562306,0.647462,0.818519
20230414,0.569308,0.691358,0.847325
20230417,0.54966,0.552812,0.755556
20230418,0.572989,0.710562,0.86214
20230419,0.577787,0.729767,0.878601
20230420,0.586399,0.775034,0.900823
20230421,0.565038,0.66118,0.828807
20230424,0.574824,0.717421,0.867078
20230425,0.564812,0.658436,0.827984
20230426,0.588331,0.780521,0.903292
20230427,0.576338,0.721536,0.874074
20230428,0.561814,0.631001,0.81358
20230504,0.557503,0.591221,0.790535
20230505,0.573212,0.705075,0.860905
20230508,0.588857,0.781893,0.903704
20230509,0.601161,0.855967,0.934979
20230510,0.601178,0.855967,0.934979
20230511,0.578008,0.722908,0.876955
20230512,0.567928,0.666667,0.83786
20230515,0.578594,0.728395,0.879424
20230516,0.56465,0.643347,0.823457
20230517,0.555037,0.566529,0.774897
20230518,0.567897,0.663923,0.836626
20230519,0.560891,0.611797,0.802881
20230522,0.532283,0.334705,0.612757
20230523,0.529454,0.312757,0.598354
20230524,0.55458,0.561043,0.77037
20230525,0.551542,0.539095,0.755967
20230526,0.561744,0.621399,0.809465
20230529,0.567268,0.66118,0.833333
20230530,0.577619,0.718793,0.875309
20230531,0.580525,0.743484,0.88642
20230601,0.566866,0.651578,0.82963
20230602,0.549879,0.522634,0.744444
20230605,0.544348,0.473251,0.709465
20230606,0.543628,0.463649,0.703292
20230607,0.557264,0.572016,0.782305
20230608,0.549868,0.51989,0.743621
20230609,0.565023,0.640604,0.822222
20230612,0.544412,0.469136,0.70823
20230613,0.572131,0.685871,0.852263
20230614,0.576294,0.710562,0.870782
20230615,0.573218,0.694102,0.857613
20230616,0.569189,0.668038,0.839918
20230619,0.573884,0.699588,0.860905
20230620,0.589512,0.783265,0.904938
20230621,0.572918,0.685871,0.854321
20230626,0.551594,0.522634,0.750206
20230627,0.536674,0.382716,0.642798
20230628,0.5482,0.503429,0.730453
20230629,0.537991,0.395062,0.654733
20230630,0.525142,0.26749,0.558025
20230703,0.534249,0.352538,0.618519
20230704,0.533443,0.33882,0.611111
20230705,0.530154,0.308642,0.591358
20230706,0.545634,0.482853,0.712757
20230707,0.539119,0.412894,0.661317
20230710,0.530324,0.311385,0.591358
20230711,0.530242,0.308642,0.590535
20230712,0.54276,0.449931,0.6893
20230713,0.545055,0.477366,0.707819
20230714,0.550708,0.524005,0.742798
20230717,0.530325,0.30727,0.590123
20230718,0.523705,0.251029,0.541564
20230719,0.520957,0.216735,0.521811
20230720,0.524421,0.260631,0.549383
20230721,0.515887,0.170096,0.486008
20230724,0.517993,0.186557,0.499177
20230725,0.551775,0.534979,0.750617
20230726,0.519771,0.211248,0.511523
20230727,0.514337,0.155007,0.475309
20230728,0.560349,0.593964,0.794239
20230731,0.555898,0.563786,0.77284
20230801,0.542298,0.447188,0.684774
20230802,0.543626,0.459534,0.695062
20230803,0.561545,0.603567,0.802881
20230804,0.596249,0.829904,0.923457
20230807,0.562765,0.611797,0.807407
20230808,0.556238,0.559671,0.77284
20230809,0.543238,0.451303,0.689712
20230810,0.561428,0.599451,0.801235
20230811,0.539505,0.415638,0.658848
20230814,0.54196,0.436214,0.679012
20230815,0.544182,0.463649,0.698765
20230816,0.557624,0.566529,0.779424
20230817,0.536319,0.374486,0.631276
20230818,0.51698,0.178326,0.485597
20230821,0.52283,0.238683,0.527572
20230822,0.529816,0.300412,0.580658
20230823,0.540046,0.421125,0.663786
20230824,0.550173,0.51166,0.737449
20230825,0.515193,0.155007,0.471605
20230828,0.537092,0.379973,0.639095
20230829,0.509873,0.112483,0.439918
20230830,0.512375,0.1262,0.452263
20230831,0.512651,0.130316,0.453909
20230901,0.514737,0.14952,0.468313
20230904,0.512086,0.123457,0.450617
20230905,0.519656,0.197531,0.502469
20230906,0.518999,0.190672,0.497119
20230907,0.517066,0.170096,0.486008
20230908,0.530976,0.304527,0.585185
20230911,0.522723,0.230453,0.525926
20230912,0.534083,0.33882,0.60823
20230913,0.510325,0.102881,0.440329
20230914,0.534093,0.33882,0.60823
20230915,0.527894,0.27572,0.565844
20230918,0.51227,0.115226,0.45144
20230919,0.513884,0.133059,0.462551
20230920,0.521829,0.219479,0.519753
20230921,0.532161,0.312757,0.590947
20230922,0.55932,0.577503,0.786831
20230925,0.547929,0.492455,0.722634
20230926,0.568359,0.654321,0.834568
20230927,0.539325,0.40192,0.653909
20230928,0.534806,0.345679,0.613169
20231009,0.527692,0.274348,0.560494
20231010,0.545441,0.469136,0.705761
20231011,0.545959,0.473251,0.707819
20231012,0.561927,0.603567,0.803704
20231013,0.558423,0.565158,0.780658
20231016,0.544598,0.455418,0.697119
20231017,0.555343,0.545953,0.765432
20231018,0.569642,0.665295,0.839095
20231019,0.585821,0.762689,0.896708
20231020,0.566484,0.632373,0.823045
20231023,0.539232,0.390947,0.649383
20231024,0.553667,0.529492,0.754733
20231025,0.553761,0.530864,0.755967
20231026,0.559585,0.570645,0.784774
20231027,0.519517,0.192044,0.494239
20231030,0.511696,0.112483,0.440741
20231031,0.521262,0.21262,0.507407
20231101,0.524986,0.255144,0.537037
20231102,0.529077,0.286694,0.565432
20231103,0.51261,0.122085,0.445679
20231106,0.522534,0.231824,0.515638
20231107,0.541431,0.414266,0.668313
20231108,0.542838,0.429355,0.676955
20231109,0.55218,0.514403,0.745679
20231110,0.548025,0.484225,0.718107
20231113,0.517839,0.17284,0.478601
20231114,0.52914,0.292181,0.564609
20231115,0.525561,0.266118,0.539095
20231116,0.524661,0.257888,0.531687
20231117,0.522337,0.231824,0.511523
20231120,0.493574,0.024691,0.351852
20231121,0.499876,0.046639,0.379835
20231122,0.51054,0.108368,0.429218
20231123,0.51179,0.11797,0.436214
20231124,0.499291,0.042524,0.374897
20231127,0.499218,0.042524,0.374486
20231128,0.494476,0.028807,0.353909
20231129,0.503313,0.0631,0.391358
20231130,0.497935,0.039781,0.367901
20231201,0.517999,0.187929,0.477366
20231204,0.513095,0.142661,0.445679
20231205,0.510615,0.116598,0.428807
20231206,0.52256,0.252401,0.512757
20231207,0.523736,0.270233,0.523045
20231208,0.522414,0.251029,0.511523
20231211,0.50367,0.067215,0.390535
20231212,0.525886,0.296296,0.541975
20231213,0.513027,0.145405,0.443621
20231214,0.514834,0.164609,0.455556
20231215,0.518162,0.198903,0.476543
20231218,0.493385,0.024691,0.34321
20231219,0.512733,0.141289,0.439095
20231220,0.511277,0.1262,0.430041
20231221,0.510354,0.116598,0.422222
20231222,0.513814,0.159122,0.447737
20231225,0.507827,0.100137,0.407407
20231226,0.51508,0.178326,0.457202
20231227,0.529104,0.333333,0.563786
20231228,0.522286,0.262003,0.508642
20231229,0.503942,0.071331,0.387243
20240102,0.49169,0.020576,0.333333
20240103,0.496101,0.038409,0.351852
20240104,0.516003,0.193416,0.462963
20240105,0.494767,0.032922,0.345679
20240108,0.491042,0.019204,0.329218
20240109,0.501413,0.065844,0.374486
20240110,0.508982,0.119342,0.412346
20240111,0.512584,0.152263,0.435391
20240112,0.49766,0.045267,0.355967
20240115,0.49018,0.017833,0.32428
20240116,0.499112,0.05487,0.363374
20240117,0.511638,0.145405,0.428395
20240118,0.504601,0.090535,0.388889
20240119,0.540197,0.474623,0.658436
20240122,0.487709,0.013717,0.312346
20240123,0.50846,0.122085,0.408642
20240124,0.512432,0.160494,0.433745
20240125,0.5205,0.262003,0.493004
20240126,0.520319,0.259259,0.49177
20240129,0.531412,0.386831,0.577778
20240130,0.511712,0.152263,0.426749
20240131,0.479801,0.004115,0.290123
20240201,0.492184,0.028807,0.327984
20240202,0.479936,0.005487,0.289712
20240205,0.47712,0.002743,0.283951
20240206,0.471016,0.001372,0.269547
20240207,0.466698,0.001372,0.258436
20240208,0.440481,0.001372,0.200823
20240219,0.470066,0.004115,0.266255
20240220,0.520385,0.272977,0.491358
20240221,0.510867,0.153635,0.420988
20240222,0.515967,0.224966,0.459671
20240223,0.501694,0.083676,0.368724
20240226,0.475192,0.00823,0.278189
20240227,0.510302,0.146776,0.414403
20240228,0.473121,0.006859,0.27037
20240229,0.504042,0.102881,0.381481
20240301,0.533227,0.42524,0.589712
20240304,0.544566,0.548697,0.692593
20240305,0.564021,0.698217,0.813169
20240306,0.540553,0.508916,0.659671
20240307,0.520456,0.285322,0.490123
20240308,0.540647,0.51166,0.660082
20240311,0.541335,0.515775,0.665844
20240312,0.53988,0.503429,0.65144
20240313,0.529643,0.392318,0.563786
20240314,0.52807,0.378601,0.552675
20240315,0.533081,0.427984,0.585185
20240318,0.520134,0.281207,0.484774
20240319,0.521538,0.303155,0.496708
20240320,0.518398,0.259259,0.470782
20240321,0.511745,0.17284,0.420165
20240322,0.518408,0.263374,0.471193
20240325,0.519072,0.271605,0.475309
20240326,0.530835,0.418381,0.570782
20240327,0.5101,0.14952,0.406173
20240328,0.523023,0.336077,0.509465
20240329,0.517077,0.248285,0.460494
20240401,0.50544,0.11797,0.380658
20240402,0.499534,0.076818,0.35144
20240403,0.509284,0.148148,0.400823
20240408,0.513613,0.209877,0.434156
20240409,0.512353,0.185185,0.421811
20240410,0.500467,0.083676,0.354321
20240411,0.518458,0.27572,0.469959
20240412,0.521499,0.320988,0.495473
20240415,0.476093,0.010974,0.268313
20240416,0.481437,0.019204,0.279424
20240417,0.489334,0.034294,0.30535
20240418,0.527063,0.397805,0.542387
20240419,0.536081,0.499314,0.617284
20240422,0.527058,0.397805,0.541564
20240423,0.525144,0.379973,0.527984
20240424,0.518452,0.279835,0.46749
20240425,0.508755,0.14952,0.393416
20240426,0.533031,0.462277,0.583951
20240429,0.518051,0.270233,0.46214
20240430,0.507824,0.139918,0.385597
20240506,0.510068,0.161866,0.400412
20240507,0.502637,0.09465,0.35679
20240508,0.481551,0.020576,0.274486
20240509,0.496515,0.064472,0.327984
20240510,0.496751,0.065844,0.328807
20240513,0.498137,0.076818,0.337037
20240514,0.505738,0.133059,0.377778
20240515,0.513234,0.224966,0.427572
20240516,0.525976,0.408779,0.534979
20240517,0.528207,0.432099,0.552675
20240520,0.523016,0.368999,0.506173
20240521,0.511506,0.192044,0.409877
20240522,0.527988,0.430727,0.549794
20240523,0.503989,0.115226,0.362551
20240524,0.518913,0.305898,0.468724
20240527,0.512129,0.20439,0.413992
20240528,0.524995,0.40192,0.524691
20240529,0.528849,0.445816,0.555967
20240530,0.530637,0.471879,0.568313
20240531,0.511293,0.193416,0.406996
20240603,0.505176,0.130316,0.36749
20240604,0.506074,0.139918,0.374486
20240605,0.514832,0.252401,0.435802
20240606,0.493413,0.050754,0.306173
20240607,0.538371,0.558299,0.637037
20240611,0.557361,0.72428,0.773251
20240612,0.54828,0.673525,0.720165
20240613,0.54521,0.643347,0.696296
20240614,0.580119,0.853224,0.883128
20240617,0.565355,0.791495,0.81893
20240618,0.548682,0.676269,0.720988
20240619,0.546387,0.658436,0.70823
20240620,0.515157,0.262003,0.435391
20240621,0.544421,0.635117,0.688477
20240624,0.512948,0.229081,0.416872
20240625,0.539503,0.578875,0.642798
20240626,0.514499,0.251029,0.428807
20240627,0.53008,0.474623,0.560494
20240628,0.539411,0.578875,0.641152
20240701,0.529034,0.458162,0.55144
20240702,0.52977,0.471879,0.558025
20240703,0.526046,0.429355,0.528395
20240704,0.51089,0.190672,0.395473
20240705,0.551481,0.706447,0.738683
20240708,0.53854,0.572016,0.633333
20240709,0.54816,0.689986,0.717284
20240710,0.568363,0.829904,0.833333
20240711,0.545973,0.668038,0.699177
20240712,0.567316,0.825789,0.827572
20240715,0.559728,0.769547,0.783539
20240716,0.599841,0.941015,0.930453
20240717,0.593128,0.925926,0.914815
20240718,0.576028,0.865569,0.866255
20240719,0.589295,0.908093,0.902881
20240722,0.582368,0.887517,0.885597
20240723,0.55873,0.759945,0.776955
20240724,0.553058,0.728395,0.744856
20240725,0.576481,0.872428,0.868724
20240726,0.565925,0.820302,0.816461
20240729,0.560669,0.784636,0.786831
20240730,0.561156,0.790123,0.791358
20240731,0.537515,0.563786,0.618519
20240801,0.535081,0.540466,0.595062
20240802,0.540755,0.610425,0.650206
20240805,0.538503,0.573388,0.625103
20240806,0.547711,0.689986,0.707819
20240807,0.543635,0.644719,0.673663
20240808,0.530091,0.481481,0.550206
20240809,0.534441,0.532236,0.583951
20240812,0.507474,0.14952,0.358848
20240813,0.531841,0.506173,0.561317
20240814,0.530146,0.484225,0.549383
20240815,0.515645,0.271605,0.423457
20240816,0.526622,0.437586,0.518107
20240819,0.535349,0.554184,0.59465
20240820,0.525039,0.418381,0.50535
20240821,0.55666,0.769547,0.763374
20240822,0.551018,0.731139,0.728395
20240823,0.541947,0.635117,0.657202
20240826,0.546164,0.695473,0.696708
20240827,0.537478,0.577503,0.614815
20240828,0.536877,0.573388,0.607407
20240829,0.543226,0.654321,0.66749
20240830,0.540229,0.624143,0.642798
20240902,0.52859,0.463649,0.533745
20240903,0.532237,0.517147,0.559259
20240904,0.54291,0.655693,0.663786
20240905,0.533801,0.533608,0.57284
20240906,0.535472,0.561043,0.593004
20240909,0.554804,0.776406,0.751852
20240910,0.523807,0.406036,0.487654
20240911,0.567272,0.875171,0.82428
20240912,0.549643,0.739369,0.719753
20240913,0.556408,0.790123,0.76214
20240918,0.528769,0.467764,0.530864
20240919,0.536351,0.578875,0.6
20240920,0.557878,0.805213,0.769959
20240923,0.555231,0.786008,0.754321
20240924,0.545809,0.702332,0.688477
20240925,0.534765,0.552812,0.579012
20240926,0.550059,0.750343,0.720988
20240927,0.538597,0.60631,0.620165
20240930,0.494961,0.058985,0.28107
20241008,0.487393,0.030178,0.251029
20241009,0.565321,0.879287,0.814403
20241010,0.572156,0.914952,0.846502
20241011,0.554206,0.78738,0.746914
20241014,0.573114,0.923182,0.851852
20241015,0.579546,0.949246,0.880658
20241016,0.579231,0.946502,0.878189
20241017,0.581905,0.956104,0.884362
20241018,0.577685,0.939643,0.87037
20241021,0.56409,0.8738,0.80535
20241022,0.55626,0.803841,0.75679
20241023,0.555398,0.799726,0.75144
20241024,0.563263,0.872428,0.8
20241025,0.533268,0.533608,0.558436
20241028,0.505397,0.138546,0.330041
20241029,0.520443,0.349794,0.445679
20241030,0.546783,0.729767,0.69465
20241031,0.559941,0.846365,0.777778
20241101,0.556013,0.809328,0.754733
20241104,0.568172,0.914952,0.826749
20241105,0.558083,0.82716,0.765844
20241106,0.557734,0.825789,0.764198
20241107,0.553509,0.788752,0.736626
20241108,0.545583,0.710562,0.679012
20241111,0.541207,0.651578,0.639918
20241112,0.531416,0.515775,0.539506
20241113,0.547648,0.737997,0.695885
20241114,0.544874,0.702332,0.669959
20241115,0.558073,0.835391,0.765432
20241118,0.535715,0.577503,0.581481
20241119,0.553695,0.796982,0.738272
20241120,0.52773,0.459534,0.50535
20241121,0.541958,0.658436,0.642798
20241122,0.523421,0.404664,0.467078
20241125,0.538344,0.604938,0.606173
20241126,0.523526,0.406036,0.46749
20241127,0.521639,0.37037,0.44856
20241128,0.518261,0.311385,0.417284
20241129,0.523242,0.406036,0.465432
20241202,0.498617,0.082305,0.285185
20241203,0.508274,0.163237,0.336626
20241204,0.516107,0.289438,0.403704
20241205,0.517495,0.303155,0.41358
20241206,0.514483,0.260631,0.388889
20241209,0.499537,0.093278,0.292593
20241210,0.499625,0.09465,0.293416
20241211,0.492852,0.048011,0.259259
20241212,0.481984,0.021948,0.225926
20241213,0.499213,0.089163,0.290535
20241216,0.500439,0.104252,0.298354
20241217,0.493007,0.052126,0.260494
20241218,0.526847,0.467764,0.501235
20241219,0.541966,0.673525,0.648148
20241220,0.537313,0.607682,0.602058
20241223,0.511395,0.218107,0.365432
20241224,0.530247,0.51166,0.533745
20241225,0.530707,0.518519,0.537449
20241226,0.55542,0.81893,0.755144
20241227,0.544462,0.707819,0.673663
20241230,0.538628,0.625514,0.616872
20241231,0.529751,0.493827,0.52963
20250102,0.526157,0.449931,0.498765
20250103,0.503115,0.11797,0.3107
20250106,0.516764,0.300412,0.411523
20250107,0.545897,0.727023,0.688889
20250108,0.537585,0.604938,0.608642
20250109,0.562175,0.886145,0.803292
20250110,0.557022,0.828532,0.768313
20250113,0.550175,0.769547,0.723457
20250114,0.541691,0.657064,0.648971
20250115,0.562397,0.887517,0.806173
20250116,0.562645,0.887517,0.807407
20250117,0.556002,0.816187,0.763374
20250120,0.540671,0.643347,0.641564
20250121,0.572342,0.942387,0.857202
20250122,0.585413,0.979424,0.904938
20250123,0.568015,0.919067,0.837449
20250124,0.562799,0.886145,0.807819
20250127,0.555926,0.809328,0.760905
20250205,0.580225,0.972565,0.892181
20250206,0.573157,0.94513,0.860905
20250207,0.570117,0.930041,0.844856
20250210,0.557846,0.825789,0.77284
20250211,0.56689,0.90535,0.828395
20250212,0.571182,0.932785,0.849794
20250213,0.580471,0.972565,0.893004
20250214,0.579689,0.96845,0.890535
20250217,0.57175,0.930041,0.851852
20250218,0.554856,0.78738,0.750206
20250219,0.572129,0.930041,0.853909
20250220,0.552605,0.768176,0.736214
20250221,0.573299,0.94513,0.86214
20250224,0.560894,0.847737,0.791358
20250225,0.564699,0.88203,0.816461
20250226,0.54543,0.689986,0.682305
20250227,0.542574,0.647462,0.654321
20250228,0.528434,0.454047,0.516872
20250303,0.524505,0.404664,0.481481
20250304,0.536915,0.572016,0.596708
20250305,0.537908,0.584362,0.607819
20250306,0.536402,0.569273,0.590947
20250307,0.533511,0.526749,0.55679
20250310,0.51455,0.253772,0.3893
20250311,0.515961,0.27572,0.401235
20250312,0.512717,0.224966,0.37284
20250313,0.502819,0.108368,0.304938
20250314,0.521078,0.351166,0.444856
20250317,0.499012,0.085048,0.285185
20250318,0.503125,0.115226,0.306996
20250319,0.506718,0.150892,0.328807
20250320,0.501054,0.102881,0.296296
20250321,0.487353,0.03155,0.234568
20250324,0.461013,0.002743,0.181893
20250325,0.491013,0.043896,0.247737
20250326,0.487719,0.037037,0.235391
20250327,0.479475,0.016461,0.214815
20250328,0.468776,0.005487,0.193416
20250331,0.482875,0.027435,0.222634
20250401,0.478715,0.017833,0.213169
20250402,0.485131,0.034294,0.22963
20250403,0.491874,0.057613,0.251852
20250407,0.516242,0.304527,0.404527
20250408,0.490309,0.052126,0.244856
20250409,0.498737,0.100137,0.283539
20250410,0.502678,0.127572,0.302881
20250411,0.511179,0.219479,0.358025
20250414,0.494794,0.078189,0.264198
20250415,0.490955,0.053498,0.246914
20250416,0.495043,0.083676,0.265844
20250417,0.4985,0.102881,0.281481
20250418,0.491763,0.060357,0.251029
20250421,0.4886,0.046639,0.239095
20250422,0.485838,0.037037,0.230041
20250423,0.501602,0.133059,0.300412
20250424,0.476747,0.015089,0.207819
20250425,0.486768,0.042524,0.232922
20250428,0.468781,0.006859,0.19177
20250429,0.476307,0.016461,0.206996
20250430,0.489184,0.057613,0.244856
20250506,0.477882,0.020576,0.2107
20250507,0.480288,0.030178,0.217284
20250508,0.488142,0.05487,0.240329
20250509,0.483994,0.038409,0.225926
20250512,0.502519,0.148148,0.306584
20250513,0.489585,0.065844,0.246091
20250514,0.512499,0.271605,0.374897
20250515,0.495778,0.105624,0.273663
20250516,0.486972,0.050754,0.233333
20250519,0.460369,0.002743,0.178189
20250520,0.468511,0.006859,0.188477
20250521,0.479473,0.027435,0.211934
20250522,0.460578,0.004115,0.177366
20250523,0.467573,0.00823,0.186008
20250526,0.48763,0.061728,0.234568
20250527,0.480942,0.038409,0.215226
20250528,0.488629,0.071331,0.241152
20250529,0.466499,0.006859,0.183128
20250530,0.47339,0.019204,0.197119
20250603,0.479618,0.035665,0.211934
20250604,0.46916,0.015089,0.188066
20250605,0.483266,0.050754,0.220165
20250606,0.47832,0.03155,0.206584
20250609,0.476476,0.027435,0.202881
20250610,0.457776,0.002743,0.169959
20250611,0.493182,0.109739,0.259259
20250612,0.490151,0.090535,0.245267
20250613,0.469643,0.017833,0.186831
20250616,0.500654,0.171468,0.299177
20250617,0.502132,0.179698,0.304115
20250618,0.512236,0.293553,0.372016
20250619,0.480503,0.049383,0.211934
20250620,0.491375,0.101509,0.250206
20250623,0.49888,0.156379,0.286831
20250624,0.492002,0.108368,0.252263
20250625,0.516701,0.368999,0.411111
20250626,0.520625,0.432099,0.444856
20250627,0.530563,0.572016,0.535802
20250630,0.497508,0.144033,0.277778
20250701,0.488416,0.082305,0.234979
20250702,0.474797,0.026063,0.193416
20250703,0.488093,0.082305,0.234156
20250704,0.497585,0.14952,0.277778
20250707,0.496938,0.146776,0.274486
20250708,0.488828,0.091907,0.239095
20250709,0.483726,0.061728,0.216872
20250710,0.512854,0.327846,0.379835
20250711,0.526797,0.534979,0.502469
20250714,0.490979,0.105624,0.247325
20250715,0.488183,0.08642,0.234979
20250716,0.503656,0.216735,0.314815
20250717,0.503416,0.215364,0.31358
20250718,0.507178,0.252401,0.333745
20250721,0.4757,0.028807,0.195062
20250722,0.481965,0.057613,0.2107
20250723,0.494546,0.139918,0.263374
20250724,0.503278,0.216735,0.311934
20250725,0.497179,0.159122,0.274897
20250728,0.498958,0.178326,0.286008
20250729,0.502197,0.207133,0.304115
20250730,0.492942,0.127572,0.253086
20250731,0.507885,0.271605,0.338683
20250801,0.507357,0.264746,0.334156
20250804,0.484802,0.069959,0.216872
20250805,0.482151,0.060357,0.207819
20250806,0.474669,0.026063,0.186831
20250807,0.489268,0.104252,0.237037
20250808,0.486343,0.079561,0.222222
20250811,0.474889,0.028807,0.18642
20250812,0.501796,0.213992,0.300412
20250813,0.508541,0.289438,0.342798
20250814,0.51096,0.314129,0.360905
20250815,0.526783,0.54321,0.502058
20250818,0.510909,0.312757,0.360082
20250819,0.520819,0.465021,0.447325
20250820,0.510123,0.300412,0.35144
20250821,0.506869,0.26749,0.330041
20250822,0.535182,0.640604,0.58107
20250825,0.527207,0.550069,0.506584
20250826,0.519326,0.443073,0.431687
20250827,0.52672,0.539095,0.500823
20250828,0.5323,0.610425,0.549383
20250829,0.564239,0.888889,0.816049
20250901,0.553969,0.8107,0.746502
20250902,0.555384,0.820302,0.755967
20250903,0.566551,0.901235,0.82716
20250904,0.572078,0.930041,0.854733
20250905,0.571281,0.927298,0.850617
20250908,0.556033,0.824417,0.760494
20250909,0.551674,0.786008,0.728807
20250910,0.57063,0.924554,0.846914
20250911,0.572637,0.938272,0.859671
20250912,0.571054,0.923182,0.848971
20250915,0.571348,0.925926,0.850206
20250916,0.563515,0.875171,0.809053
20250917,0.562632,0.866941,0.802469
20250918,0.562723,0.868313,0.803292
20250919,0.568444,0.909465,0.837449
20250922,0.58063,0.973937,0.895473
20250923,0.575286,0.949246,0.872428
20250924,0.596182,0.994513,0.934568
20250925,0.601111,0.997257,0.944444
20250926,0.587958,0.980796,0.911523
20250929,0.597446,0.994513,0.936626
20250930,0.603332,1.0,0.948971
20251009,0.595878,0.989026,0.93251
20251010,0.589976,0.983539,0.914815
20251013,0.577359,0.946502,0.877366
20251014,0.589489,0.980796,0.91358
20251015,0.577588,0.94513,0.877366
20251016,0.569208,0.895748,0.835391
20251017,0.555833,0.788752,0.74856
20251020,0.570777,0.903978,0.841152
20251021,0.575607,0.935528,0.869136
20251022,0.556411,0.796982,0.753909
20251023,0.534725,0.596708,0.560082
20251024,0.567016,0.8738,0.821811
20251027,0.582005,0.965706,0.893416
20251028,0.572946,0.920439,0.855144
20251029,0.586807,0.972565,0.90823
20251030,0.585785,0.967078,0.903704
20251031,0.570126,0.893004,0.836214
20251103,0.545533,0.698217,0.671605
20251104,0.542869,0.66941,0.644033
20251105,0.545586,0.699588,0.672016
20251106,0.566093,0.860082,0.813992
20251107,0.553605,0.754458,0.727984
20251110,0.560648,0.816187,0.776955
20251111,0.5471,0.709191,0.684362
20251112,0.545171,0.685871,0.663374
20251113,0.552511,0.746228,0.719342
20251114,0.529685,0.51989,0.509053
20251117,0.529348,0.514403,0.505761
20251118,0.548341,0.718793,0.692593
20251119,0.539824,0.62963,0.611934
20251120,0.557016,0.78738,0.753086
20251121,0.522568,0.434842,0.439506
20251124,0.551567,0.735254,0.713169
20251125,0.560702,0.817558,0.777366
20251126,0.574243,0.927298,0.861728
20251127,0.575954,0.932785,0.868724
20251128,0.555574,0.766804,0.741152
20251201,0.55491,0.757202,0.733745
20251202,0.556725,0.781893,0.750206
20251203,0.55632,0.776406,0.746914
20251204,0.556697,0.780521,0.749383
20251205,0.567254,0.865569,0.820165
20251208,0.580915,0.958848,0.891358
20251209,0.586955,0.972565,0.90823
20251210,0.576973,0.935528,0.87284
20251211,0.578571,0.943759,0.879424
20251212,0.585784,0.964335,0.902881
20251215,0.574131,0.917695,0.858436
20251216,0.559789,0.796982,0.765844
20251217,0.577593,0.935528,0.874486
20251218,0.578481,0.941015,0.878601
20251219,0.55588,0.750343,0.737037
20251222,0.576307,0.925926,0.868313
20251223,0.590251,0.983539,0.916461
20251224,0.583652,0.960219,0.895885
20251225,0.571942,0.886145,0.841152
20251226,0.581706,0.954733,0.890123
20251229,0.580252,0.946502,0.88642
20251230,0.593195,0.987654,0.925926
20251231,0.593332,0.987654,0.926337
20260105,0.57879,0.935528,0.878189
20260106,0.576842,0.919067,0.867078
20260107,0.580711,0.947874,0.887654
20260108,0.574358,0.902606,0.855144
20260109,0.568023,0.846365,0.817284
20260112,0.545907,0.651578,0.657613
20260113,0.555274,0.722908,0.726337
20260114,0.552407,0.696845,0.704527
20260115,0.562363,0.798354,0.78107
20260116,0.562593,0.799726,0.782305
20260119,0.545986,0.652949,0.657202
20260120,0.546933,0.659808,0.666667
20260121,0.557821,0.759945,0.747325
20260122,0.566071,0.825789,0.803292
20260123,0.5538,0.706447,0.714403
20260126,0.537858,0.556927,0.57284
20260127,0.555085,0.716049,0.722222
20260128,0.580392,0.942387,0.885185
20260129,0.580789,0.947874,0.888066
20260130,0.561806,0.786008,0.776132
20260202,0.565032,0.816187,0.796708
20260203,0.599939,0.994513,0.940741
20260204,0.585168,0.956104,0.898765
20260205,0.569231,0.85048,0.821811
20260206,0.564138,0.803841,0.790535
20260209,0.569141,0.846365,0.820576
20260210,0.56979,0.853224,0.823457
20260211,0.576488,0.910837,0.864609
20260212,0.578804,0.928669,0.876132
20260213,0.575177,0.895748,0.855144
20260224,0.56441,0.798354,0.788889
20260225,0.567744,0.82716,0.810288
20260226,0.572465,0.8738,0.839506
20260227,0.578039,0.921811,0.870782
20260302,0.554983,0.689986,0.713992
20260303,0.551801,0.663923,0.690947
20260304,0.563,0.783265,0.779012
20260305,0.575481,0.895748,0.85679
20260306,0.556014,0.707819,0.725103
20260309,0.561213,0.758573,0.765021
20260310,0.572464,0.869684,0.838272
20260311,0.576517,0.908093,0.863786
20260312,0.569565,0.839506,0.81893
20260313,0.562506,0.768176,0.772016
20260316,0.564103,0.784636,0.784362
20260317,0.56006,0.740741,0.751029
20260318,0.575193,0.891632,0.854321
20260319,0.566064,0.799726,0.795473
20260320,0.581725,0.949246,0.888477
20260323,0.537642,0.51166,0.557613
20260324,0.557997,0.721536,0.736214
20260325,0.584053,0.954733,0.895885
20260326,0.57986,0.930041,0.880658
20260327,0.56965,0.835391,0.817695
20260330,0.562562,0.759945,0.769547
20260331,0.570194,0.84225,0.820576
20260401,0.571216,0.849108,0.826749
20260402,0.559727,0.727023,0.74321
20260403,0.565883,0.792867,0.790947
20260407,0.573204,0.8738,0.841975
20260408,0.575279,0.887517,0.853498
20260409,0.593468,0.986283,0.926337
20260410,0.605198,1.0,0.950206
20260413,0.59824,0.990398,0.937037
20260414,0.605418,1.0,0.950617
20260415,0.597182,0.986283,0.933333
20260416,0.594245,0.980796,0.926337
20260417,0.592924,0.973937,0.919342
20260420,0.593465,0.978052,0.923868
20260421,0.588138,0.961591,0.904527
20260422,0.601089,0.99177,0.942798
20260423,0.600823,0.990398,0.941152
20260424,0.613746,1.0,0.963374
20260427,0.592928,0.96845,0.917695
20260428,0.576189,0.887517,0.853909
20260429,0.587175,0.953361,0.901235
20260430,0.592562,0.965706,0.915638
20260506,0.595845,0.97668,0.928807
20260507,0.597872,0.983539,0.934156
20260508,0.583451,0.9369,0.885597
20260511,0.588386,0.953361,0.902058
20260512,0.593633,0.972565,0.922222
20260513,0.598178,0.983539,0.934979
20260514,0.598173,0.983539,0.934568
20260515,0.600811,0.990398,0.940329
20260518,0.589979,0.957476,0.90535
20260519,0.591795,0.958848,0.911523
20260520,0.598099,0.982167,0.933745
20260521,0.590924,0.956104,0.909053
20260522,0.60157,0.994513,0.944444
20260525,0.615502,1.0,0.96749
20260526,0.622593,1.0,0.978189
20260527,0.627116,1.0,0.982305
20260528,0.623753,0.998628,0.978189
20260529,0.618985,0.995885,0.971605
20260601,0.616629,0.994513,0.969136
20260602,0.624956,0.998628,0.979424
20260603,0.651396,1.0,0.992593
20260604,0.634429,0.998628,0.985597
20260605,0.638293,0.998628,0.987654
20260608,0.612683,0.984911,0.956379
20260609,0.634721,0.997257,0.985597
20260610,0.626598,0.993141,0.978601
20260611,0.632408,0.994513,0.983539
20260612,0.640081,0.998628,0.988066
20260615,0.630229,0.99177,0.981893
20260616,0.640604,0.998628,0.988477
20260617,0.651984,1.0,0.992593
20260618,0.657746,1.0,0.993827
20260622,0.647201,0.995885,0.990535
20260623,0.654524,0.998628,0.993004
20260624,0.656006,0.998628,0.993416
20260625,0.669369,1.0,0.997531
20260626,0.676751,1.0,0.999177
20260629,0.66739,0.997257,0.996296
20260630,0.66384,0.995885,0.99465
20260701,0.654366,0.990398,0.990535
20260702,0.645577,0.984911,0.98642
20260703,0.641734,0.983539,0.985185
20260706,0.637799,0.978052,0.981481
20260707,0.6405,0.980796,0.983128
20260708,0.653255,0.989026,0.989712
20260709,0.676142,0.998628,0.998354
20260710,0.671761,0.997257,0.996708
20260713,0.647911,0.982167,0.98642
20260714,0.669829,0.995885,0.996296
20260715,0.644238,0.97668,0.983128
20260716,0.635852,0.967078,0.976955
20260717,0.623888,0.956104,0.965432
20260720,0.619167,0.951989,0.958848
20260721,0.637113,0.967078,0.977778
20260722,0.667937,0.993141,0.995062
20260723,0.646202,0.97668,0.984362
20260724,0.637937,0.965706,0.977778
20260727,0.659595,0.989026,0.991358
20260728,0.649829,0.978052,0.986008
20260729,0.633326,0.954733,0.972016
20260730,0.637276,0.960219,0.97572
20260731,0.638035,0.962963,0.976955
20260803,0.607661,0.931413,0.934156
20260804,0.623095,0.941015,0.960494
20260805,0.653125,0.980796,0.987243
20260806,0.635202,0.953361,0.972428
20260807,0.643962,0.96845,0.980658
20260810,0.633958,0.947874,0.969959
20260811,0.630288,0.943759,0.96749
20260812,0.622518,0.931413,0.957202
20260813,0.629427,0.941015,0.966255
20260814,0.618784,0.925926,0.950617
20260817,0.636298,0.953361,0.97284
20260818,0.629159,0.938272,0.965432
20260819,0.626655,0.935528,0.961317
