轮次,因子,分类,公式,含义,IC,IC_IR,Top组年化,市场年化,超额年化,回撤,Sharpe,Calmar,判定
Round1,amt_log,流动性,"-log(mean(AMT,20)+1)",小成交额(20日均),0.0647,0.4159,0.1283,0.0895,0.0339,-0.161,0.4324,0.2108,Calmar=0.21<0.5
Round1,amp20,价格结构,"-mean((H-L)/C,20)",20日平均振幅(反向),0.0645,0.3225,-0.0268,0.0903,-0.1287,-0.7143,-0.9732,-0.1801,超额为负
Round1,turn_vol,流动性,"-std(TR,20)",换手率稳定性,0.0627,0.3838,-0.009,0.0895,-0.1086,-0.659,-0.9636,-0.1648,超额为负
Round1,vol20,波动,"-std(ret,20)",低波动(20日),0.0613,0.3274,-0.0341,0.0895,-0.1343,-0.7287,-1.0536,-0.1843,超额为负
Round1,hl_range,价格结构,-(H-L)/C,日内振幅(反向),0.0583,0.3793,-0.0485,0.0895,-0.1417,-0.7374,-1.4142,-0.1922,超额为负
Round1,turn20,流动性,"-mean(TR,20)",低换手率,0.0566,0.3103,-0.0123,0.0895,-0.1131,-0.6752,-0.9545,-0.1676,超额为负
Round1,vol60,波动,"-std(ret,60)",低波动(60日),0.0566,0.2756,-0.0222,0.0895,-0.1244,-0.7071,-0.9201,-0.176,超额为负
Round1,intraday20,日内,"-mean((C-O)/O,20)",20日平均日内涨跌(反向),-0.0559,-0.3999,-0.251,0.0895,-0.3125,-0.9601,-2.7424,-0.3255,超额为负
Round1,mom60,动量,"mean(ret,60)",60日动量,-0.0511,-0.3196,-0.195,0.0895,-0.2608,-0.9343,-1.6658,-0.2792,超额为负
Round1,mom20_rev,反转,"-mean(ret,20)",20日反转,0.0502,0.3317,-0.0053,0.0895,-0.0788,-0.6061,-0.6293,-0.1301,超额为负
Round1,corr_cp20,量价,"-corr(C,V,20)",价量相关性,0.0484,0.5094,0.0485,0.0895,-0.0375,-0.356,-0.4857,-0.1052,超额为负
Round1,amt_chg,流动性,"mean(AMT,5)/mean(AMT,60)",成交额放量,-0.0481,-0.3995,-0.2207,0.0895,-0.2863,-0.9452,-3.0441,-0.3029,超额为负
Round1,turn_chg,流动性,"mean(TR,5)/mean(TR,60)",换手率放大,-0.0429,-0.4014,-0.1997,0.0895,-0.2657,-0.93,-3.1785,-0.2857,超额为负
Round1,vol_ret_div,量价,"-std(ret,20)/mean(TR,20)",单位换手的波动,-0.0373,-0.2693,-0.186,0.0895,-0.244,-0.9132,-2.5313,-0.2672,超额为负
Round1,price_pos60,反转,"-pos(C,60)",价格在60日区间的相对位置(反向),0.0358,0.242,-0.0522,0.0895,-0.127,-0.7342,-1.4183,-0.173,超额为负
Round1,corr_vr60,量价,"-corr(V,ret,60)",量价相关性(60日),0.0273,0.3169,0.0132,0.0895,-0.0716,-0.5042,-1.174,-0.1421,超额为负
Round1,vwap_dev20,日内,"-mean((C-VWAP)/VWAP,20)",20日平均VWAP偏离(反向),-0.0265,-0.2164,-0.2071,0.09,-0.2765,-0.9379,-3.3197,-0.2949,超额为负
Round1,price_pos20,反转,"-pos(C,20)",价格在20日区间的相对位置(反向),0.0264,0.1954,-0.0566,0.0895,-0.1308,-0.7414,-1.4525,-0.1764,超额为负
Round1,vol_ratio,波动,"-std(ret,20)/std(ret,60)",短期波动相对长期(低=波动收敛),0.0259,0.2814,-0.0026,0.0895,-0.0844,-0.5384,-1.4499,-0.1567,超额为负
Round1,corr_vr20,量价,"-corr(V,ret,20)",量价相关性(20日),0.0251,0.2922,-0.0171,0.0895,-0.0989,-0.6069,-1.9774,-0.163,超额为负
Round1,rev_5d,反转,"-mean(ret,5)",5日反转,0.0243,0.1721,-0.0754,0.0895,-0.1444,-0.7645,-1.2846,-0.1889,超额为负
Round1,down_shadow,价格结构,"mean((min(O,C)-L)/(H-L),20)",20日平均下影线,0.0226,0.2285,-0.0275,0.0903,-0.1159,-0.6714,-1.9035,-0.1726,超额为负
Round1,vol_chg,波动,"-std(ret,20)/std(ret,20).shift(20)",波动率变化(低=波动下降),0.0224,0.2597,-0.0101,0.0895,-0.0918,-0.561,-1.765,-0.1636,超额为负
Round1,gap20,跳空,"-mean((O-PC)/PC,20)",20日平均跳空(反向),-0.0198,-0.2664,-0.1577,0.0895,-0.2206,-0.8815,-2.9727,-0.2503,|IC|<0.02
Round1,gap,跳空,-(O-PC)/PC,跳空幅度(反向),-0.0175,-0.2341,-0.1828,0.0895,-0.2478,-0.9131,-3.5616,-0.2714,|IC|<0.02
Round1,mf_xl_vol,资金流,"-std(MFX,20)",资金流稳定性,0.0116,0.1824,0.0069,0.095,-0.0811,-0.5347,-1.9262,-0.1517,|IC|<0.02
Round1,intraday,日内,-(C-O)/O,日内涨跌(反向),-0.0112,-0.0859,-0.1416,0.0895,-0.2123,-0.8785,-2.2424,-0.2416,|IC|<0.02
Round1,upper_shadow,价格结构,"-(H-max(O,C))/(H-L)",上影线占比(反向),0.01,0.1226,-0.0198,0.0895,-0.1036,-0.6156,-2.0224,-0.1683,|IC|<0.02
Round1,mf_xl20,资金流,"mean(MFX,20)",大单特大单净流入占比(20日),-0.0089,-0.1336,-0.0443,0.095,-0.1327,-0.7244,-2.6098,-0.1832,|IC|<0.02
Round1,mf_net_trd,资金流,"delta(mean(MFN,10),10)",净流入趋势,0.0075,0.0836,0.033,0.0954,-0.0634,-0.4582,-0.9107,-0.1384,|IC|<0.02
Round1,mf_net10,资金流,"mean(MFN,10)",净流入占比(10日),0.0073,0.072,0.0581,0.0948,-0.0467,-0.3775,-0.4766,-0.1237,|IC|<0.02
Round1,mf_xl10,资金流,"mean(MFX,10)",大单特大单净流入占比(10日),-0.0069,-0.1054,-0.0423,0.0948,-0.1307,-0.7227,-2.6218,-0.1808,|IC|<0.02
Round1,mf_xl5,资金流,"mean(MFX,5)",大单特大单净流入占比(5日),-0.0063,-0.0946,-0.0334,0.0946,-0.1221,-0.697,-2.4624,-0.1751,|IC|<0.02
Round1,rev_1d,反转,-ret,1日反转,0.0057,0.0421,-0.1214,0.0895,-0.1912,-0.8407,-1.9616,-0.2274,|IC|<0.02
Round1,lower_shadow,价格结构,"(min(O,C)-L)/(H-L)",下影线占比,0.0038,0.0478,-0.0448,0.0895,-0.1278,-0.6887,-2.3033,-0.1855,|IC|<0.02
Round1,mf_net20,资金流,"mean(MFN,20)",净流入占比(20日),0.0036,0.034,0.0271,0.095,-0.0739,-0.5193,-0.7255,-0.1423,|IC|<0.02
Round1,vwap_dev,日内,-(C-VWAP)/VWAP,收盘相对VWAP偏离(反向),-0.0033,-0.0262,-0.1357,0.0895,-0.209,-0.8713,-2.4615,-0.2399,|IC|<0.02
Round1,mf_xl_trd,资金流,"delta(mean(MFX,10),10)",资金流趋势(近10日减前10日),-0.002,-0.038,-0.0056,0.0954,-0.0946,-0.6023,-2.3874,-0.1571,|IC|<0.02
Round1,close_pos,价格结构,-(C-L)/(H-L),收盘在日内区间位置(反向),-0.0017,-0.0152,-0.0651,0.0895,-0.1485,-0.7498,-2.0236,-0.198,|IC|<0.02
Round2,ln_mktcap,市值,-log(MC),小市值(对数总市值),0.0258,0.1386,0.1548,0.0895,0.0688,-0.1967,,0.3499,Calmar=0.35<0.5
Round2,amt_log10,流动性,"-log(mean(AMT,10)+1)",小成交额(10日),0.0707,0.4575,0.1322,0.0895,0.0382,-0.1546,,0.2469,Calmar=0.25<0.5
Round2,amt_std20,流动性,"-std(AMT,20)",成交额稳定性(反向),0.0736,0.5108,0.1298,0.0895,0.0371,-0.1673,,0.2217,Calmar=0.22<0.5
Round2,amt_log20,流动性,"-log(mean(AMT,20)+1)",小成交额(20日),0.0647,0.4159,0.1283,0.0895,0.0339,-0.161,,0.2108,Calmar=0.21<0.5
Round2,amt_log3,流动性,"-log(mean(AMT,3)+1)",小成交额(3日),0.0749,0.4899,0.12,0.0895,0.0269,-0.1784,,0.1506,Calmar=0.15<0.5
Round2,amt_log5,流动性,"-log(mean(AMT,5)+1)",小成交额(5日),0.0736,0.4792,0.1179,0.0895,0.0251,-0.1636,,0.1535,Calmar=0.15<0.5
Round2,amt_log40,流动性,"-log(mean(AMT,40)+1)",小成交额(40日),0.0569,0.3678,0.1178,0.0895,0.0236,-0.1567,,0.1505,Calmar=0.15<0.5
Round2,amt_log60,流动性,"-log(mean(AMT,60)+1)",小成交额(60日),0.0523,0.3416,0.1101,0.0895,0.0163,-0.1518,,0.1072,Calmar=0.11<0.5
Round2,amt_log120,流动性,"-log(mean(AMT,120)+1)",小成交额(120日),0.044,0.2954,0.1021,0.0895,0.0089,-0.1645,,0.0544,Calmar=0.05<0.5
Round2,mix_amt_rev,交叉,0.5*rank(amt_log20)+0.5*rank(rev_5d),小成交额与反转等权,0.0623,0.432,0.0759,0.0895,-0.0094,-0.1806,,-0.0521,超额为负
Round2,ix_amt_mfxl,交叉,rank(amt_log20)*rank(mfxl20),小成交额 x 资金流,0.0353,0.3141,0.0883,0.095,-0.0095,-0.1905,,-0.0498,超额为负
Round2,ix_amt_rev5,交叉,rank(amt_log20)*rank(rev_5d),小成交额 x 反转,0.0679,0.4709,0.0749,0.0895,-0.0104,-0.1825,,-0.0568,超额为负
Round2,ix_amt_mom20,交叉,rank(amt_log20)*rank(mom20),小成交额 x 动量,0.02,0.1434,0.0639,0.0895,-0.0305,-0.2582,,-0.118,超额为负
Round2,ix_amt_turnmc,交叉,rank(amt_log20)*rank(turnmc20),小成交额 x 低换手,0.0674,0.4476,0.0649,0.0895,-0.0306,-0.2849,,-0.1075,超额为负
Round2,vol_price_corr,量价,"-corr(V,C,20)",量价相关(成交量vs价格),0.0484,0.5094,0.0485,0.0895,-0.0375,-0.356,,-0.1052,超额为负
Round2,amt_cv20,流动性,"-std(AMT,20)/mean(AMT,20)",成交额变异系数(反向),0.0433,0.602,0.0469,0.0895,-0.0399,-0.3501,,-0.114,超额为负
Round2,amt_price_corr,量价,"-corr(AMT,C,20)",额价相关,0.0495,0.5008,0.042,0.0895,-0.0457,-0.4012,,-0.114,超额为负
Round2,mfnet10,其他,(见代码),mfnet10,0.0073,0.072,0.0581,0.0948,-0.0467,-0.3775,,-0.1237,|IC|<0.02
Round2,mfnet5,资金流,"mean(MFN,5)",净流入(5日),0.0076,0.0728,0.047,0.0946,-0.055,-0.4124,,-0.1333,|IC|<0.02
Round2,mfnet20,资金流,"mean(MFN,20)",净流入(20日),0.0036,0.034,0.0271,0.095,-0.0739,-0.5193,,-0.1423,|IC|<0.02
Round2,mfnet_cons20,资金流,"mean(MFN>0,20)",净流入为正天数占比,0.0056,0.0601,0.0235,0.0945,-0.0757,-0.524,,-0.1445,|IC|<0.02
Round2,ix_mfxl_rev,交叉,rank(mfxl10)*rank(rev_5d),资金流 x 反转,0.0289,0.3203,0.0056,0.0948,-0.08,-0.5537,,-0.1445,超额为负
Round2,mfxl_std20,资金流,"-std(MFX,20)",资金流稳定性,0.0116,0.1824,0.0069,0.095,-0.0811,-0.5347,,-0.1517,|IC|<0.02
Round2,mfxl_pos60,资金流,"pos(MFX,60)",资金流区间位置(60日),0.0091,0.1521,0.0082,0.0953,-0.0819,-0.5334,,-0.1536,|IC|<0.02
Round2,turnmc_chg,流动性,"-mean(TR,5)/mean(TR,60)",换手率变化(反向),0.0429,0.4014,-0.0069,0.0895,-0.0849,-0.5643,,-0.1505,超额为负
Round2,mfxl_min20,资金流,"min(MFX,20)",20日最大净流出,-0.0053,-0.1012,0.0032,0.095,-0.0862,-0.5639,,-0.1528,|IC|<0.02
Round2,mfxl_cons20,资金流,"mean(MFX>0,20)",20日净流入为正的天数占比,-0.0004,-0.0064,0.0051,0.0945,-0.0878,-0.5801,,-0.1513,|IC|<0.02
Round2,mfxl_cons60,资金流,"mean(MFX>0,60)",60日净流入为正的天数占比,0.0059,0.082,0.0058,0.0945,-0.0885,-0.5879,,-0.1505,|IC|<0.02
Round2,up_dn_vol,波动结构,"-mean(ret+,20)/mean(ret-,20)",上行波动/下行波动(反向),0.0401,0.2825,-0.012,0.0895,-0.0901,-0.6264,,-0.1438,超额为负
Round2,mfxl_pos20,资金流,"pos(MFX,20)",资金流区间位置,0.0085,0.1509,-0.0027,0.095,-0.091,-0.5711,,-0.1593,|IC|<0.02
Round2,mfxl_trd20,资金流,"delta(mean(MFX,10),10)",资金流趋势,-0.002,-0.038,-0.0056,0.0954,-0.0946,-0.6023,,-0.1571,|IC|<0.02
Round2,mfnet_pos20,资金流,"pos(MFN,20)",净流入区间位置,-0.0038,-0.0385,-0.0182,0.095,-0.1065,-0.6447,,-0.1651,|IC|<0.02
Round2,mfnet60,资金流,"mean(MFN,60)",净流入(60日),0.0001,0.0008,-0.0112,0.0953,-0.1065,-0.6626,,-0.1607,|IC|<0.02
Round2,mfxl_div,资金流,"mean(MFX,5)/(std(MFX,20)+1e-8)",资金流强度/波动,-0.0078,-0.1144,-0.0165,0.0951,-0.1072,-0.6545,,-0.1638,|IC|<0.02
Round2,turnmc_std20,流动性,"-std(TR,20)",换手率稳定性(反向),0.0627,0.3838,-0.009,0.0895,-0.1086,-0.659,,-0.1648,超额为负
Round2,mfxl3,资金流,"mean(MFX,3)",资金流(3日),-0.0054,-0.0819,-0.0193,0.0946,-0.109,-0.6457,,-0.1688,|IC|<0.02
Round2,turnmc10,流动性,"-log(mean(TR,10)+1e-8)",低换手率(10日),0.0616,0.3447,-0.0104,0.0895,-0.1109,-0.673,,-0.1648,超额为负
Round2,turnmc20,流动性,"-log(mean(TR,20)+1e-8)",低换手率(20日),0.0566,0.3103,-0.0123,0.0895,-0.1131,-0.6752,,-0.1676,超额为负
Round2,amt_rank20,流动性,"-pos(AMT,20)",成交额在区间位置(反向),0.0263,0.2829,-0.0384,0.0895,-0.1155,-0.654,,-0.1766,超额为负
Round2,turnmc_rank20,流动性,"-pos(TR,20)",换手率区间位置(反向),0.0248,0.2869,-0.0376,0.0895,-0.1156,-0.6485,,-0.1783,超额为负
Round2,ret_vol20,交叉,"-std(ret,20)*log(mean(AMT,20)+1)",低波动 x 成交额,0.0648,0.35,-0.0157,0.0895,-0.1164,-0.6736,,-0.1728,超额为负
Round2,turnmc5,流动性,"-log(mean(TR,5)+1e-8)",低换手率(5日),0.0634,0.3622,-0.018,0.0895,-0.1174,-0.691,,-0.1699,超额为负
Round2,mfxl60,资金流,"mean(MFX,60)",资金流(60日),-0.0016,-0.0232,-0.0281,0.0953,-0.1189,-0.6841,,-0.1738,|IC|<0.02
Round2,turn_amp,交叉,"-mean(TR,20)*mean((H-L)/C,20)",换手 x 振幅(反向),0.0618,0.3137,-0.0173,0.0903,-0.12,-0.6959,,-0.1724,超额为负
Round2,mfxl5,资金流,"mean(MFX,5)",资金流(5日),-0.0063,-0.0946,-0.0334,0.0946,-0.1221,-0.697,,-0.1751,|IC|<0.02
Round2,turnmc60,流动性,"-log(mean(TR,60)+1e-8)",低换手率(60日),0.0449,0.2429,-0.0225,0.0895,-0.1228,-0.7011,,-0.1752,超额为负
Round2,mfxl_str,资金流,"mean(MFX,20)*mean(MFX>0,20)",资金流强度x持续性,-0.0095,-0.1624,-0.0415,0.095,-0.1304,-0.7186,,-0.1815,|IC|<0.02
Round2,mfxl10,资金流,"mean(MFX,10)",资金流(10日),-0.0069,-0.1054,-0.0423,0.0948,-0.1307,-0.7227,,-0.1808,|IC|<0.02
Round2,mfxl20,资金流,"mean(MFX,20)",资金流(20日),-0.0089,-0.1336,-0.0443,0.095,-0.1327,-0.7244,,-0.1832,|IC|<0.02
Round2,body_ratio,价格结构,"mean(|C-O|/(H-L),20)",实体占比,-0.005,-0.0614,-0.0635,0.0903,-0.138,-0.7313,,-0.1887,|IC|<0.02
Round2,close_high,价格结构,"-mean((H-C)/(H-L),20)",收盘距最高(反向),-0.0104,-0.0851,-0.1103,0.0903,-0.1938,-0.8445,,-0.2295,|IC|<0.02
Round2,close_low,价格结构,"mean((C-L)/(H-L),20)",收盘距最低,-0.0104,-0.0851,-0.1103,0.0903,-0.1938,-0.8445,,-0.2295,|IC|<0.02
Round2,ret_pos20,动量,"pos(C,20)",价格位置(正向),-0.0264,-0.1954,-0.1294,0.0895,-0.21,-0.8719,,-0.2408,超额为负
Round2,accel,动量,"mean(ret,5)-mean(ret,20)",动量加速度,-0.007,-0.0535,-0.1411,0.0895,-0.2134,-0.8824,,-0.2419,|IC|<0.02
Round2,mfxl_max20,资金流,"max(MFX,20)",20日最大净流入,-0.0169,-0.2974,-0.1472,0.095,-0.2205,-0.8826,,-0.2499,|IC|<0.02
Round3,turnmc_std20,流动性,"-std(TR,20)",换手率稳定性(反向),0.0734,0.5524,0.1161,0.0895,0.0234,-0.1745,,0.1339,Calmar=0.13<0.5
Round3,turn_vol,流动性,"-std(TR,20)",换手率稳定性,0.0734,0.5524,0.1161,0.0895,0.0234,-0.1745,,0.1339,Calmar=0.13<0.5
Round3,amt_cv20,流动性,"-std(AMT,20)/mean(AMT,20)",成交额变异系数(反向),0.0465,0.6921,0.0861,0.0895,0.0008,-0.1642,,0.0047,Calmar=0.00<0.5
Round3,vol_chg,波动,"-std(ret,20)/std(ret,20).shift(20)",波动率变化(低=波动下降),0.0201,0.1489,0.0728,0.0895,-0.0122,-0.2001,,-0.061,超额为负
Round3,turn20,流动性,"-mean(TR,20)",低换手率,0.0651,0.417,0.0674,0.0895,-0.0274,-0.2546,,-0.1075,超额为负
Round3,corr_cp20,量价,"-corr(C,V,20)",价量相关性,0.0484,0.5693,0.0477,0.084,-0.0342,-0.3079,,-0.111,超额为负
Round3,vol_price_corr,量价,"-corr(V,C,20)",量价相关(成交量vs价格),0.0484,0.5693,0.0477,0.084,-0.0342,-0.3079,,-0.111,超额为负
Round3,ix_amt_mfxl,交叉,rank(amt_log20)*rank(mfxl20),小成交额 x 资金流,0.0291,0.2741,0.0643,0.095,-0.0345,-0.299,,-0.1155,超额为负
Round3,turn_amp,交叉,"-mean(TR,20)*mean((H-L)/C,20)",换手 x 振幅(反向),0.0685,0.4115,0.06,0.0903,-0.0356,-0.2923,,-0.122,超额为负
Round3,ix_amt_rev5,交叉,rank(amt_log20)*rank(rev_5d),小成交额 x 反转,0.0634,0.5337,0.045,0.0895,-0.042,-0.3522,,-0.1192,超额为负
Round3,mfnet10,其他,(见代码),mfnet10,0.0091,0.0986,0.0552,0.0948,-0.0441,-0.3511,,-0.1255,|IC|<0.02
Round3,mf_net10,资金流,"mean(MFN,10)",净流入占比(10日),0.0091,0.0986,0.0552,0.0948,-0.0441,-0.3511,,-0.1255,|IC|<0.02
Round3,amt_price_corr,量价,"-corr(AMT,C,20)",额价相关,0.0496,0.5452,0.0366,0.0821,-0.0446,-0.3717,,-0.1201,超额为负
Round3,mfnet5,资金流,"mean(MFN,5)",净流入(5日),0.0088,0.0937,0.0532,0.0946,-0.0454,-0.3513,,-0.1293,|IC|<0.02
Round3,mf_net20,资金流,"mean(MFN,20)",净流入占比(20日),0.0082,0.087,0.0526,0.095,-0.046,-0.3721,,-0.1236,|IC|<0.02
Round3,mfnet20,资金流,"mean(MFN,20)",净流入(20日),0.0082,0.087,0.0526,0.095,-0.046,-0.3721,,-0.1236,|IC|<0.02
Round3,mf_xl_vol,资金流,"-std(MFX,20)",资金流稳定性,0.0158,0.253,0.0344,0.095,-0.0533,-0.3983,,-0.1337,|IC|<0.02
Round3,mfxl_std20,资金流,"-std(MFX,20)",资金流稳定性,0.0158,0.253,0.0344,0.095,-0.0533,-0.3983,,-0.1337,|IC|<0.02
Round3,ix_amt_turnmc,交叉,rank(amt_log20)*rank(turnmc20),小成交额 x 低换手,0.0608,0.3903,0.0414,0.0895,-0.054,-0.4224,,-0.1277,超额为负
Round3,ix_amt_mom20,交叉,rank(amt_log20)*rank(mom20),小成交额 x 动量,0.0146,0.1034,0.0414,0.0895,-0.0543,-0.3789,,-0.1434,|IC|<0.02
Round3,mfnet_cons20,资金流,"mean(MFN>0,20)",净流入为正天数占比,0.0091,0.1113,0.0402,0.0945,-0.0568,-0.4213,,-0.1348,|IC|<0.02
Round3,mix_amt_rev,交叉,0.5*rank(amt_log20)+0.5*rank(rev_5d),小成交额与反转等权,0.0568,0.4687,0.0205,0.0895,-0.0682,-0.4846,,-0.1407,超额为负
Round3,mfnet60,资金流,"mean(MFN,60)",净流入(60日),0.0069,0.0653,0.0257,0.0953,-0.0685,-0.5072,,-0.1351,|IC|<0.02
Round3,turnmc20,流动性,"-log(mean(TR,20)+1e-8)",低换手率(20日),0.0654,0.3945,0.0244,0.0895,-0.0738,-0.526,,-0.1404,超额为负
Round3,ln_mktcap,市值,-log(MC),小市值(对数总市值),-0.1289,-0.7823,0.0018,0.0895,-0.0749,-0.5836,,-0.1283,超额为负
Round3,mf_net_trd,资金流,"delta(mean(MFN,10),10)",净流入趋势,0.0046,0.0548,0.0189,0.0954,-0.075,-0.5113,,-0.1468,|IC|<0.02
Round3,amt_log20,流动性,"-log(mean(AMT,20)+1)",小成交额(20日),0.0632,0.3789,0.0228,0.0895,-0.0755,-0.5322,,-0.1418,超额为负
Round3,amt_log,流动性,"-log(mean(AMT,20)+1)",小成交额(20日均),0.0632,0.3789,0.0228,0.0895,-0.0755,-0.5322,,-0.1418,超额为负
Round3,vol_ratio,波动,"-std(ret,20)/std(ret,60)",短期波动相对长期(低=波动收敛),0.0278,0.322,0.0064,0.0895,-0.0758,-0.5043,,-0.1503,超额为负
Round3,mfxl_pos60,资金流,"pos(MFX,60)",资金流区间位置(60日),0.0096,0.1747,0.0137,0.0953,-0.0766,-0.5058,,-0.1514,|IC|<0.02
Round3,mfxl_min20,资金流,"min(MFX,20)",20日最大净流出,-0.0026,-0.0524,0.0089,0.095,-0.0788,-0.5305,,-0.1486,|IC|<0.02
Round3,turnmc10,流动性,"-log(mean(TR,10)+1e-8)",低换手率(10日),0.0705,0.4345,0.0173,0.0895,-0.0802,-0.555,,-0.1446,超额为负
Round3,amt_log10,流动性,"-log(mean(AMT,10)+1)",小成交额(10日),0.0695,0.4266,0.0173,0.0895,-0.0803,-0.5548,,-0.1447,超额为负
Round3,amt_log40,流动性,"-log(mean(AMT,40)+1)",小成交额(40日),0.0544,0.323,0.0175,0.0895,-0.0805,-0.5447,,-0.1478,超额为负
Round3,turnmc5,流动性,"-log(mean(TR,5)+1e-8)",低换手率(5日),0.0721,0.4536,0.0159,0.0895,-0.0815,-0.56,,-0.1455,超额为负
Round3,amt_log5,流动性,"-log(mean(AMT,5)+1)",小成交额(5日),0.0717,0.4495,0.0153,0.0895,-0.0819,-0.5589,,-0.1465,超额为负
Round3,ix_mfxl_rev,交叉,rank(mfxl10)*rank(rev_5d),资金流 x 反转,0.028,0.3553,0.0033,0.0948,-0.083,-0.5581,,-0.1488,超额为负
Round3,turnmc_chg,流动性,"-mean(TR,5)/mean(TR,60)",换手率变化(反向),0.0423,0.4237,-0.0042,0.0895,-0.0832,-0.5529,,-0.1504,超额为负
Round3,amt_log3,流动性,"-log(mean(AMT,3)+1)",小成交额(3日),0.0724,0.461,0.013,0.0895,-0.0838,-0.5682,,-0.1475,超额为负
Round3,mfxl_cons60,资金流,"mean(MFX>0,60)",60日净流入为正的天数占比,0.007,0.1077,0.01,0.0945,-0.084,-0.5629,,-0.1493,|IC|<0.02
Round3,turnmc60,流动性,"-log(mean(TR,60)+1e-8)",低换手率(60日),0.0539,0.3223,0.0115,0.0895,-0.0856,-0.5684,,-0.1506,超额为负
Round3,corr_vr60,量价,"-corr(V,ret,60)",量价相关性(60日),0.0254,0.3515,0.0005,0.0895,-0.0857,-0.5619,,-0.1525,超额为负
Round3,mom20_rev,反转,"-mean(ret,20)",20日反转,0.0477,0.3511,-0.0106,0.0895,-0.0863,-0.6271,,-0.1376,超额为负
Round3,mfxl_pos20,资金流,"pos(MFX,20)",资金流区间位置,0.0086,0.1654,0.0008,0.095,-0.0877,-0.5511,,-0.1591,|IC|<0.02
Round3,amt_log60,流动性,"-log(mean(AMT,60)+1)",小成交额(60日),0.049,0.2919,0.0091,0.0895,-0.0882,-0.5715,,-0.1544,超额为负
Round3,amt_log120,流动性,"-log(mean(AMT,120)+1)",小成交额(120日),0.039,0.2411,0.005,0.0895,-0.0918,-0.5784,,-0.1588,超额为负
Round3,mfxl_cons20,资金流,"mean(MFX>0,20)",20日净流入为正的天数占比,-0.0005,-0.0084,-0.0012,0.0945,-0.0929,-0.5946,,-0.1563,|IC|<0.02
Round3,mfxl_trd20,资金流,"delta(mean(MFX,10),10)",资金流趋势,-0.002,-0.0397,-0.0057,0.0954,-0.0952,-0.6024,,-0.158,|IC|<0.02
Round3,mf_xl_trd,资金流,"delta(mean(MFX,10),10)",资金流趋势(近10日减前10日),-0.002,-0.0397,-0.0057,0.0954,-0.0952,-0.6024,,-0.158,|IC|<0.02
Round3,up_dn_vol,波动结构,"-mean(ret+,20)/mean(ret-,20)",上行波动/下行波动(反向),0.0126,0.0852,-0.0098,0.0895,-0.0977,-0.658,,-0.1485,|IC|<0.02
Round3,corr_vr20,量价,"-corr(V,ret,20)",量价相关性(20日),0.0237,0.3148,-0.0221,0.0895,-0.1048,-0.6252,,-0.1677,超额为负
Round3,upper_shadow,价格结构,"-(H-max(O,C))/(H-L)",上影线占比(反向),0.0094,0.1291,-0.0241,0.0895,-0.1059,-0.6162,,-0.1718,|IC|<0.02
Round3,turnmc_rank20,流动性,"-pos(TR,20)",换手率区间位置(反向),0.0234,0.2913,-0.0241,0.0895,-0.1062,-0.6173,,-0.1721,超额为负
Round3,amt_rank20,流动性,"-pos(AMT,20)",成交额在区间位置(反向),0.0248,0.2877,-0.0252,0.0895,-0.1067,-0.6261,,-0.1704,超额为负
Round3,down_shadow,价格结构,"mean((min(O,C)-L)/(H-L),20)",20日平均下影线,0.0241,0.2581,-0.0181,0.0903,-0.1071,-0.642,,-0.1669,超额为负
Round3,vol60,波动,"-std(ret,60)",低波动(60日),0.06,0.3148,-0.0126,0.0895,-0.111,-0.6609,,-0.168,超额为负
Round3,mfxl_div,资金流,"mean(MFX,5)/(std(MFX,20)+1e-8)",资金流强度/波动,-0.0091,-0.1414,-0.0232,0.0951,-0.1136,-0.6742,,-0.1684,|IC|<0.02
Round3,mfxl3,资金流,"mean(MFX,3)",资金流(3日),-0.0061,-0.1006,-0.028,0.0946,-0.1169,-0.6714,,-0.1742,|IC|<0.02
Round3,vol20,波动,"-std(ret,20)",低波动(20日),0.0644,0.3728,-0.0211,0.0895,-0.1181,-0.6835,,-0.1728,超额为负
Round3,mfxl60,资金流,"mean(MFX,60)",资金流(60日),-0.0016,-0.0231,-0.0283,0.0953,-0.1186,-0.6795,,-0.1746,|IC|<0.02
Round3,amp20,价格结构,"-mean((H-L)/C,20)",20日平均振幅(反向),0.0675,0.3625,-0.0213,0.0903,-0.1196,-0.6879,,-0.1738,超额为负
Round3,mfnet_pos20,资金流,"pos(MFN,20)",净流入区间位置,-0.0047,-0.0512,-0.034,0.095,-0.1203,-0.6879,,-0.1749,|IC|<0.02
Round3,hl_range,价格结构,-(H-L)/C,日内振幅(反向),0.0599,0.423,-0.0289,0.0895,-0.1207,-0.6835,,-0.1765,超额为负
Round3,ret_vol20,交叉,"-std(ret,20)*log(mean(AMT,20)+1)",低波动 x 成交额,0.0652,0.3688,-0.025,0.0895,-0.1225,-0.699,,-0.1753,超额为负
Round3,mfxl5,资金流,"mean(MFX,5)",资金流(5日),-0.0072,-0.1146,-0.0342,0.0946,-0.1227,-0.6982,,-0.1757,|IC|<0.02
Round3,mf_xl5,资金流,"mean(MFX,5)",大单特大单净流入占比(5日),-0.0072,-0.1146,-0.0342,0.0946,-0.1227,-0.6982,,-0.1757,|IC|<0.02
Round3,lower_shadow,价格结构,"(min(O,C)-L)/(H-L)",下影线占比,0.0053,0.0725,-0.0432,0.0895,-0.1257,-0.6831,,-0.1841,|IC|<0.02
Round3,mfxl10,资金流,"mean(MFX,10)",资金流(10日),-0.0077,-0.1215,-0.0421,0.0948,-0.1307,-0.7221,,-0.1811,|IC|<0.02
Round3,mf_xl10,资金流,"mean(MFX,10)",大单特大单净流入占比(10日),-0.0077,-0.1215,-0.0421,0.0948,-0.1307,-0.7221,,-0.1811,|IC|<0.02
Round3,price_pos20,反转,"-pos(C,20)",价格在20日区间的相对位置(反向),0.0227,0.1868,-0.0517,0.0895,-0.1314,-0.7391,,-0.1777,超额为负
Round3,amt_std20,流动性,"-std(AMT,20)",成交额稳定性(反向),0.0379,0.2515,-0.0337,0.0895,-0.1321,-0.7296,,-0.181,超额为负
Round3,mfxl_str,资金流,"mean(MFX,20)*mean(MFX>0,20)",资金流强度x持续性,-0.0104,-0.1878,-0.0442,0.095,-0.1327,-0.7245,,-0.1832,|IC|<0.02
Round3,mf_xl20,资金流,"mean(MFX,20)",大单特大单净流入占比(20日),-0.0099,-0.1549,-0.0487,0.095,-0.1368,-0.7344,,-0.1863,|IC|<0.02
Round3,mfxl20,资金流,"mean(MFX,20)",资金流(20日),-0.0099,-0.1549,-0.0487,0.095,-0.1368,-0.7344,,-0.1863,|IC|<0.02
Round3,rev_5d,反转,"-mean(ret,5)",5日反转,0.0244,0.192,-0.0712,0.0895,-0.1415,-0.756,,-0.1871,超额为负
Round3,body_ratio,价格结构,"mean(|C-O|/(H-L),20)",实体占比,-0.008,-0.1186,-0.0705,0.0903,-0.1459,-0.7507,,-0.1943,|IC|<0.02
Round3,price_pos60,反转,"-pos(C,60)",价格在60日区间的相对位置(反向),0.0309,0.2372,-0.0718,0.0895,-0.1502,-0.7948,,-0.189,超额为负
Round3,vol_ret_div,量价,"-std(ret,20)/mean(TR,20)",单位换手的波动,-0.035,-0.2689,-0.0946,0.0895,-0.1695,-0.8263,,-0.2051,超额为负
Round3,close_pos,价格结构,-(C-L)/(H-L),收盘在日内区间位置(反向),-0.0018,-0.0178,-0.0918,0.0895,-0.1724,-0.8036,,-0.2146,|IC|<0.02
Round3,rev_1d,反转,-ret,1日反转,0.0062,0.0511,-0.1155,0.0895,-0.1851,-0.8284,,-0.2234,|IC|<0.02
Round3,close_high,价格结构,"-mean((H-C)/(H-L),20)",收盘距最高(反向),-0.0111,-0.0991,-0.1148,0.0903,-0.1968,-0.8488,,-0.2318,|IC|<0.02
Round3,close_low,价格结构,"mean((C-L)/(H-L),20)",收盘距最低,-0.0111,-0.0991,-0.1148,0.0903,-0.1968,-0.8488,,-0.2318,|IC|<0.02
Round3,accel,动量,"mean(ret,5)-mean(ret,20)",动量加速度,-0.0079,-0.0667,-0.1393,0.0895,-0.2108,-0.8786,,-0.24,|IC|<0.02
Round3,intraday,日内,-(C-O)/O,日内涨跌(反向),-0.0123,-0.1038,-0.1486,0.0895,-0.219,-0.8868,,-0.2469,|IC|<0.02
Round3,gap20,跳空,"-mean((O-PC)/PC,20)",20日平均跳空(反向),-0.0224,-0.3271,-0.1585,0.0895,-0.2216,-0.8832,,-0.2509,超额为负
Round3,mfxl_max20,资金流,"max(MFX,20)",20日最大净流入,-0.0225,-0.3606,-0.1486,0.095,-0.2225,-0.8851,,-0.2514,超额为负
Round3,ret_pos20,动量,"pos(C,20)",价格位置(正向),-0.0227,-0.1868,-0.1469,0.0895,-0.2248,-0.8882,,-0.2531,超额为负
Round3,gap,跳空,-(O-PC)/PC,跳空幅度(反向),-0.0187,-0.255,-0.1828,0.0895,-0.2475,-0.9127,,-0.2711,|IC|<0.02
Round3,mom60,动量,"mean(ret,60)",60日动量,-0.0472,-0.3326,-0.2015,0.0895,-0.2647,-0.936,,-0.2828,超额为负
Round3,turn_chg,流动性,"mean(TR,5)/mean(TR,60)",换手率放大,-0.0423,-0.4237,-0.2021,0.0895,-0.2674,-0.9313,,-0.2871,超额为负
Round3,vwap_dev20,日内,"-mean((C-VWAP)/VWAP,20)",20日平均VWAP偏离(反向),-0.0255,-0.2312,-0.2063,0.09,-0.2742,-0.9361,,-0.2929,超额为负
Round3,amt_chg,流动性,"mean(AMT,5)/mean(AMT,60)",成交额放量,-0.0461,-0.4187,-0.2166,0.0895,-0.2813,-0.9418,,-0.2986,超额为负
Round3,intraday20,日内,"-mean((C-O)/O,20)",20日平均日内涨跌(反向),-0.0547,-0.4308,-0.2547,0.0895,-0.3142,-0.9609,,-0.327,超额为负
Round4,barra_beta,BARRA,barra.beta,贝塔暴露,-0.0047,-0.0218,0.0074,0.0895,-0.0583,-0.5742,,-0.1015,|IC|<0.02
Round4,barra_comovement,BARRA,barra.comovement,共动性暴露,,,0.0024,0.0895,-0.0744,-0.5828,,-0.1276,超额为负
Round4,barra_growth,BARRA,barra.growth,成长暴露,0.0006,0.0066,-0.0062,0.0895,-0.0842,-0.5476,,-0.1538,|IC|<0.02
Round4,barra_book_to_price,BARRA,barra.book_to_price,账面市值比(价值),0.0336,0.1992,-0.0122,0.0895,-0.1083,-0.661,,-0.1639,超额为负
Round4,barra_earnings_yield,BARRA,barra.earnings_yield,盈利收益率,0.0209,0.1429,-0.0242,0.0895,-0.1205,-0.7097,,-0.1697,超额为负
Round4,barra_leverage,BARRA,barra.leverage,杠杆暴露,-0.0019,-0.0176,-0.0391,0.0895,-0.1269,-0.7032,,-0.1804,|IC|<0.02
Round4,barra_non_linear_size,BARRA,barra.non_linear_size,非线性市值(中盘),-0.0316,-0.2623,-0.0555,0.0895,-0.1344,-0.7158,,-0.1877,超额为负
Round4,barra_momentum,BARRA,barra.momentum,动量暴露,-0.0175,-0.1051,-0.0745,0.0895,-0.1496,-0.8047,,-0.1859,|IC|<0.02
Round4,barra_size,BARRA,barra.size,市值暴露(高=大市值),-0.0259,-0.1389,-0.0574,0.0895,-0.1517,-0.783,,-0.1937,超额为负
Round4,barra_liquidity,BARRA,barra.liquidity,流动性暴露(高=高换手),-0.0465,-0.2525,-0.1912,0.0895,-0.2458,-0.9205,,-0.267,超额为负
Round4,barra_residual_volatility,BARRA,barra.residual_volatility,残差波动暴露,-0.0672,-0.5241,-0.24,0.0895,-0.2957,-0.9532,,-0.3102,超额为负
Round4,turnmc_std20,流动性,"-std(TR,20)",换手率稳定性(反向),0.0619,0.737,0.0816,0.0895,-0.0046,-0.196,,-0.0237,超额为负
Round4,turn_vol,流动性,"-std(TR,20)",换手率稳定性,0.0619,0.737,0.0816,0.0895,-0.0046,-0.196,,-0.0237,超额为负
Round4,amt_cv20,流动性,"-std(AMT,20)/mean(AMT,20)",成交额变异系数(反向),0.0411,0.7675,0.0672,0.0895,-0.0182,-0.2337,,-0.0779,超额为负
Round4,ix_amt_rev5,交叉,rank(amt_log20)*rank(rev_5d),小成交额 x 反转,0.0581,0.7348,0.0563,0.0895,-0.0294,-0.2741,,-0.1074,超额为负
Round4,ix_amt_mfxl,交叉,rank(amt_log20)*rank(mfxl20),小成交额 x 资金流,0.0239,0.3127,0.0648,0.095,-0.0328,-0.2847,,-0.1151,超额为负
Round4,turn20,流动性,"-mean(TR,20)",低换手率,0.0558,0.6008,0.0528,0.0895,-0.0329,-0.2995,,-0.1098,超额为负
Round4,ix_amt_turnmc,交叉,rank(amt_log20)*rank(turnmc20),小成交额 x 低换手,0.0531,0.4968,0.0572,0.0895,-0.0375,-0.3169,,-0.1185,超额为负
Round4,corr_cp20,量价,"-corr(C,V,20)",价量相关性,0.0424,0.7147,0.0471,0.0895,-0.0394,-0.3541,,-0.1112,超额为负
Round4,vol_price_corr,量价,"-corr(V,C,20)",量价相关(成交量vs价格),0.0424,0.7147,0.0471,0.0895,-0.0394,-0.3541,,-0.1112,超额为负
Round4,amt_price_corr,量价,"-corr(AMT,C,20)",额价相关,0.0433,0.7116,0.0477,0.0895,-0.0402,-0.3626,,-0.1108,超额为负
Round4,turn_amp,交叉,"-mean(TR,20)*mean((H-L)/C,20)",换手 x 振幅(反向),0.0551,0.6004,0.0436,0.0903,-0.0415,-0.3671,,-0.113,超额为负
Round4,mix_amt_rev,交叉,0.5*rank(amt_log20)+0.5*rank(rev_5d),小成交额与反转等权,0.0535,0.6633,0.0376,0.0895,-0.0485,-0.3645,,-0.133,超额为负
Round4,turnmc20,流动性,"-log(mean(TR,20)+1e-8)",低换手率(20日),0.0594,0.519,0.0348,0.0895,-0.0604,-0.4502,,-0.1342,超额为负
Round4,turnmc10,流动性,"-log(mean(TR,10)+1e-8)",低换手率(10日),0.0643,0.5737,0.0321,0.0895,-0.0629,-0.4766,,-0.132,超额为负
Round4,ix_amt_mom20,交叉,rank(amt_log20)*rank(mom20),小成交额 x 动量,0.0128,0.1215,0.0298,0.0895,-0.0629,-0.4245,,-0.1483,|IC|<0.02
Round4,amt_rank20,流动性,"-pos(AMT,20)",成交额在区间位置(反向),0.0249,0.4318,0.0183,0.0895,-0.0645,-0.4416,,-0.1461,超额为负
Round4,turnmc5,流动性,"-log(mean(TR,5)+1e-8)",低换手率(5日),0.0659,0.6001,0.03,0.0895,-0.065,-0.4783,,-0.1358,超额为负
Round4,amt_log10,流动性,"-log(mean(AMT,10)+1)",小成交额(10日),0.0618,0.5515,0.0289,0.0895,-0.0654,-0.4942,,-0.1323,超额为负
Round4,amt_log5,流动性,"-log(mean(AMT,5)+1)",小成交额(5日),0.0639,0.5836,0.0267,0.0895,-0.0672,-0.4953,,-0.1357,超额为负
Round4,amt_log20,流动性,"-log(mean(AMT,20)+1)",小成交额(20日),0.0559,0.4856,0.0267,0.0895,-0.0673,-0.4753,,-0.1417,超额为负
Round4,amt_log,流动性,"-log(mean(AMT,20)+1)",小成交额(20日均),0.0559,0.4856,0.0267,0.0895,-0.0673,-0.4753,,-0.1417,超额为负
Round4,amt_log3,流动性,"-log(mean(AMT,3)+1)",小成交额(3日),0.0649,0.6021,0.0258,0.0895,-0.0677,-0.4888,,-0.1385,超额为负
Round4,mom20_rev,反转,"-mean(ret,20)",20日反转,0.0433,0.4554,0.0062,0.0895,-0.0692,-0.5555,,-0.1245,超额为负
Round4,turnmc60,流动性,"-log(mean(TR,60)+1e-8)",低换手率(60日),0.0508,0.4412,0.0227,0.0895,-0.0711,-0.4912,,-0.1448,超额为负
Round4,amt_log40,流动性,"-log(mean(AMT,40)+1)",小成交额(40日),0.0489,0.419,0.0226,0.0895,-0.0711,-0.4907,,-0.145,超额为负
Round4,turnmc_rank20,流动性,"-pos(TR,20)",换手率区间位置(反向),0.0236,0.433,0.0101,0.0895,-0.0727,-0.48,,-0.1514,超额为负
Round4,amt_log60,流动性,"-log(mean(AMT,60)+1)",小成交额(60日),0.0449,0.3867,0.0174,0.0895,-0.0758,-0.5058,,-0.1499,超额为负
Round4,corr_vr60,量价,"-corr(V,ret,60)",量价相关性(60日),0.0234,0.4681,0.0072,0.0895,-0.0782,-0.5264,,-0.1486,超额为负
Round4,vol_chg,波动,"-std(ret,20)/std(ret,20).shift(20)",波动率变化(低=波动下降),0.0159,0.1631,0.0025,0.0895,-0.0788,-0.5107,,-0.1543,|IC|<0.02
Round4,ix_mfxl_rev,交叉,rank(mfxl10)*rank(rev_5d),资金流 x 反转,0.0246,0.5321,0.0068,0.0948,-0.0792,-0.5374,,-0.1473,超额为负
Round4,amt_log120,流动性,"-log(mean(AMT,120)+1)",小成交额(120日),0.0366,0.3278,0.013,0.0895,-0.08,-0.5168,,-0.1547,超额为负
Round4,vol_ratio,波动,"-std(ret,20)/std(ret,60)",短期波动相对长期(低=波动收敛),0.0242,0.3993,-0.0038,0.0895,-0.085,-0.5366,,-0.1585,超额为负
Round4,hl_range,价格结构,-(H-L)/C,日内振幅(反向),0.0534,0.6084,0.0022,0.0895,-0.085,-0.5392,,-0.1577,超额为负
Round4,up_dn_vol,波动结构,"-mean(ret+,20)/mean(ret-,20)",上行波动/下行波动(反向),0.0138,0.1225,-0.001,0.0895,-0.0859,-0.5932,,-0.1448,|IC|<0.02
Round4,vol60,波动,"-std(ret,60)",低波动(60日),0.0566,0.4344,0.0058,0.0895,-0.087,-0.5587,,-0.1557,超额为负
Round4,vol20,波动,"-std(ret,20)",低波动(20日),0.0594,0.5162,0.0034,0.0895,-0.0879,-0.5516,,-0.1593,超额为负
Round4,turnmc_chg,流动性,"-mean(TR,5)/mean(TR,60)",换手率变化(反向),0.0358,0.5542,-0.0101,0.0895,-0.0889,-0.557,,-0.1595,超额为负
Round4,ret_vol20,交叉,"-std(ret,20)*log(mean(AMT,20)+1)",低波动 x 成交额,0.0598,0.5131,-0.0009,0.0895,-0.0921,-0.5731,,-0.1607,超额为负
Round4,corr_vr20,量价,"-corr(V,ret,20)",量价相关性(20日),0.0233,0.4433,-0.01,0.0895,-0.093,-0.5761,,-0.1614,超额为负
Round4,amp20,价格结构,"-mean((H-L)/C,20)",20日平均振幅(反向),0.0623,0.4925,-0.0029,0.0903,-0.0954,-0.599,,-0.1593,超额为负
Round4,upper_shadow,价格结构,"-(H-max(O,C))/(H-L)",上影线占比(反向),0.0086,0.1898,-0.018,0.0895,-0.0998,-0.5995,,-0.1665,|IC|<0.02
Round4,down_shadow,价格结构,"mean((min(O,C)-L)/(H-L),20)",20日平均下影线,0.0212,0.3504,-0.0205,0.0903,-0.1074,-0.6302,,-0.1704,超额为负
Round4,price_pos20,反转,"-pos(C,20)",价格在20日区间的相对位置(反向),0.0216,0.2415,-0.0344,0.0895,-0.1127,-0.6659,,-0.1692,超额为负
Round4,amt_std20,流动性,"-std(AMT,20)",成交额稳定性(反向),0.029,0.2671,-0.0286,0.0895,-0.1203,-0.6937,,-0.1734,超额为负
Round4,lower_shadow,价格结构,"(min(O,C)-L)/(H-L)",下影线占比,0.0041,0.0882,-0.0408,0.0895,-0.1229,-0.6743,,-0.1823,|IC|<0.02
Round4,rev_5d,反转,"-mean(ret,5)",5日反转,0.024,0.2772,-0.0553,0.0895,-0.1258,-0.7129,,-0.1765,超额为负
Round4,price_pos60,反转,"-pos(C,60)",价格在60日区间的相对位置(反向),0.0249,0.2515,-0.0637,0.0895,-0.1407,-0.7436,,-0.1892,超额为负
Round4,body_ratio,价格结构,"mean(|C-O|/(H-L),20)",实体占比,-0.0074,-0.1773,-0.0647,0.0903,-0.1414,-0.7367,,-0.1919,|IC|<0.02
Round4,ln_mktcap,市值,-log(MC),小市值(对数总市值),-0.0217,-0.1697,-0.0526,0.0895,-0.1436,-0.7549,,-0.1903,超额为负
Round4,vol_ret_div,量价,"-std(ret,20)/mean(TR,20)",单位换手的波动,-0.0271,-0.3091,-0.0943,0.0895,-0.1713,-0.8069,,-0.2123,超额为负
Round4,rev_1d,反转,-ret,1日反转,0.0051,0.0672,-0.1099,0.0895,-0.1791,-0.8173,,-0.2191,|IC|<0.02
Round4,close_pos,价格结构,-(C-L)/(H-L),收盘在日内区间位置(反向),-0.0023,-0.034,-0.1016,0.0895,-0.1805,-0.8195,,-0.2202,|IC|<0.02
Round4,close_high,价格结构,"-mean((H-C)/(H-L),20)",收盘距最高(反向),-0.0094,-0.115,-0.1207,0.0903,-0.2003,-0.8537,,-0.2346,|IC|<0.02
Round4,close_low,价格结构,"mean((C-L)/(H-L),20)",收盘距最低,-0.0094,-0.115,-0.1207,0.0903,-0.2003,-0.8537,,-0.2346,|IC|<0.02
Round4,gap20,跳空,"-mean((O-PC)/PC,20)",20日平均跳空(反向),-0.0206,-0.4283,-0.1556,0.0895,-0.2191,-0.8805,,-0.2488,超额为负
Round4,vwap_dev,日内,-(C-VWAP)/VWAP,收盘相对VWAP偏离(反向),-0.0044,-0.0616,-0.1524,0.0895,-0.2224,-0.8882,,-0.2504,|IC|<0.02
Round4,intraday,日内,-(C-O)/O,日内涨跌(反向),-0.0114,-0.1565,-0.1577,0.0895,-0.2263,-0.8962,,-0.2526,|IC|<0.02
Round4,accel,动量,"mean(ret,5)-mean(ret,20)",动量加速度,-0.0095,-0.1227,-0.1586,0.0895,-0.2279,-0.8983,,-0.2537,|IC|<0.02
Round4,ret_pos20,动量,"pos(C,20)",价格位置(正向),-0.0216,-0.2415,-0.1535,0.0895,-0.2294,-0.8932,,-0.2569,超额为负
Round4,gap,跳空,-(O-PC)/PC,跳空幅度(反向),-0.0186,-0.4051,-0.1686,0.0895,-0.2339,-0.8983,,-0.2604,|IC|<0.02
Round4,mom60,动量,"mean(ret,60)",60日动量,-0.0386,-0.3791,-0.1815,0.0895,-0.2462,-0.9208,,-0.2673,超额为负
Round4,turn_chg,流动性,"mean(TR,5)/mean(TR,60)",换手率放大,-0.0358,-0.5542,-0.1918,0.0895,-0.2572,-0.9224,,-0.2788,超额为负
Round4,vwap_dev20,日内,"-mean((C-VWAP)/VWAP,20)",20日平均VWAP偏离(反向),-0.0228,-0.2937,-0.2077,0.09,-0.2743,-0.9361,,-0.293,超额为负
Round4,amt_chg,流动性,"mean(AMT,5)/mean(AMT,60)",成交额放量,-0.0386,-0.5459,-0.2098,0.0895,-0.2744,-0.9366,,-0.2929,超额为负
Round4,intraday20,日内,"-mean((C-O)/O,20)",20日平均日内涨跌(反向),-0.0501,-0.587,-0.2521,0.0895,-0.3116,-0.9596,,-0.3248,超额为负
Round5-raw,ep_ttm,财报-估值,NI/MC,盈利收益率(归母TTM/市值),0.0216298952962629,0.14949320298873,0.0524160948865841,0.088132345022041,-0.0508616625010175,-0.468715460371469,-0.349338193604633,-0.1085128757235964,超额为负
Round5-lnmc,ep_ttm,财报-估值,NI/MC,盈利收益率(归母TTM/市值),0.0317313600942932,0.2976060660735032,0.1027957508417916,0.088132345022041,0.0023448899628029,-0.2043928742946217,0.0715157819628381,0.0114724643454197,Calmar=0.01<0.5
Round5-barra,ep_ttm,财报-估值,NI/MC,盈利收益率(归母TTM/市值),0.0242749897060179,0.285681592553103,0.0819700075982516,0.088132345022041,-0.0120513939259226,-0.2107862933256453,-0.1114184341626092,-0.0571735179540559,超额为负
Round5-raw,ep_ttm_all,财报-估值,NPT/MC,盈利收益率(全部净利润TTM/市值),0.0212414189005099,0.1454652314703187,0.0527319348316104,0.088132345022041,-0.0508914240532718,-0.4689892018397545,-0.3449107289570427,-0.1085129974285859,超额为负
Round5-lnmc,ep_ttm_all,财报-估值,NPT/MC,盈利收益率(全部净利润TTM/市值),0.0319262675180052,0.2957802425252238,0.099733508909235,0.088132345022041,-0.0009711026130072,-0.2064621567363556,0.0375465485091566,-0.0047035380641078,超额为负
Round5-barra,ep_ttm_all,财报-估值,NPT/MC,盈利收益率(全部净利润TTM/市值),0.0246059185029875,0.2900163593599365,0.0758217780285095,0.088132345022041,-0.0182817043450438,-0.2413864859536376,-0.1859687680411184,-0.0757362379787704,超额为负
Round5-raw,bp,财报-估值,EQ/MC,账面市值比,0.0351095475290863,0.2141093237417465,0.0884828075538606,0.0894683683902388,-0.0154589361614477,-0.2585357349062431,-0.0677755433688377,-0.0597941950541339,超额为负
Round5-lnmc,bp,财报-估值,EQ/MC,账面市值比,0.0360311327058819,0.220896545506332,0.0877913723948722,0.0894683683902388,-0.0149857039253039,-0.2538609310832656,-0.0679281755564959,-0.0590311548191269,超额为负
Round5-barra,bp,财报-估值,EQ/MC,账面市值比,0.0324228033301905,0.3332523117501005,0.1068967193317742,0.0894683683902388,0.0071570751744971,-0.1916377424804624,0.122496930482645,0.037346897755419,Calmar=0.04<0.5
Round5-raw,sp_ttm,财报-估值,REV/MC,营收市值比,0.0226030039226703,0.175183491146669,0.0866440448000445,0.088132345022041,-0.0098688304276082,-0.1923433100886626,-0.0669362021241756,-0.051308415265699,超额为负
Round5-lnmc,sp_ttm,财报-估值,REV/MC,营收市值比,0.0255294333529177,0.2030127467209029,0.090110603708748,0.088132345022041,-0.0058478402494027,-0.1824984361871326,-0.024255581578333,-0.0320432348439765,超额为负
Round5-barra,sp_ttm,财报-估值,REV/MC,营收市值比,0.0204468501032261,0.3151836924379798,0.1023174517052811,0.088132345022041,0.0063971059162244,-0.1374775501190097,0.1224638914167005,0.0465320040303793,Calmar=0.05<0.5
Round5-raw,cfp_ttm,财报-估值,CFO/MC,现金流市值比,0.0190760329900454,0.1626658258852542,0.0866493179817013,0.088132345022041,-0.0158878144762232,-0.2554475211376747,-0.0863674031393856,-0.0621960017676601,|IC|<0.02
Round5-lnmc,cfp_ttm,财报-估值,CFO/MC,现金流市值比,0.027542195350244,0.2562450329991192,0.095896197747187,0.088132345022041,-0.0044600549923273,-0.1954047233869199,0.0070278239490559,-0.0228247041065432,超额为负
Round5-barra,cfp_ttm,财报-估值,CFO/MC,现金流市值比,0.0244462138237324,0.4391262091965285,0.1096342891622372,0.088132345022041,0.0105419339667209,-0.1398797145699115,0.1644523023424453,0.0753642799396202,Calmar=0.08<0.5
Round5-raw,gp_mc,财报-估值,GP/MC,毛利市值比,0.0270082861514192,0.2072229609955794,0.091581404479037,0.0890493360693223,-0.0104490517806326,-0.2676336450884161,-0.0559531367420355,-0.0390423699426154,超额为负
Round5-lnmc,gp_mc,财报-估值,GP/MC,毛利市值比,0.0311367572234276,0.2536348644363944,0.0974417554474005,0.0890493360693223,-0.0038706963029427,-0.2405416890540804,0.0068851868419589,-0.0160915819547294,超额为负
Round5-barra,gp_mc,财报-估值,GP/MC,毛利市值比,0.0299600543493053,0.4466206058081137,0.1047682047471336,0.0890493360693223,0.0049259952461695,-0.1785199159880132,0.1010399112783962,0.0275935332979895,Calmar=0.03<0.5
Round5-raw,ebit_ev,财报-估值,EBIT/(MC+TL),EBIT/简化企业价值,0.0187371036346787,0.1390336806378356,0.0555447084045022,0.0890678666865338,-0.0448993319217719,-0.4196837371859622,-0.3925266134158798,-0.1069837307083382,|IC|<0.02
Round5-lnmc,ebit_ev,财报-估值,EBIT/(MC+TL),EBIT/简化企业价值,0.0276391368790736,0.269490790893579,0.0845975800383251,0.0890678666865338,-0.0138526653603024,-0.231282605193923,-0.1277262024460373,-0.0598949728566377,超额为负
Round5-barra,ebit_ev,财报-估值,EBIT/(MC+TL),EBIT/简化企业价值,0.0243911523225587,0.3492236133751892,0.0944758441836757,0.0890678666865338,-0.0014179495617375,-0.1671729176555183,0.0106200314392891,-0.0084819334472551,超额为负
Round5-raw,roe_ttm,财报-盈利,NI/EQ,ROE(归母TTM),0.00674269215532,0.0499836219652293,0.0396814272362111,0.0881789074114798,-0.0540029983131786,-0.5296274982730926,-0.557700164588834,-0.1019641134368235,|IC|<0.02
Round5-lnmc,roe_ttm,财报-盈利,NI/EQ,ROE(归母TTM),0.0202013714421042,0.1830012079735616,0.1019519820547087,0.088132345022041,0.0125803294439983,-0.1628341254786038,0.2200888105720049,0.0772585562579225,Calmar=0.08<0.5
Round5-barra,roe_ttm,财报-盈利,NI/EQ,ROE(归母TTM),0.0086703022233351,0.0974907441363564,0.0635785382023534,0.0881789074114798,-0.0228171427386717,-0.2554937748239989,-0.3034644403036803,-0.0893060613879524,|IC|<0.02
Round5-raw,roe_waa,财报-盈利,return_on_equity_weighted_average,加权ROE(YTD累计),0.0091654456842411,0.0643711700445471,0.0409652923489127,0.0881966545496657,-0.0537473371344512,-0.5328899768598471,-0.5216357260651571,-0.1008601014625333,|IC|<0.02
Round5-lnmc,roe_waa,财报-盈利,return_on_equity_weighted_average,加权ROE(YTD累计),0.0268835239725588,0.2696820335140963,0.1172600215218546,0.0881500453236743,0.0228644691610382,-0.2036263652569554,0.3924163705368277,0.1122863885145012,Calmar=0.11<0.5
Round5-barra,roe_waa,财报-盈利,return_on_equity_weighted_average,加权ROE(YTD累计),0.0222433831842359,0.2935500232454782,0.1065598880393738,0.0881966545496657,0.0152034634176267,-0.2131893324135058,0.2948837474893166,0.0713143722788994,Calmar=0.07<0.5
Round5-raw,roa_ttm,财报-盈利,NPT/TA,ROA(TTM),0.0080356004837258,0.0658660767354132,0.0441940975199384,0.0881789074114798,-0.0488890066706276,-0.5177107291190306,-0.5156786273562123,-0.0944330567647696,|IC|<0.02
Round5-lnmc,roa_ttm,财报-盈利,NPT/TA,ROA(TTM),0.0163973912628164,0.1839096021703146,0.0709437355936202,0.088132345022041,-0.0197790339454007,-0.313715857118253,-0.3097906920423082,-0.0630476066051871,|IC|<0.02
Round5-barra,roa_ttm,财报-盈利,NPT/TA,ROA(TTM),0.0134249789929335,0.1953219139834014,0.0678600233433377,0.0881789074114798,-0.0206267085073083,-0.2597035623375653,-0.4138221135980882,-0.079424049179955,|IC|<0.02
Round5-raw,roic_ttm,财报-盈利,EBIT/(TA-CL),ROIC(EBIT/投入资本),0.0056213205984269,0.0441807487199441,0.0424357685160443,0.0891155541521175,-0.0525106568350635,-0.5137217216698201,-0.5583514820458702,-0.1022161505345363,|IC|<0.02
Round5-lnmc,roic_ttm,财报-盈利,EBIT/(TA-CL),ROIC(EBIT/投入资本),0.0167303578302186,0.1658376560793673,0.0848112083807288,0.0890678666865338,-0.0103596521658642,-0.3268690248789777,-0.1026043947424385,-0.0316935878818736,|IC|<0.02
Round5-barra,roic_ttm,财报-盈利,EBIT/(TA-CL),ROIC(EBIT/投入资本),0.011671328310194,0.1369978124033841,0.0626563277179428,0.0891155541521175,-0.0284307682611345,-0.3415233450008282,-0.4336322142527196,-0.0832469249241676,|IC|<0.02
Round5-raw,gross_margin_ttm,财报-盈利,GP/REV,毛利率TTM,0.0036623776121163,0.0409821129979049,0.0647819802964315,0.0896769230177074,-0.0281123293612347,-0.3657786937087074,-0.3414549179094941,-0.076856115035564,|IC|<0.02
Round5-lnmc,gross_margin_ttm,财报-盈利,GP/REV,毛利率TTM,0.007342407827791,0.0870813140026068,0.0676889818692132,0.0896293520997939,-0.024407934228851,-0.342566237421364,-0.3086670193853847,-0.0712502621758043,|IC|<0.02
Round5-barra,gross_margin_ttm,财报-盈利,GP/REV,毛利率TTM,0.0102356642307023,0.1828099739292111,0.0868997103501643,0.0896769230177074,-0.0059085778985875,-0.1921178540384339,-0.103413592879018,-0.0307549651132659,|IC|<0.02
Round5-raw,net_margin_ttm,财报-盈利,NPT/REV,净利率TTM,0.0075564662987631,0.0680627283605779,0.040858123460602,0.0887243611085237,-0.0538230288486935,-0.4462244227105795,-0.7366373622598102,-0.1206187427432743,|IC|<0.02
Round5-lnmc,net_margin_ttm,财报-盈利,NPT/REV,净利率TTM,0.0256652362406597,0.2281347935155004,0.1523130326373523,0.088677908050935,0.0575252379220299,-0.1119719784429208,0.9807503611122272,0.5137467312980822,通过
Round5-barra,net_margin_ttm,财报-盈利,NPT/REV,净利率TTM,0.0169278543187312,0.1676471173016287,0.0708830463340028,0.0887243611085237,-0.0181814712170845,-0.3642106983336958,-0.1605853716361851,-0.0499202008624865,|IC|<0.02
Round5-raw,op_margin_ttm,财报-盈利,operating_profitTTM/REV,营业利润率TTM,0.0074127914812832,0.0658728907680174,0.0408124376910354,0.0887243611085237,-0.0546126202205835,-0.4476413446027458,-0.710848355358441,-0.1220008403581418,|IC|<0.02
Round5-lnmc,op_margin_ttm,财报-盈利,operating_profitTTM/REV,营业利润率TTM,0.0256802617903363,0.2388616543361242,0.1436573386725739,0.088677908050935,0.0492616020047727,-0.0957551246462068,0.8791726335881802,0.5144539489325818,通过
Round5-barra,op_margin_ttm,财报-盈利,operating_profitTTM/REV,营业利润率TTM,0.0158025185962238,0.1583463450957424,0.0653280580827733,0.0887243611085237,-0.0228952441514164,-0.3705194574702652,-0.2138592309358922,-0.0617922856406368,|IC|<0.02
Round5-raw,cost_ratio_neg,财报-盈利,-operating_costTTM/REV,成本率(反向),0.0010480150079732,0.0119056230733786,0.0560743508158272,0.0896769230177074,-0.0349810230974978,-0.4192581335505024,-0.4153598398469013,-0.0834355264649484,|IC|<0.02
Round5-lnmc,cost_ratio_neg,财报-盈利,-operating_costTTM/REV,成本率(反向),0.0040286933279073,0.0465432916141655,0.0672821311062663,0.0896293520997939,-0.0235008442836534,-0.3637093382240415,-0.2774047757187798,-0.06461435496379,|IC|<0.02
Round5-barra,cost_ratio_neg,财报-盈利,-operating_costTTM/REV,成本率(反向),0.0079089236995842,0.1439320114713674,0.0816933123261542,0.0896769230177074,-0.0090079142040874,-0.2540461578106383,-0.1378654084033911,-0.0354577856312307,|IC|<0.02
Round5-raw,eps_ttm,财报-盈利,NI/SH,EPS(归母TTM/总股本),0.0091739429190527,0.0636258332911281,0.0518413687202392,0.0881789074114798,-0.0456442344316352,-0.5236755683861184,-0.4022460847811049,-0.0871612830293061,|IC|<0.02
Round5-lnmc,eps_ttm,财报-盈利,NI/SH,EPS(归母TTM/总股本),0.024448824066809,0.2780229762935792,0.0755027204220237,0.088132345022041,-0.0172722705263551,-0.361068405687713,-0.2207663949293466,-0.0478365602037578,超额为负
Round5-barra,eps_ttm,财报-盈利,NI/SH,EPS(归母TTM/总股本),0.021623163484231,0.3388987555367109,0.074306763236007,0.0881789074114798,-0.0177872084113427,-0.3106683518425935,-0.2764622393878739,-0.0572546521261199,超额为负
Round5-raw,gp_asset,财报-盈利,GP/TA,毛利率资产比(Novy-Marx),0.0074680021975595,0.0688555720041794,0.0689209856879995,0.0890970287418146,-0.0280755046519551,-0.4375063961524491,-0.2364130610109011,-0.0641716438864868,|IC|<0.02
Round5-lnmc,gp_asset,财报-盈利,GP/TA,毛利率资产比(Novy-Marx),0.0129423587345784,0.1325918241314607,0.0716561863283098,0.0890493360693223,-0.0240262393609387,-0.4000791872585439,-0.2209134469601371,-0.0600537096807592,|IC|<0.02
Round5-barra,gp_asset,财报-盈利,GP/TA,毛利率资产比(Novy-Marx),0.013152343019373,0.2122282262640427,0.0814131890770986,0.0890970287418146,-0.0124052048137568,-0.2746030389633728,-0.1684445356185701,-0.0451750456243547,|IC|<0.02
Round5-raw,rev_yoy,财报-成长,operating_revenue/lag4(operating_revenue)-1,营收同比(YTD),0.0061537440019997,0.0693564830954319,0.0876483194735249,0.0895062375019817,0.0011889151955428,-0.257893165771395,0.0516171764741358,0.0046101074140009,|IC|<0.02
Round5-lnmc,rev_yoy,财报-成长,operating_revenue/lag4(operating_revenue)-1,营收同比(YTD),0.0106606834855493,0.1042330075402954,0.1188396225562993,0.0894713035185774,0.0293334918965151,-0.2529337495896928,0.4684107997334241,0.1159730243358179,|IC|<0.02
Round5-barra,rev_yoy,财报-成长,operating_revenue/lag4(operating_revenue)-1,营收同比(YTD),0.0086348707846223,0.1097295925951964,0.1125371487680879,0.0895062375019817,0.023844455748101,-0.2233252026329992,0.4220380736782141,0.1067701068530349,|IC|<0.02
Round5-raw,np_yoy,财报-成长,net_profit_parent_company/lag4(..)-1,归母净利同比(YTD),0.0071238318338386,0.0880991370152813,0.0712709541746305,0.0895032928490509,-0.0136617749879568,-0.2028904384860024,-0.2533208932807879,-0.0673357260692173,|IC|<0.02
Round5-lnmc,np_yoy,财报-成长,net_profit_parent_company/lag4(..)-1,归母净利同比(YTD),0.014621446022437,0.2030584172059674,0.0829029009116657,0.0894683683902388,-0.0016144735401401,-0.1397850388729385,-0.013578364424567,-0.0115496876715656,|IC|<0.02
Round5-barra,np_yoy,财报-成长,net_profit_parent_company/lag4(..)-1,归母净利同比(YTD),0.011064409176625,0.1739148414173955,0.0933028308659729,0.0895032928490509,0.0072450330773354,-0.1158475340123109,0.1680653192861609,0.0625393810848452,|IC|<0.02
Round5-raw,npttm_yoy,财报-成长,NPT/lag4(NPT)-1,净利润TTM同比,0.0052975532421821,0.0729510885060688,0.0697134754391348,0.0880793590918589,-0.012750317862235,-0.2088162425977383,-0.2763220793990731,-0.0610599908494527,|IC|<0.02
Round5-lnmc,npttm_yoy,财报-成长,NPT/lag4(NPT)-1,净利润TTM同比,0.0116792738653693,0.1169697228102084,0.0836597697292313,0.0880328168058754,-0.0001164148395764,-0.130187152629557,0.0243721832358458,-0.0008942114273574,|IC|<0.02
Round5-barra,npttm_yoy,财报-成长,NPT/lag4(NPT)-1,净利润TTM同比,0.0100244140447536,0.1235953092987052,0.0966784464151977,0.0880793590918589,0.010502215439692,-0.1062585765424678,0.2012165793013719,0.0988364024949527,|IC|<0.02
Round5-raw,revttm_yoy,财报-成长,REV/lag4(REV)-1,营收TTM同比,0.0023054628383145,0.0266760550638593,0.0709705202546682,0.0880981517841084,-0.0132137029141436,-0.3039670625359089,-0.1784757367627851,-0.0434708379385108,|IC|<0.02
Round5-lnmc,revttm_yoy,财报-成长,REV/lag4(REV)-1,营收TTM同比,0.0046206535904391,0.0516538264139006,0.0732071543734447,0.0880516079794582,-0.0113254200252355,-0.2929302140095753,-0.1942557349788003,-0.0386625192062478,|IC|<0.02
Round5-barra,revttm_yoy,财报-成长,REV/lag4(REV)-1,营收TTM同比,0.0036604031466161,0.0595337967973671,0.0754192185410236,0.0880981517841084,-0.0087185652191121,-0.267957233016604,-0.1522200037311075,-0.0325371519960871,|IC|<0.02
Round5-raw,dednp_yoy,财报-成长,net_profit_deduct_../lag4(..)-1,扣非净利同比(YTD),0.0081182991256021,0.1131234079546291,0.0977036573219101,0.0895330476759976,0.0108778207539874,-0.1562098160255773,0.2502677010655311,0.0696359616236047,|IC|<0.02
Round5-lnmc,dednp_yoy,财报-成长,net_profit_deduct_../lag4(..)-1,扣非净利同比(YTD),0.0037204777322042,0.0384092047148255,0.092890899726042,0.0894981133755801,0.0042815573340171,-0.2151704188453512,0.1037198322090186,0.0198984477373463,|IC|<0.02
Round5-barra,dednp_yoy,财报-成长,net_profit_deduct_../lag4(..)-1,扣非净利同比(YTD),0.0051171412040419,0.0567199303899824,0.1145276669519341,0.0895330476759976,0.0233929794552765,-0.1465514084038122,0.3590562906028876,0.1596230272370961,|IC|<0.02
Round5-raw,eps_yoy,财报-成长,basic_earnings_per_share/lag4(..)-1,EPS同比(YTD),0.0081226170666221,0.1046497070190159,0.0721907706460331,0.0894391355710757,-0.0130041285539451,-0.2004512230710357,-0.2463155168621204,-0.0648742789129143,|IC|<0.02
Round5-lnmc,eps_yoy,财报-成长,basic_earnings_per_share/lag4(..)-1,EPS同比(YTD),0.0149933155916317,0.2210556520300484,0.0853620732389208,0.0894040438554071,0.0007288191269707,-0.1345874585770395,0.0388181878350176,0.0054152083312693,|IC|<0.02
Round5-barra,eps_yoy,财报-成长,basic_earnings_per_share/lag4(..)-1,EPS同比(YTD),0.0108802036053442,0.1820963648123659,0.0726705237190845,0.0894391355710757,-0.0118736503668577,-0.1675227946680875,-0.2277162995326139,-0.0708778192865213,|IC|<0.02
Round5-raw,cfottm_yoy,财报-成长,CFO/lag4(CFO)-1,经营现金流TTM同比,0.0058290860885891,0.1240845094057118,0.0771131810486491,0.0880793590918589,-0.0089718605560032,-0.1285583603248199,-0.3269099905119165,-0.0697882310674676,|IC|<0.02
Round5-lnmc,cfottm_yoy,财报-成长,CFO/lag4(CFO)-1,经营现金流TTM同比,0.0097517102232118,0.1210282595400938,0.0936433900572761,0.0880328168058754,0.0060577263383228,-0.1349451296726889,0.171078851748988,0.0448902924693606,|IC|<0.02
Round5-barra,cfottm_yoy,财报-成长,CFO/lag4(CFO)-1,经营现金流TTM同比,0.0060399464162709,0.0793357426283501,0.0929784189134417,0.0880793590918589,0.0044063200247848,-0.1896004206580958,0.0973192157508421,0.023240032957156,|IC|<0.02
Round5-raw,roe_chg,财报-成长,ROE-lag4(ROE),ROE同比变化,0.0056175953559942,0.0834269738096195,0.0628840442766123,0.0880793590918589,-0.0207106391675887,-0.2690647834860684,-0.4515236520970542,-0.0769726862774708,|IC|<0.02
Round5-lnmc,roe_chg,财报-成长,ROE-lag4(ROE),ROE同比变化,0.0004165187641758,0.0036400932956356,0.0585775446593239,0.0880328168058754,-0.0247733473337959,-0.3247343442759344,-0.3738224261547698,-0.0762880421195778,|IC|<0.02
Round5-barra,roe_chg,财报-成长,ROE-lag4(ROE),ROE同比变化,-0.0041403746469906,-0.0428794586380977,0.0602141465340271,0.0880793590918589,-0.0249057069678283,-0.2783565507695869,-0.3178393666635494,-0.0894741183527753,|IC|<0.02
Round5-raw,margin_chg,财报-成长,净利率-lag4(净利率),净利率同比变化,0.0039119277377054,0.0617773015425679,0.0542605843611321,0.0886370937008511,-0.0282841542981511,-0.28638770102636,-0.6560082215154874,-0.098761763151092,|IC|<0.02
Round5-lnmc,margin_chg,财报-成长,净利率-lag4(净利率),净利率同比变化,0.0101761320044272,0.0807903679315192,0.1094844994124366,0.0885906619165513,0.0230611827863873,-0.214875891224921,0.3541334372081075,0.1073232676542949,|IC|<0.02
Round5-barra,margin_chg,财报-成长,净利率-lag4(净利率),净利率同比变化,0.0075089342696479,0.0755887226489126,0.0714347857609176,0.0886370937008511,-0.0137146762179709,-0.2134366910514329,-0.1787354333730513,-0.0642564132268432,|IC|<0.02
Round5-raw,asset_growth_neg,财报-成长,-(TA/lag4(TA)-1),资产扩张(反向),-0.0020226755637232,-0.0203151887309376,0.0550944909718233,0.0895032928490509,-0.0255663374472159,-0.2332546327174156,-0.3107047891571732,-0.1096069867910797,|IC|<0.02
Round5-lnmc,asset_growth_neg,财报-成长,-(TA/lag4(TA)-1),资产扩张(反向),-0.006939998787169,-0.0762269931778265,0.0284645649312522,0.0894683683902388,-0.0572162931437729,-0.4532149071238971,-0.840037781057768,-0.1262453909710686,|IC|<0.02
Round5-barra,asset_growth_neg,财报-成长,-(TA/lag4(TA)-1),资产扩张(反向),-0.0079001958799544,-0.1325090314291017,0.0321426951078067,0.0895032928490509,-0.0501664448774153,-0.3984127709307177,-0.8750608396208446,-0.1259157550603194,|IC|<0.02
Round5-raw,equity_growth,财报-成长,EQ/lag4(EQ)-1,净资产同比,0.0007587651000792,0.0069230621670544,0.0380861881891174,0.0895032928490509,-0.047332721126584,-0.4394492091293602,-0.7610815118781885,-0.1077091962922403,|IC|<0.02
Round5-lnmc,equity_growth,财报-成长,EQ/lag4(EQ)-1,净资产同比,0.0096464309205628,0.0959394428398413,0.0569631866930526,0.0894683683902388,-0.0280754991314625,-0.3663621845952007,-0.4866028235017774,-0.0766331797111746,|IC|<0.02
Round5-barra,equity_growth,财报-成长,EQ/lag4(EQ)-1,净资产同比,0.006324464771596,0.073713357226157,0.028951493231444,0.0895032928490509,-0.0548194930639829,-0.4318239949763971,-1.2196656189457418,-0.1269486960005066,|IC|<0.02
Round5-raw,cfo_np,财报-质量,CFO/NPT,净利润现金含量,0.0093786068716046,0.1710573044960503,0.0794762364282979,0.0881789074114798,-0.0092799630772137,-0.1308494097726391,-0.1946737726052887,-0.0709209395238269,|IC|<0.02
Round5-lnmc,cfo_np,财报-质量,CFO/NPT,净利润现金含量,0.0103043032520403,0.118026821855436,0.0881708215920455,0.088132345022041,-0.0027740095245927,-0.1498721911900721,-0.0247512309806412,-0.0185091677286191,|IC|<0.02
Round5-barra,cfo_np,财报-质量,CFO/NPT,净利润现金含量,0.0047357939569204,0.0564412435723953,0.1189590739077282,0.0881789074114798,0.0312831081180566,-0.2418861979393853,0.4068516066820671,0.1293298600108467,|IC|<0.02
Round5-raw,accrual_neg,财报-质量,-(NPT-CFO)/TA,"应计项目(反向,低=利润实在)",0.0036067954238382,0.0651427950347434,0.0839995523163401,0.0881789074114798,0.0008479739856759,-0.118732603380494,0.0429776929452489,0.0071418798336164,|IC|<0.02
Round5-lnmc,accrual_neg,财报-质量,-(NPT-CFO)/TA,"应计项目(反向,低=利润实在)",0.0008362802745242,0.0136148160511498,0.0769329880340752,0.088132345022041,-0.0078513690830553,-0.1287652759618642,-0.1424261535971518,-0.0609742729505794,|IC|<0.02
Round5-barra,accrual_neg,财报-质量,-(NPT-CFO)/TA,"应计项目(反向,低=利润实在)",0.0027124947592573,0.0567860830858595,0.0854493235774793,0.0881789074114798,0.0006710396204221,-0.1038832036560386,0.0374633231307509,0.0064595583964081,|IC|<0.02
Round5-raw,debt_asset_neg,财报-质量,-TL/TA,资产负债率(反向),0.0054002983002709,0.0565383350702952,0.0901086462797253,0.0895032928490509,0.0052044531423443,-0.1360776662521997,0.1237178276979498,0.0382461963500948,|IC|<0.02
Round5-lnmc,debt_asset_neg,财报-质量,-TL/TA,资产负债率(反向),0.0031270968517825,0.0347123610797515,0.0736230185799953,0.0894683683902388,-0.0131044674016306,-0.2228452060837041,-0.2260581257915271,-0.0588052470678161,|IC|<0.02
Round5-barra,debt_asset_neg,财报-质量,-TL/TA,资产负债率(反向),0.0042114136079202,0.0867692258618483,0.0832332848739845,0.0895032928490509,-0.0038194841411751,-0.1196917607616072,-0.0924056193650668,-0.0319110030370638,|IC|<0.02
Round5-raw,current_ratio,财报-质量,CA/CL,流动比率,0.0045952041664428,0.0471636628209274,0.0939059236596713,0.0898620334207691,0.00800161914926,-0.1547086185357959,0.1718363733862397,0.0517205778513794,|IC|<0.02
Round5-lnmc,current_ratio,财报-质量,CA/CL,流动比率,2.131093383780212e-06,2.321752305847423e-05,0.0909772036900644,0.0898268091077032,0.0045851342361071,-0.1686010362271586,0.1107583734429684,0.0271951723352966,|IC|<0.02
Round5-barra,current_ratio,财报-质量,CA/CL,流动比率,-0.001268472397245,-0.0245687568594734,0.0903783405051288,0.0898620334207691,0.0031348830665502,-0.1398327257935627,0.0920987648567218,0.0224188082493534,|IC|<0.02
Round5-raw,equity_liab,财报-质量,total_equity/TL,权益负债比,0.0054002954057142,0.0565383009696377,0.0901086462797253,0.0895032928490509,0.0052044531423443,-0.1360776662521997,0.1237178276979498,0.0382461963500948,|IC|<0.02
Round5-lnmc,equity_liab,财报-质量,total_equity/TL,权益负债比,-0.0002792735533485,-0.0032049677587163,0.0839086665785597,0.0894683683902388,-0.0015092326862391,-0.1623424833307736,-0.0030763479035163,-0.0092965972632319,|IC|<0.02
Round5-barra,equity_liab,财报-质量,total_equity/TL,权益负债比,0.0001216635690855,0.0023378099320115,0.083407310861413,0.0895032928490509,-0.0020841250412418,-0.1394019182245787,-0.0229617141175323,-0.0149504760607693,|IC|<0.02
Round5-raw,asset_turnover,财报-质量,REV/TA,总资产周转率,0.0054396061851795,0.0879445234359415,0.0747490691447783,0.0881789074114798,-0.0162500304712163,-0.1855390158361912,-0.3568509608450294,-0.0875828213164779,|IC|<0.02
Round5-lnmc,asset_turnover,财报-质量,REV/TA,总资产周转率,0.0061696398806766,0.1003165706205526,0.077236720737821,0.088132345022041,-0.0137002980484944,-0.1668398650378899,-0.3007013041944592,-0.0821164536748042,|IC|<0.02
Round5-barra,asset_turnover,财报-质量,REV/TA,总资产周转率,0.0062780708822532,0.1665292198424521,0.0820948822977691,0.0881789074114798,-0.0075696359538673,-0.1130660471443625,-0.2237954850513977,-0.0669487980260112,|IC|<0.02
Round5-raw,ar_ratio_neg,财报-质量,-AR/REV,应收占营收比(反向),0.0029118756500672,0.02075528018848,0.0424125471818279,0.0890908113684159,-0.0533139455358105,-0.4302236750048839,-0.5091829231887911,-0.1239214590763871,|IC|<0.02
Round5-lnmc,ar_ratio_neg,财报-质量,-AR/REV,应收占营收比(反向),0.0002942237105123,0.0020348456225459,0.074615466632343,0.0890438940508571,-0.0205678190501377,-0.4239161389337625,-0.1618145791894008,-0.0485186034715971,|IC|<0.02
Round5-barra,ar_ratio_neg,财报-质量,-AR/REV,应收占营收比(反向),0.010045629955354,0.0975632676118714,0.0417944084178183,0.0890908113684159,-0.0459808513359685,-0.4846358128404342,-0.3585445488923257,-0.094877122403473,|IC|<0.02
Round5-raw,inv_asset_neg,财报-质量,-INV/TA,存货占比(反向),-0.0025614650288522,-0.0445336939336507,0.039613219489418,0.0902449875353488,-0.0527527385099597,-0.4071715111343904,-0.6684358517590964,-0.1295590115403439,|IC|<0.02
Round5-lnmc,inv_asset_neg,财报-质量,-INV/TA,存货占比(反向),-0.00208425895838,-0.0366096658712694,0.0458141920052515,0.0902091018522504,-0.0455100006944524,-0.3647795693135458,-0.5841351488461647,-0.1247602785980987,|IC|<0.02
Round5-barra,inv_asset_neg,财报-质量,-INV/TA,存货占比(反向),-0.0032336851154094,-0.139224966404388,0.0653373557060328,0.0902449875353488,-0.0207101130726068,-0.2202179732587239,-0.6343933929110359,-0.0940437002763415,|IC|<0.02
Round5-raw,nonrecur_neg,财报-质量,-non_recurring_pnl/net_profit,非经常损益占比(反向),-0.0014589998693879,-0.0321067706915269,0.0997192606686201,0.0895032928490509,0.016675700297994,-0.1606637975454707,0.3050313318878442,0.1037925192405246,|IC|<0.02
Round5-lnmc,nonrecur_neg,财报-质量,-non_recurring_pnl/net_profit,非经常损益占比(反向),0.0029346811240551,0.0388303326899714,0.1140560006681283,0.0894683683902388,0.028883230858459,-0.1828693716350955,0.4582366070760442,0.157944606033282,|IC|<0.02
Round5-barra,nonrecur_neg,财报-质量,-non_recurring_pnl/net_profit,非经常损益占比(反向),-0.0017203986238971,-0.0238385723422816,0.1186785520021085,0.0895032928490509,0.0311670948087976,-0.1117677108188868,0.4972895593917857,0.2788559824697684,|IC|<0.02
Round5-raw,ln_assets,财报-规模,log(TA),"总资产对数(市值镜像, 中性化后应归零)",-0.0022545163896674,-0.0127057385771854,0.0354715836906569,0.0895032928490509,-0.0696658290309109,-0.5313254688830744,-0.4552497323272084,-0.1311170518088637,|IC|<0.02
Round5-lnmc,ln_assets,财报-规模,log(TA),"总资产对数(市值镜像, 中性化后应归零)",0.0255827065439104,0.1515681980076669,0.0685178920218951,0.0894683683902388,-0.0318023734462508,-0.3124736928107204,-0.2087253427426129,-0.1017761628512994,超额为负
Round5-barra,ln_assets,财报-规模,log(TA),"总资产对数(市值镜像, 中性化后应归零)",0.0248710533215722,0.2461707781824625,0.0947204224167017,0.0895032928490509,-0.002419945794114,-0.1786593083046475,0.0073083627603267,-0.0135450305784662,超额为负
Round5-raw,ln_equity,财报-规模,log(EQ),净资产对数,0.0004407728598069,0.002481011717071,0.0402379204256833,0.0898638232702828,-0.0669324234535075,-0.5269852642735244,-0.4326799823412491,-0.1270100475120064,|IC|<0.02
Round5-lnmc,ln_equity,财报-规模,log(EQ),净资产对数,0.0333868708083198,0.2043368003105725,0.079025148272561,0.0898289885281828,-0.0239798233303137,-0.2921304121235998,-0.1389235799140062,-0.0820860216366927,超额为负
Round5-barra,ln_equity,财报-规模,log(EQ),净资产对数,0.0327453642206154,0.3171958839029207,0.1060629002838191,0.0898638232702828,0.0074576579787295,-0.158066921510546,0.1365161757216102,0.0471803835202293,Calmar=0.05<0.5
Round5-raw,ln_shares,财报-规模,log(SH),总股本对数,-0.0033864882143056,-0.0202454269791078,0.0368611840748249,0.0895032928490509,-0.0671029799372042,-0.5176917043267628,-0.477898886132666,-0.1296195773978433,|IC|<0.02
Round5-lnmc,ln_shares,财报-规模,log(SH),总股本对数,0.0133721415279081,0.0765708476953018,0.07884726476783,0.0894683683902388,-0.0190896538091015,-0.2770751052834144,-0.1156892292545306,-0.0688970371032617,|IC|<0.02
Round5-barra,ln_shares,财报-规模,log(SH),总股本对数,0.012933967660357,0.1118470915011604,0.1026297264829727,0.0895032928490509,0.009933201347672,-0.1714547362487936,0.1686270155159666,0.0579348320437077,|IC|<0.02
Round5-raw,circ_ratio,财报-规模,circulation_a_shares/SH,流通股比例,0.0035985156811125,0.0440484297882358,0.1122702809352789,0.0895032928490509,0.0187221262189221,-0.1043338613764832,0.3625740362677367,0.1794443910339357,|IC|<0.02
Round5-lnmc,circ_ratio,财报-规模,circulation_a_shares/SH,流通股比例,0.0063847380960806,0.0786300469842612,0.1428258637739943,0.0894683683902388,0.0503475945217586,-0.204506838448342,0.5765187361785803,0.2461902736542295,|IC|<0.02
Round5-barra,circ_ratio,财报-规模,circulation_a_shares/SH,流通股比例,0.0064076643348511,0.1318141935700612,0.1335845549189982,0.0895032928490509,0.0470013980648327,-0.1203068565401486,0.6722198977959746,0.3906792963969389,|IC|<0.02
Round5b-raw,sq_np_yoy,财报-成长,"growth(sq(归母净利), sq(归母净利,-4季))",单季归母净利同比,0.0112597969020088,0.1435543209413056,0.1088366841627599,0.0895032928490509,0.0203251861748796,-0.1541963501084104,0.3866196111111638,0.1318136658915057,|IC|<0.02
Round5b-lnmc,sq_np_yoy,财报-成长,"growth(sq(归母净利), sq(归母净利,-4季))",单季归母净利同比,0.0174916941866544,0.1895202660746561,0.1334286327107414,0.0894683683902388,0.0431310562751874,-0.0721463604923762,0.8285233529599677,0.5978271943426049,|IC|<0.02
Round5b-barra,sq_np_yoy,财报-成长,"growth(sq(归母净利), sq(归母净利,-4季))",单季归母净利同比,0.0107047671217568,0.1373402785796722,0.104948833548508,0.0895032928490509,0.0138899367521088,-0.0631198533830517,0.2928836161958146,0.2200565433480299,|IC|<0.02
Round5b-raw,sq_rev_yoy,财报-成长,"growth(sq(营收), sq(营收,-4季))",单季营收同比,0.0086129248588663,0.105069729158178,0.0984564638541241,0.0894393448591521,0.0114924144808419,-0.2228097437825824,0.210213486964307,0.0515794968646264,|IC|<0.02
Round5b-lnmc,sq_rev_yoy,财报-成长,"growth(sq(营收), sq(营收,-4季))",单季营收同比,0.0094640887967104,0.0852957186774875,0.1315183805427406,0.0894043531398505,0.0392664819378079,-0.2400178333487149,0.5395118340102901,0.163598185143013,|IC|<0.02
Round5b-barra,sq_rev_yoy,财报-成长,"growth(sq(营收), sq(营收,-4季))",单季营收同比,0.0068941353053068,0.076018519269489,0.1110896138269017,0.0894393448591521,0.0206046466123637,-0.2839997286978948,0.3235768702705848,0.0725516418865383,|IC|<0.02
Round5b-raw,sq_np_qoq,财报-成长,"growth(sq(归母净利), sq(归母净利,-1季))",单季净利环比,0.0049928357666907,0.0863653059956916,0.0820910876888973,0.0895032928490509,-0.0041174612223915,-0.1505204166556033,-0.0688548667929242,-0.0273548354029105,|IC|<0.02
Round5b-lnmc,sq_np_qoq,财报-成长,"growth(sq(归母净利), sq(归母净利,-1季))",单季净利环比,0.0096006899733092,0.1187877780712365,0.0838832609768069,0.0894683683902388,-0.0024896634936951,-0.1118081214340187,-0.0258794699319155,-0.0222672866851125,|IC|<0.02
Round5b-barra,sq_np_qoq,财报-成长,"growth(sq(归母净利), sq(归母净利,-1季))",单季净利环比,0.0064664301793751,0.1006053493126296,0.0894951421576626,0.0895032928490509,0.0021417677428856,-0.1378573555168112,0.0663974229039043,0.0155361151014134,|IC|<0.02
Round5b-raw,sq_rev_qoq,财报-成长,"growth(sq(营收), sq(营收,-1季))",单季营收环比,0.0060257054825499,0.0975555174713394,0.0675201137679184,0.0895149844109037,-0.018559395433463,-0.2159422220668486,-0.3377504176551928,-0.0859461167706132,|IC|<0.02
Round5b-lnmc,sq_rev_qoq,财报-成长,"growth(sq(营收), sq(营收,-1季))",单季营收环比,0.0069434476160992,0.0657924468760255,0.0778311128127902,0.0894800641676016,-0.0104842260559023,-0.1988951641596813,-0.1266056841959567,-0.0527123225956625,|IC|<0.02
Round5b-barra,sq_rev_qoq,财报-成长,"growth(sq(营收), sq(营收,-1季))",单季营收环比,0.0075506989399037,0.08244804467845,0.0772114068846272,0.0895149844109037,-0.0108842855043468,-0.2007917481696182,-0.1541308022497816,-0.054206836703032,|IC|<0.02
Round5b-raw,ttm_np_chg,财报-成长,"growth(NPT, lag1(NPT))",净利润TTM环比变化率,0.0106553555240543,0.1414353671323954,0.1119485087570817,0.0879448480286799,0.0242651410361312,-0.1596300473995617,0.4776839195688084,0.1520086063458615,|IC|<0.02
Round5b-lnmc,ttm_np_chg,财报-成长,"growth(NPT, lag1(NPT))",净利润TTM环比变化率,0.0125260983526098,0.1419108466962356,0.1266326887892797,0.0878984145123606,0.0366899263378601,-0.1273367962453773,0.7077853081930654,0.2881329467969249,|IC|<0.02
Round5b-barra,ttm_np_chg,财报-成长,"growth(NPT, lag1(NPT))",净利润TTM环比变化率,0.0073058437187391,0.1018160015653861,0.1230744671529859,0.0879448480286799,0.0323828749080032,-0.0806269177218529,0.6439983922458682,0.4016385076224526,|IC|<0.02
Round5b-raw,ttm_rev_chg,财报-成长,"growth(REV, lag1(REV))",营收TTM环比变化率,0.009587275157862,0.1174827849448285,0.1050546675043087,0.0879738988759986,0.0185667333514958,-0.1990993444811285,0.3206519449490581,0.0932536136664963,|IC|<0.02
Round5b-lnmc,ttm_rev_chg,财报-成长,"growth(REV, lag1(REV))",营收TTM环比变化率,0.0135220714146407,0.1765697666063659,0.1115770371958753,0.0879274422346798,0.0252348657183643,-0.1365007555895507,0.456834754102191,0.1848697877852337,|IC|<0.02
Round5b-barra,ttm_rev_chg,财报-成长,"growth(REV, lag1(REV))",营收TTM环比变化率,0.0121353693102182,0.2138094396725272,0.1128703263505332,0.0879738988759986,0.026455784340075,-0.1036008874824598,0.5543192614995742,0.2553625261613139,|IC|<0.02
Round5b-raw,ttm_cfo_chg,财报-成长,"growth(CFO, lag1(CFO))",经营现金流TTM环比变化率,0.0027150295722199,0.1017514876028352,0.0791949649875873,0.0879448480286799,-0.0052550017119624,-0.1306233705671169,-0.158635661760206,-0.0402301800140913,|IC|<0.02
Round5b-lnmc,ttm_cfo_chg,财报-成长,"growth(CFO, lag1(CFO))",经营现金流TTM环比变化率,0.0002223258025217,0.0020903899459316,0.0740556243579624,0.0878984145123606,-0.0129525908226186,-0.2804151856975878,-0.1577451359715657,-0.0461907609974708,|IC|<0.02
Round5b-barra,ttm_cfo_chg,财报-成长,"growth(CFO, lag1(CFO))",经营现金流TTM环比变化率,0.0040872378942745,0.0442248180892104,0.0847487647043272,0.0879448480286799,-0.0036007841045971,-0.2192476229266303,-0.0176993845768538,-0.0164233666779692,|IC|<0.02
Round5b-raw,ttm_gp_chg,财报-成长,"growth(GP, lag1(GP))",毛利TTM环比变化率,0.0105409509834552,0.1756555924453956,0.1003259278396775,0.0889236976658056,0.0114223457601569,-0.1504107597050016,0.2765840481741067,0.0759410150082312,|IC|<0.02
Round5b-lnmc,ttm_gp_chg,财报-成长,"growth(GP, lag1(GP))",毛利TTM环比变化率,0.0071002477891199,0.0812491488341407,0.100584913022429,0.0888761076348099,0.0105794933374072,-0.1661149267158432,0.2155042056557282,0.0636877946285018,|IC|<0.02
Round5b-barra,ttm_gp_chg,财报-成长,"growth(GP, lag1(GP))",毛利TTM环比变化率,0.001647293503865,0.0217061849791149,0.1048521172582312,0.0889236976658056,0.0140867063975718,-0.1483314095326929,0.2937961395357678,0.0949677916629453,|IC|<0.02
Round5b-raw,sue_np,财报-成长,(sq-sq(-4季))/std(sq(-1..-8季)),标准化业绩惊喜SUE,0.0112944780155215,0.1366464217767251,0.1015341050879168,0.0895032928490509,0.0117536728406428,-0.2831537041893452,0.208497018177772,0.0415098678447207,|IC|<0.02
Round5b-lnmc,sue_np,财报-成长,(sq-sq(-4季))/std(sq(-1..-8季)),标准化业绩惊喜SUE,0.0145776646157451,0.2076346564135592,0.1066821369186208,0.0894683683902388,0.0175496467697566,-0.2383225667768191,0.3242909527969793,0.0736382081105702,|IC|<0.02
Round5b-barra,sue_np,财报-成长,(sq-sq(-4季))/std(sq(-1..-8季)),标准化业绩惊喜SUE,0.0124561304566883,0.230079860644641,0.1016496145759182,0.0895032928490509,0.0130456498639777,-0.1890126126976997,0.2757748811867574,0.0690199964847979,|IC|<0.02
Round5b-raw,sq_margin,财报-盈利,sq(归母净利)/sq(营收),单季净利率,0.0111842343403171,0.1029115137971718,0.0458680201107986,0.0895282646807833,-0.0494032300033483,-0.4353185168776483,-0.6940186090346415,-0.1134875455280339,|IC|<0.02
Round5b-lnmc,sq_margin,财报-盈利,sq(归母净利)/sq(营收),单季净利率,0.0306647664380912,0.2548231481627164,0.1806453436757595,0.0894933522520788,0.0820289594494176,-0.1040004705992988,1.2453701232143604,0.7887364256789307,通过
Round5b-barra,sq_margin,财报-盈利,sq(归母净利)/sq(营收),单季净利率,0.013295986999407,0.136634339002886,0.0702914608262634,0.0895282646807833,-0.0196486404168274,-0.2533585266988557,-0.2260790837344277,-0.0775527102751983,|IC|<0.02
Round5b-raw,sq_margin_chg,财报-盈利,sq净利率 - 去年同期sq净利率,单季净利率同比变化,0.0095939080544361,0.1512907124953288,0.0782308120059753,0.0894526309156074,-0.0070979479070487,-0.2194253368524137,-0.1290242209200701,-0.0323478956845483,|IC|<0.02
Round5b-lnmc,sq_margin_chg,财报-盈利,sq净利率 - 去年同期sq净利率,单季净利率同比变化,0.018475231347487,0.1272603040878875,0.1356601662863343,0.0894176470168575,0.0452659061466513,-0.1484091507681944,0.5844900787015209,0.3050075141077644,|IC|<0.02
Round5b-barra,sq_margin_chg,财报-盈利,sq净利率 - 去年同期sq净利率,单季净利率同比变化,0.0106206295266555,0.0982942212581381,0.066115774023731,0.0894526309156074,-0.0211790717384365,-0.3081741367028201,-0.231497092721877,-0.0687243646239531,|IC|<0.02
Round5b-raw,sq_gp_margin,财报-盈利,(GP-lag1(GP))/(REV-lag1(REV)),单季毛利率,0.0025805939589194,0.0473436591032212,0.072138910628726,0.0887993703720069,-0.0184064714721694,-0.1730436751875914,-0.4850581161259596,-0.1063689351963632,|IC|<0.02
Round5b-lnmc,sq_gp_margin,财报-盈利,(GP-lag1(GP))/(REV-lag1(REV)),单季毛利率,0.0037658226333924,0.0320118086581787,0.1056536372051304,0.0887518031054352,0.013155495995561,-0.1513371242723529,0.2457482323096031,0.0869284126998864,|IC|<0.02
Round5b-barra,sq_gp_margin,财报-盈利,(GP-lag1(GP))/(REV-lag1(REV)),单季毛利率,0.0003741065266336,0.0038944869228555,0.077178110862295,0.0887993703720069,-0.0109815357670252,-0.2422398889699228,-0.1765413621354981,-0.0453333091165208,|IC|<0.02
Round5c-raw,net_margin_ttm,财报-盈利,NPT/REV,净利率TTM,0.0075564662987631,0.0680627283605779,0.040858123460602,0.0887243611085237,-0.0538230288486935,-0.4462244227105795,-0.7366373622598102,-0.1206187427432743,|IC|<0.02
Round5c-lnmc,net_margin_ttm,财报-盈利,NPT/REV,净利率TTM,0.0256652362406597,0.2281347935155004,0.1523130326373523,0.088677908050935,0.0575252379220299,-0.1119719784429208,0.9807503611122272,0.5137467312980822,通过
Round5c-barra,net_margin_ttm,财报-盈利,NPT/REV,净利率TTM,0.0169278543187312,0.1676471173016287,0.0708830463340028,0.0887243611085237,-0.0181814712170845,-0.3642106983336958,-0.1605853716361851,-0.0499202008624865,|IC|<0.02
Round5c-raw,op_margin_ttm,财报-盈利,operating_profitTTM/REV,营业利润率TTM,0.0074127914812832,0.0658728907680174,0.0408124376910354,0.0887243611085237,-0.0546126202205835,-0.4476413446027458,-0.710848355358441,-0.1220008403581418,|IC|<0.02
Round5c-lnmc,op_margin_ttm,财报-盈利,operating_profitTTM/REV,营业利润率TTM,0.0256802617903363,0.2388616543361242,0.1436573386725739,0.088677908050935,0.0492616020047727,-0.0957551246462068,0.8791726335881802,0.5144539489325818,通过
Round5c-barra,op_margin_ttm,财报-盈利,operating_profitTTM/REV,营业利润率TTM,0.0158025185962238,0.1583463450957424,0.0653280580827733,0.0887243611085237,-0.0228952441514164,-0.3705194574702652,-0.2138592309358922,-0.0617922856406368,|IC|<0.02
Round5c-raw,sq_margin,财报-盈利,sq(归母净利)/sq(营收),单季净利率,0.0111842343403171,0.1029115137971718,0.0458680201107986,0.0895282646807833,-0.0494032300033483,-0.4353185168776483,-0.6940186090346415,-0.1134875455280339,|IC|<0.02
Round5c-lnmc,sq_margin,财报-盈利,sq(归母净利)/sq(营收),单季净利率,0.0306647664380912,0.2548231481627164,0.1806453436757595,0.0894933522520788,0.0820289594494176,-0.1040004705992988,1.2453701232143604,0.7887364256789307,通过
Round5c-barra,sq_margin,财报-盈利,sq(归母净利)/sq(营收),单季净利率,0.013295986999407,0.136634339002886,0.0702914608262634,0.0895282646807833,-0.0196486404168274,-0.2533585266988557,-0.2260790837344277,-0.0775527102751983,|IC|<0.02
Round5c-raw,roic_ttm,财报-盈利,EBIT/(TA-CL),ROIC(EBIT/投入资本),0.0056213205984269,0.0441807487199441,0.0424357685160443,0.0891155541521175,-0.0525106568350635,-0.5137217216698201,-0.5583514820458702,-0.1022161505345363,|IC|<0.02
Round5c-lnmc,roic_ttm,财报-盈利,EBIT/(TA-CL),ROIC(EBIT/投入资本),0.0167303578302186,0.1658376560793673,0.0848112083807288,0.0890678666865338,-0.0103596521658642,-0.3268690248789777,-0.1026043947424385,-0.0316935878818736,|IC|<0.02
Round5c-barra,roic_ttm,财报-盈利,EBIT/(TA-CL),ROIC(EBIT/投入资本),0.011671328310194,0.1369978124033841,0.0626563277179428,0.0891155541521175,-0.0284307682611345,-0.3415233450008282,-0.4336322142527196,-0.0832469249241676,|IC|<0.02
Round5c-raw,roe_ttm,财报-盈利,NI/EQ,ROE(归母TTM),0.00674269215532,0.0499836219652293,0.0396814272362111,0.0881789074114798,-0.0540029983131786,-0.5296274982730926,-0.557700164588834,-0.1019641134368235,|IC|<0.02
Round5c-lnmc,roe_ttm,财报-盈利,NI/EQ,ROE(归母TTM),0.0202013714421042,0.1830012079735616,0.1019519820547087,0.088132345022041,0.0125803294439983,-0.1628341254786038,0.2200888105720049,0.0772585562579225,Calmar=0.08<0.5
Round5c-barra,roe_ttm,财报-盈利,NI/EQ,ROE(归母TTM),0.0086703022233351,0.0974907441363564,0.0635785382023534,0.0881789074114798,-0.0228171427386717,-0.2554937748239989,-0.3034644403036803,-0.0893060613879524,|IC|<0.02
Round5c-raw,roa_ttm,财报-盈利,NPT/TA,ROA(TTM),0.0080356004837258,0.0658660767354132,0.0441940975199384,0.0881789074114798,-0.0488890066706276,-0.5177107291190306,-0.5156786273562123,-0.0944330567647696,|IC|<0.02
Round5c-lnmc,roa_ttm,财报-盈利,NPT/TA,ROA(TTM),0.0163973912628164,0.1839096021703146,0.0709437355936202,0.088132345022041,-0.0197790339454007,-0.313715857118253,-0.3097906920423082,-0.0630476066051871,|IC|<0.02
Round5c-barra,roa_ttm,财报-盈利,NPT/TA,ROA(TTM),0.0134249789929335,0.1953219139834014,0.0678600233433377,0.0881789074114798,-0.0206267085073083,-0.2597035623375653,-0.4138221135980882,-0.079424049179955,|IC|<0.02
Round5c-raw,gp_asset,财报-盈利,GP/TA,毛利率资产比(Novy-Marx),0.0074680021975595,0.0688555720041794,0.0689209856879995,0.0890970287418146,-0.0280755046519551,-0.4375063961524491,-0.2364130610109011,-0.0641716438864868,|IC|<0.02
Round5c-lnmc,gp_asset,财报-盈利,GP/TA,毛利率资产比(Novy-Marx),0.0129423587345784,0.1325918241314607,0.0716561863283098,0.0890493360693223,-0.0240262393609387,-0.4000791872585439,-0.2209134469601371,-0.0600537096807592,|IC|<0.02
Round5c-barra,gp_asset,财报-盈利,GP/TA,毛利率资产比(Novy-Marx),0.013152343019373,0.2122282262640427,0.0814131890770986,0.0890970287418146,-0.0124052048137568,-0.2746030389633728,-0.1684445356185701,-0.0451750456243547,|IC|<0.02
Round5c-raw,sq_np_yoy,财报-成长,"growth(sq(归母净利), sq(归母净利,-4季))",单季归母净利同比,0.0112597969020088,0.1435543209413056,0.1088366841627599,0.0895032928490509,0.0203251861748796,-0.1541963501084104,0.3866196111111638,0.1318136658915057,|IC|<0.02
Round5c-lnmc,sq_np_yoy,财报-成长,"growth(sq(归母净利), sq(归母净利,-4季))",单季归母净利同比,0.0174916941866544,0.1895202660746561,0.1334286327107414,0.0894683683902388,0.0431310562751874,-0.0721463604923762,0.8285233529599677,0.5978271943426049,|IC|<0.02
Round5c-barra,sq_np_yoy,财报-成长,"growth(sq(归母净利), sq(归母净利,-4季))",单季归母净利同比,0.0107047671217568,0.1373402785796722,0.104948833548508,0.0895032928490509,0.0138899367521088,-0.0631198533830517,0.2928836161958146,0.2200565433480299,|IC|<0.02
Round5c-raw,ttm_np_chg,财报-成长,"growth(NPT, lag1(NPT))",净利润TTM环比变化率,0.0106553555240543,0.1414353671323954,0.1119485087570817,0.0879448480286799,0.0242651410361312,-0.1596300473995617,0.4776839195688084,0.1520086063458615,|IC|<0.02
Round5c-lnmc,ttm_np_chg,财报-成长,"growth(NPT, lag1(NPT))",净利润TTM环比变化率,0.0125260983526098,0.1419108466962356,0.1266326887892797,0.0878984145123606,0.0366899263378601,-0.1273367962453773,0.7077853081930654,0.2881329467969249,|IC|<0.02
Round5c-barra,ttm_np_chg,财报-成长,"growth(NPT, lag1(NPT))",净利润TTM环比变化率,0.0073058437187391,0.1018160015653861,0.1230744671529859,0.0879448480286799,0.0323828749080032,-0.0806269177218529,0.6439983922458682,0.4016385076224526,|IC|<0.02
Round5c-raw,combo_margin,财报-复合,"mean(rank(net_margin_ttm), rank(op_margin_ttm), rank(sq_margin))",利润率复合,0.0092817630459625,0.0800589215720461,0.0446476756817324,0.0887508315895455,-0.0512613087289233,-0.4483046415246279,-0.6508253619168753,-0.1143448092676222,|IC|<0.02
Round5c-lnmc,combo_margin,财报-复合,"mean(rank(net_margin_ttm), rank(op_margin_ttm), rank(sq_margin))",利润率复合,0.0161381491164417,0.1960614556934737,0.0825725284436469,0.0887043856513463,-0.0075913811161101,-0.1778876676877946,-0.1771054722905794,-0.042675139962111,|IC|<0.02
Round5c-barra,combo_margin,财报-复合,"mean(rank(net_margin_ttm), rank(op_margin_ttm), rank(sq_margin))",利润率复合,0.0146297261846521,0.2001213435247883,0.0971551856107961,0.0887508315895455,0.0075998275765818,-0.0940060553548067,0.2469925902540475,0.0808440216739,|IC|<0.02
Round5c-raw,combo_profit,财报-复合,mean(rank(7个盈利因子)),盈利能力复合(净利率/营业利润率/单季净利率/ROIC/ROE/ROA/毛利资产比),0.0082930073085803,0.0638897716177744,0.0609975238960687,0.0897041465954666,-0.0357776792080823,-0.4889345814605218,-0.3444448440586642,-0.0731747774951999,|IC|<0.02
Round5c-lnmc,combo_profit,财报-复合,mean(rank(7个盈利因子)),盈利能力复合(净利率/营业利润率/单季净利率/ROIC/ROE/ROA/毛利资产比),0.0158723585093749,0.1587781363025701,0.0860840606693458,0.0896565830996583,-0.0064484170340073,-0.2518374475003034,-0.0802618691335379,-0.0256054732845065,|IC|<0.02
Round5c-barra,combo_profit,财报-复合,mean(rank(7个盈利因子)),盈利能力复合(净利率/营业利润率/单季净利率/ROIC/ROE/ROA/毛利资产比),0.0151404024674834,0.1791911163097639,0.0850944658468959,0.0897041465954666,-0.0052966819163837,-0.1651664121777806,-0.1027994190838971,-0.0320687592988492,|IC|<0.02
Round5c-raw,combo_growth,财报-复合,"mean(rank(sq_np_yoy), rank(ttm_np_chg), rank(sq_rev_yoy), rank(ttm_rev_chg), rank(sue_np))",单季成长复合(唯一稳健正信号),0.0121263652090301,0.1360460636888886,0.125049486253951,0.0879124418517864,0.0361230702613564,-0.2461744181260847,0.5214016620008475,0.1467377095326575,|IC|<0.02
Round5c-lnmc,combo_growth,财报-复合,"mean(rank(sq_np_yoy), rank(ttm_np_chg), rank(sq_rev_yoy), rank(ttm_rev_chg), rank(sue_np))",单季成长复合(唯一稳健正信号),0.0149124863485026,0.1848570877914913,0.1425755079596922,0.0878659128817003,0.0541973360333785,-0.1257502717762888,0.9030462909852102,0.4309918003978248,|IC|<0.02
Round5c-barra,combo_growth,财报-复合,"mean(rank(sq_np_yoy), rank(ttm_np_chg), rank(sq_rev_yoy), rank(ttm_rev_chg), rank(sue_np))",单季成长复合(唯一稳健正信号),0.0141890482421217,0.2196949044875335,0.1278683292898694,0.0879124418517864,0.0402354425964952,-0.070503834999817,0.8464624626075321,0.5706844542087627,|IC|<0.02
Round6-raw,roe_avg,JQ-盈利,NI/avgEQ,"ROE(平均净资产口径, JQ定义)",0.006743448614242,0.0496119116132478,0.0424498890973858,0.0881789074114798,-0.0513352569871897,-0.5265072755549864,-0.5185789273397092,-0.0975015149279328,|IC|<0.02
Round6-lnmc,roe_avg,JQ-盈利,NI/avgEQ,"ROE(平均净资产口径, JQ定义)",0.0139534818618686,0.1391923303531249,0.0696150219429951,0.088132345022041,-0.0190604691953203,-0.246714702039543,-0.3448930104832561,-0.0772571275151059,|IC|<0.02
Round6-barra,roe_avg,JQ-盈利,NI/avgEQ,"ROE(平均净资产口径, JQ定义)",0.0137379844675354,0.1605302585904418,0.0745652809509802,0.0881789074114798,-0.0135455823273638,-0.2198123223964199,-0.3151947503456171,-0.0616233984504975,|IC|<0.02
Round6-strat,roe_avg,JQ-盈利,NI/avgEQ,"ROE(平均净资产口径, JQ定义)",0.0161341680860423,0.1901434776805106,0.0673244591517103,0.0881789074114798,-0.0220501108100981,-0.2599321474689536,-0.4766798944900492,-0.0848302567604947,|IC|<0.02
Round6-raw,roa_avg,JQ-盈利,NPT/avgTA,"ROA(平均总资产口径, JQ定义)",0.0077176747789074,0.062316048023107,0.0472563416523079,0.0881789074114798,-0.045747489523344,-0.5156828964786127,-0.4653722729930198,-0.088712442929046,|IC|<0.02
Round6-lnmc,roa_avg,JQ-盈利,NPT/avgTA,"ROA(平均总资产口径, JQ定义)",0.0130062252522693,0.1262423722466322,0.0706160043785353,0.088132345022041,-0.0186574470478168,-0.3002986283591102,-0.2798038166497631,-0.0621296445800125,|IC|<0.02
Round6-barra,roa_avg,JQ-盈利,NPT/avgTA,"ROA(平均总资产口径, JQ定义)",0.0134224695125458,0.1599072756652057,0.0772022722060772,0.0881789074114798,-0.01050964794287,-0.1937957079306866,-0.2127936950625156,-0.0542305505890198,|IC|<0.02
Round6-strat,roa_avg,JQ-盈利,NPT/avgTA,"ROA(平均总资产口径, JQ定义)",0.0165080794323932,0.1881794944857508,0.0715641341363446,0.0881789074114798,-0.0179919666114428,-0.2390294857870619,-0.3467354977658832,-0.0752709087424925,|IC|<0.02
Round6-raw,sell_exp_neg,JQ-费用,-selling_expense/operating_revenue,销售费用率(反向),0.0031009901462175,0.0301218597229466,0.0577040106338619,0.0902968031841104,-0.0386288295587544,-0.3507196122196241,-0.3988223086354006,-0.1101416294181025,|IC|<0.02
Round6-lnmc,sell_exp_neg,JQ-费用,-selling_expense/operating_revenue,销售费用率(反向),0.0054362091033755,0.0548140878495969,0.0717566667006333,0.0902615646362496,-0.0221113853968585,-0.2173108833516426,-0.2509672923845604,-0.1017500138779468,|IC|<0.02
Round6-barra,sell_exp_neg,JQ-费用,-selling_expense/operating_revenue,销售费用率(反向),0.0036182779228039,0.0871450774050931,0.0774496880815296,0.0902968031841104,-0.0103665440434265,-0.1438550295768418,-0.3374747284498749,-0.0720624372600688,|IC|<0.02
Round6-strat,sell_exp_neg,JQ-费用,-selling_expense/operating_revenue,销售费用率(反向),0.005463424920266,0.1358878367611709,0.0895117050335232,0.0902968031841104,0.001898735432259,-0.0847603011629756,0.0737379304397013,0.0224012350853755,|IC|<0.02
Round6-raw,admin_exp_neg,JQ-费用,-administration_expenseTTM/TOTREV,管理费用率(反向),0.0036307590619337,0.0358534105269882,0.0721221254534585,0.0891155541521175,-0.0229199140043198,-0.266588134512427,-0.3413027866478928,-0.0859749967726016,|IC|<0.02
Round6-lnmc,admin_exp_neg,JQ-费用,-administration_expenseTTM/TOTREV,管理费用率(反向),0.009885318128796,0.1254646800261958,0.0958324742653542,0.0890678666865338,0.0044811247891622,-0.1190700871166994,0.1144994380386895,0.0376343454319504,|IC|<0.02
Round6-barra,admin_exp_neg,JQ-费用,-administration_expenseTTM/TOTREV,管理费用率(反向),0.0085097895602761,0.1996381578130757,0.0925006910728918,0.0891155541521175,0.0032382339833703,-0.0976444488177957,0.1061289057610542,0.0331635236060663,|IC|<0.02
Round6-strat,admin_exp_neg,JQ-费用,-administration_expenseTTM/TOTREV,管理费用率(反向),0.0116122508167912,0.2902346874608313,0.0915001360998419,0.0891155541521175,0.0023735935451072,-0.0991186591648155,0.084963072651378,0.0239469900532089,|IC|<0.02
Round6-raw,fin_exp_neg,JQ-费用,-financial_expenseTTM/TOTREV,财务费用率(反向),0.0108641332149537,0.147052799806995,0.0933937255824481,0.0891155541521175,0.0050150443314069,-0.1804597987766031,0.1418235430320407,0.0277903686328236,|IC|<0.02
Round6-lnmc,fin_exp_neg,JQ-费用,-financial_expenseTTM/TOTREV,财务费用率(反向),0.0113705488312499,0.1559343246498411,0.0987940196236063,0.0890678666865338,0.010366216640067,-0.1549778119628289,0.2786517445685778,0.066888392014164,|IC|<0.02
Round6-barra,fin_exp_neg,JQ-费用,-financial_expenseTTM/TOTREV,财务费用率(反向),0.0115646623356734,0.2352915764372574,0.0985248095303037,0.0891155541521175,0.0094664030522213,-0.0844633634292146,0.3271394960064002,0.1120770316014559,|IC|<0.02
Round6-strat,fin_exp_neg,JQ-费用,-financial_expenseTTM/TOTREV,财务费用率(反向),0.0121735301325687,0.2569142043333415,0.0905822376461997,0.0891155541521175,0.0024285616908468,-0.086861625639492,0.0957857950872997,0.0279589712138965,|IC|<0.02
Round6-raw,op_exp_neg,JQ-费用,-operating_expenseTTM/TOTREV,营业费用率(反向),0.0023968582486011,0.023061949119123,0.0575643902724896,0.0895557118686214,-0.0376825926054575,-0.346513648980509,-0.3967326715128539,-0.1087477873276419,|IC|<0.02
Round6-lnmc,op_exp_neg,JQ-费用,-operating_expenseTTM/TOTREV,营业费用率(反向),0.005167148905151,0.0517913611021128,0.0743591232130291,0.0895078588331679,-0.0181108105732311,-0.1994963884050563,-0.214239320107206,-0.0907826488390309,|IC|<0.02
Round6-barra,op_exp_neg,JQ-费用,-operating_expenseTTM/TOTREV,营业费用率(反向),0.0029007776196647,0.0701178198168194,0.0832054725224245,0.0895557118686214,-0.0041743178854175,-0.1048001302340349,-0.1265006830296126,-0.0398312280346947,|IC|<0.02
Round6-strat,op_exp_neg,JQ-费用,-operating_expenseTTM/TOTREV,营业费用率(反向),0.0050192650451431,0.120153171729693,0.0978936765942788,0.0895557118686214,0.0110628595247135,-0.0731091373373161,0.3048269612222151,0.1513197929510632,|IC|<0.02
Round6-raw,total_cost_neg,JQ-费用,-total_operating_costTTM/TOTREV,营业总成本率(反向),0.0085617560086061,0.074553932838776,0.0580710868034819,0.0891155541521175,-0.0373352295090099,-0.4029991318777922,-0.4933015097746059,-0.0926434489698396,|IC|<0.02
Round6-lnmc,total_cost_neg,JQ-费用,-total_operating_costTTM/TOTREV,营业总成本率(反向),0.0150816079933302,0.173228083258189,0.0871739225103576,0.0890678666865338,-0.0035282274079113,-0.1586938310363596,-0.0698911122173079,-0.0222329209955425,|IC|<0.02
Round6-barra,total_cost_neg,JQ-费用,-total_operating_costTTM/TOTREV,营业总成本率(反向),0.0142434298550989,0.1898352566341913,0.0895550217647709,0.0891155541521175,0.0001664428053087,-0.1087651347371667,0.0211694328109684,0.0015302955833316,|IC|<0.02
Round6-strat,total_cost_neg,JQ-费用,-total_operating_costTTM/TOTREV,营业总成本率(反向),0.017767184159257,0.2527322508430247,0.0883209019127,0.0891155541521175,-0.0013566570532492,-0.1135450162838572,-0.0243923944937468,-0.0119481866985486,|IC|<0.02
Round6-raw,gp_margin2,JQ-盈利,GP/TOTREV,毛利率(营业总收入口径),0.0037401822976307,0.0418069407012334,0.0615608584743894,0.0891155541521175,-0.0306315383062706,-0.362624923544019,-0.3788835625438104,-0.0844716849765906,|IC|<0.02
Round6-lnmc,gp_margin2,JQ-盈利,GP/TOTREV,毛利率(营业总收入口径),0.0059386331051893,0.0704683736841779,0.0774465295685082,0.0890678666865338,-0.013647279150434,-0.2745779142524354,-0.1745983374804974,-0.0497027562744443,|IC|<0.02
Round6-barra,gp_margin2,JQ-盈利,GP/TOTREV,毛利率(营业总收入口径),0.0074595308402815,0.1309594633658073,0.102652684166429,0.0891155541521175,0.0119369544075573,-0.07876010531224,0.371918584673976,0.1515609249153995,|IC|<0.02
Round6-strat,gp_margin2,JQ-盈利,GP/TOTREV,毛利率(营业总收入口径),0.009438233797788,0.1736655861812143,0.1080217186183318,0.0891155541521175,0.0185189250949282,-0.0561000493508168,0.5979557662867497,0.3301053262738105,|IC|<0.02
Round6-raw,ocf_to_revenue,JQ-现金流,CFO/REV,经营现金流/营业收入,0.0085146999809901,0.1162169509255368,0.0523387965174386,0.0887243611085237,-0.0424077352895185,-0.3618811039332839,-0.6308301812858722,-0.1171869291559827,|IC|<0.02
Round6-lnmc,ocf_to_revenue,JQ-现金流,CFO/REV,经营现金流/营业收入,0.0127994221490007,0.2399727678061672,0.0892076277378011,0.088677908050935,-0.0013277387852276,-0.1089938272172575,-0.0114734965641847,-0.0121817796395115,|IC|<0.02
Round6-barra,ocf_to_revenue,JQ-现金流,CFO/REV,经营现金流/营业收入,0.012794882803229,0.3495483737532088,0.1041990207053291,0.0887243611085237,0.0165119023351976,-0.0634008625492663,0.535958819416906,0.260436556716667,|IC|<0.02
Round6-strat,ocf_to_revenue,JQ-现金流,CFO/REV,经营现金流/营业收入,0.0139245656406062,0.4025572157201348,0.0969035075345483,0.0887243611085237,0.0095256981556135,-0.1053438205423603,0.3258524026579864,0.090424840361501,|IC|<0.02
Round6-raw,ocf_to_opprofit,JQ-现金流,CFO/OP,经营现金流/营业利润(利润含金量),0.0095380858676825,0.1894466659675737,0.0914750906336967,0.0881789074114798,0.0032093122054392,-0.1011282728510699,0.1020489318329802,0.0317350639436471,|IC|<0.02
Round6-lnmc,ocf_to_opprofit,JQ-现金流,CFO/OP,经营现金流/营业利润(利润含金量),0.0121090851450584,0.2970325592784917,0.108557281880657,0.088132345022041,0.0217576936390622,-0.0907456757126613,0.4947232158197196,0.2397656248431732,|IC|<0.02
Round6-barra,ocf_to_opprofit,JQ-现金流,CFO/OP,经营现金流/营业利润(利润含金量),0.0113670663041703,0.3743294412012796,0.0979978333382547,0.0881789074114798,0.0132505943528946,-0.1096835141220725,0.329975406089231,0.1208075293625929,|IC|<0.02
Round6-strat,ocf_to_opprofit,JQ-现金流,CFO/OP,经营现金流/营业利润(利润含金量),0.012191760239692,0.4079168299667841,0.0783965146364218,0.0881789074114798,-0.0063849941725977,-0.100949492833035,-0.1622551623910637,-0.0632493932699412,|IC|<0.02
Round6-raw,sale_cash_to_rev,JQ-现金流,cash_received_from_sales_of_goods/operating_revenue,销售收现比(收入含金量),0.0001667060873874,0.002934520087973,0.0723745128121637,0.0901907241030317,-0.0138282998065851,-0.2333765348295431,-0.245463406444017,-0.0592531713468335,|IC|<0.02
Round6-lnmc,sale_cash_to_rev,JQ-现金流,cash_received_from_sales_of_goods/operating_revenue,销售收现比(收入含金量),-0.0010682035882914,-0.0191544104005861,0.0660333018768004,0.0901550644844773,-0.0196566377863918,-0.2255225642738315,-0.3809939624485234,-0.087160403881026,|IC|<0.02
Round6-barra,sale_cash_to_rev,JQ-现金流,cash_received_from_sales_of_goods/operating_revenue,销售收现比(收入含金量),0.0002489137723579,0.0085088250814995,0.0807246919011037,0.0901907241030317,-0.0042750469014162,-0.113584692318966,-0.0925004059793623,-0.0376375268016849,|IC|<0.02
Round6-strat,sale_cash_to_rev,JQ-现金流,cash_received_from_sales_of_goods/operating_revenue,销售收现比(收入含金量),-0.0009926164148246,-0.0321728642082521,0.0682544510780822,0.0901907241030317,-0.015276432745982,-0.1700071583508661,-0.3723439583646529,-0.0898575853756347,|IC|<0.02
Round6-raw,cash_ratio,JQ-偿债,CASH/CL,现金比率,0.0069066674555604,0.1037331550391703,0.0841293720134761,0.0898620334207691,-0.0046003876151465,-0.206489017552107,-0.0803890157924304,-0.022279091012604,|IC|<0.02
Round6-lnmc,cash_ratio,JQ-偿债,CASH/CL,现金比率,0.008197670895972,0.1278037400302811,0.0900407604122368,0.0898268091077032,0.0019787120443128,-0.1836410134020389,0.067102254618161,0.0107748917720299,|IC|<0.02
Round6-barra,cash_ratio,JQ-偿债,CASH/CL,现金比率,0.007341290942377,0.1762709818956235,0.0997529607365683,0.0898620334207691,0.0116860803255032,-0.0878074428356647,0.3600714496200589,0.1330875828757956,|IC|<0.02
Round6-strat,cash_ratio,JQ-偿债,CASH/CL,现金比率,0.0086291037184492,0.2131026105591413,0.0836993095290909,0.0898620334207691,-0.0030748099201828,-0.1158748353488684,-0.0764549851868482,-0.0265356141471562,|IC|<0.02
Round6-raw,quick_ratio,JQ-偿债,(CA-INV)/CL,速动比率,0.0052181738820877,0.0538012762461036,0.0921982106601211,0.0903125945478466,0.0063116063593871,-0.1736129409154999,0.1399718195212948,0.0363544694658392,|IC|<0.02
Round6-lnmc,quick_ratio,JQ-偿债,(CA-INV)/CL,速动比率,0.0033328412510583,0.0354214952644573,0.0816452725765528,0.0902767369159043,-0.0053377801812476,-0.2360138691742871,-0.0654569663018948,-0.0226163835198426,|IC|<0.02
Round6-barra,quick_ratio,JQ-偿债,(CA-INV)/CL,速动比率,0.0028024843535379,0.0552024754050077,0.079297934008242,0.0903125945478466,-0.0105939177342089,-0.131616679709869,-0.296614275355057,-0.0804906928024758,|IC|<0.02
Round6-strat,quick_ratio,JQ-偿债,(CA-INV)/CL,速动比率,0.0038222737244294,0.0755990416992528,0.0810308915591098,0.0903125945478466,-0.0073373551384422,-0.1185437969038872,-0.2102887484666607,-0.0618957324641053,|IC|<0.02
Round6-raw,ocf_to_asset,JQ-现金流,CFO/TA,经营现金流/总资产(现金回报),0.0104140421696372,0.1204050033292774,0.0850378756590144,0.0881789074114798,-0.0115816511522419,-0.3341536668797389,-0.1340267502389958,-0.0346596560211029,|IC|<0.02
Round6-lnmc,ocf_to_asset,JQ-现金流,CFO/TA,经营现金流/总资产(现金回报),0.0145060611397658,0.2141077320586326,0.1103637170945184,0.088132345022041,0.0174332302047832,-0.0977199692799171,0.418859969697272,0.1783998739791464,|IC|<0.02
Round6-barra,ocf_to_asset,JQ-现金流,CFO/TA,经营现金流/总资产(现金回报),0.0155983724022913,0.3233231844816703,0.1169464407424065,0.0881789074114798,0.0276875151881939,-0.0839795959064255,1.0631785634320488,0.3296933605044345,|IC|<0.02
Round6-strat,ocf_to_asset,JQ-现金流,CFO/TA,经营现金流/总资产(现金回报),0.0164932874729442,0.3297296378814559,0.1054110318829297,0.0881789074114798,0.0149930548772487,-0.1170891636522891,0.5432610815291503,0.1280481849009744,|IC|<0.02
Round6-raw,op_profit_to_profit,JQ-质量,OP/TP,营业利润/利润总额(主业占比),0.002656281551729,0.0903556030592427,0.0788967566290541,0.0881789074114798,-0.0058512690181691,-0.1292173449267802,-0.1453315812255635,-0.0452823807940388,|IC|<0.02
Round6-lnmc,op_profit_to_profit,JQ-质量,OP/TP,营业利润/利润总额(主业占比),0.0039098710594954,0.1584007891819467,0.0842308202781105,0.088132345022041,0.0004234855469817,-0.1518128555123825,0.0314451579780059,0.0027895236246791,|IC|<0.02
Round6-barra,op_profit_to_profit,JQ-质量,OP/TP,营业利润/利润总额(主业占比),0.0037750115004229,0.2035942387260653,0.0850592733592858,0.0881789074114798,0.0012598039893387,-0.1357600667112212,0.0506726414020728,0.0092796359036751,|IC|<0.02
Round6-strat,op_profit_to_profit,JQ-质量,OP/TP,营业利润/利润总额(主业占比),0.0048187167734932,0.2613791042208772,0.0671731282593104,0.0881789074114798,-0.0177038714557067,-0.1498336882820404,-0.5794110063018141,-0.1181568154578276,|IC|<0.02
Round6-raw,inv_profit_neg,JQ-质量,-ni_from_value_changeTTM/TP,价值变动净收益占比(反向),-0.0034706494717803,-0.0759578448827752,0.0894140880575804,0.0881915202387506,0.0063106641349526,-0.1181617176609939,0.1611040098054737,0.0534070108311892,|IC|<0.02
Round6-lnmc,inv_profit_neg,JQ-质量,-ni_from_value_changeTTM/TP,价值变动净收益占比(反向),-0.0059682505725712,-0.1667605214810369,0.0656771084324163,0.0881449667609908,-0.017688991492632,-0.1652659829895859,-0.5224515521338294,-0.1070334691546698,|IC|<0.02
Round6-barra,inv_profit_neg,JQ-质量,-ni_from_value_changeTTM/TP,价值变动净收益占比(反向),-0.0051374457870602,-0.2107013898609533,0.0697364393479016,0.0881915202387506,-0.0136066144956321,-0.1441990261987594,-0.3586525423577041,-0.0943599610504805,|IC|<0.02
Round6-strat,inv_profit_neg,JQ-质量,-ni_from_value_changeTTM/TP,价值变动净收益占比(反向),-0.0054764899370609,-0.2199155612669097,0.0703096757885437,0.0881915202387506,-0.0135220718887926,-0.1221727654464788,-0.3620073645983681,-0.1106799198608329,|IC|<0.02
Round6-raw,ded_to_profit,JQ-质量,net_profit_deduct_non_recurring_pnl/net_profit,扣非净利润/净利润(盈利质量),-0.0005177944082509,-0.0175791917953129,0.0913953551349611,0.0895032928490509,0.0088112887228959,-0.150388224040343,0.1792760943528707,0.0585902837746938,|IC|<0.02
Round6-lnmc,ded_to_profit,JQ-质量,net_profit_deduct_non_recurring_pnl/net_profit,扣非净利润/净利润(盈利质量),-0.0007235962471872,-0.0266907699411655,0.0893369880014096,0.0894683683902388,0.0070109026916649,-0.1591982610792717,0.1487181827496019,0.0440388145205549,|IC|<0.02
Round6-barra,ded_to_profit,JQ-质量,net_profit_deduct_non_recurring_pnl/net_profit,扣非净利润/净利润(盈利质量),-0.0011435078489255,-0.0489891749520736,0.0875645696174447,0.0895032928490509,0.0045147783578618,-0.1548763110507952,0.110570701684304,0.0291508645010347,|IC|<0.02
Round6-strat,ded_to_profit,JQ-质量,net_profit_deduct_non_recurring_pnl/net_profit,扣非净利润/净利润(盈利质量),-0.0015879477476232,-0.0712309587907756,0.0655773034462596,0.0895032928490509,-0.0175684642055869,-0.1581897404244551,-0.4137856964199184,-0.1110594413926418,|IC|<0.02
Round6-raw,op_profit_to_asset,JQ-盈利,OP/TA,营业利润/总资产,0.0079928641900779,0.0653094577139575,0.0439173826182099,0.0881789074114798,-0.0497799120603913,-0.5153894096557992,-0.5271489279222065,-0.0965869905895751,|IC|<0.02
Round6-lnmc,op_profit_to_asset,JQ-盈利,OP/TA,营业利润/总资产,0.0133976657759455,0.1345179516909907,0.0735284057120693,0.088132345022041,-0.0166383628541416,-0.2798491230098725,-0.2555754729937992,-0.0594547614628568,|IC|<0.02
Round6-barra,op_profit_to_asset,JQ-盈利,OP/TA,营业利润/总资产,0.0140370707975441,0.1715703374394253,0.0800942806872972,0.0881789074114798,-0.0079341455454554,-0.1497275601246893,-0.1729875795190838,-0.0529905485593173,|IC|<0.02
Round6-strat,op_profit_to_asset,JQ-盈利,OP/TA,营业利润/总资产,0.0171472878219906,0.2003610757989868,0.0725109227984213,0.0881789074114798,-0.0169222873633908,-0.2146400322396596,-0.3606301480400956,-0.078840313183032,|IC|<0.02
Round6-raw,inc_total_rev_yoy,JQ-成长,"growth(TOTREV, lag4(TOTREV))",营业总收入TTM同比,0.0023670096462028,0.0272362803078401,0.0739504707589622,0.0890729992666539,-0.0117674416950325,-0.3050588656314819,-0.1578497699272135,-0.0385743311235145,|IC|<0.02
Round6-lnmc,inc_total_rev_yoy,JQ-成长,"growth(TOTREV, lag4(TOTREV))",营业总收入TTM同比,0.0058761877488862,0.0770067244987212,0.1046609136843312,0.0890253418562283,0.0194113148570314,-0.1056023470652466,0.4213562537407527,0.1838151840037994,|IC|<0.02
Round6-barra,inc_total_rev_yoy,JQ-成长,"growth(TOTREV, lag4(TOTREV))",营业总收入TTM同比,0.0048345077408833,0.0868768237523897,0.0808105924204769,0.0890729992666539,-0.0039473654982813,-0.1433297650546795,-0.0956288660227619,-0.0275404449088118,|IC|<0.02
Round6-strat,inc_total_rev_yoy,JQ-成长,"growth(TOTREV, lag4(TOTREV))",营业总收入TTM同比,0.0070666418290603,0.1333767235141705,0.0715971668777022,0.0890729992666539,-0.0126825070146481,-0.1702517010870246,-0.3578207012153706,-0.0744926889638854,|IC|<0.02
Round6-raw,inc_rev_yoy,JQ-成长,"growth(REV, lag4(REV))",营业收入TTM同比,0.0022553572659599,0.0261134346822441,0.071004294182202,0.0880981517841084,-0.0132024900339772,-0.303198085405474,-0.1796077838782231,-0.0435441075306304,|IC|<0.02
Round6-lnmc,inc_rev_yoy,JQ-成长,"growth(REV, lag4(REV))",营业收入TTM同比,0.0050353248428309,0.0646531226556857,0.0957252263136638,0.0880516079794582,0.0120418720029871,-0.1310062342782088,0.2654403400862573,0.0919183126614771,|IC|<0.02
Round6-barra,inc_rev_yoy,JQ-成长,"growth(REV, lag4(REV))",营业收入TTM同比,0.0049072307632695,0.0884010146921619,0.0827819814544275,0.0880981517841084,-0.0010585620451094,-0.1322695509353914,-0.0129682910989174,-0.0080030667498563,|IC|<0.02
Round6-strat,inc_rev_yoy,JQ-成长,"growth(REV, lag4(REV))",营业收入TTM同比,0.0067576781730231,0.1219048053908554,0.0685830499362809,0.0880981517841084,-0.016201146394951,-0.2036335145724543,-0.4650524353498677,-0.0795603141701243,|IC|<0.02
Round6-raw,inc_op_profit_yoy,JQ-成长,"growth(OP, lag4(OP))",营业利润TTM同比,0.0029840569168408,0.0403817367972889,0.0754507895637279,0.0880793590918589,-0.0098177978470552,-0.2116826559002782,-0.1826018872769269,-0.0463797934001751,|IC|<0.02
Round6-lnmc,inc_op_profit_yoy,JQ-成长,"growth(OP, lag4(OP))",营业利润TTM同比,0.005926278039592,0.0938797553559524,0.0997211586862469,0.0880328168058754,0.0145420867736418,-0.0535389466118982,0.3867897539259908,0.2716169759382248,|IC|<0.02
Round6-barra,inc_op_profit_yoy,JQ-成长,"growth(OP, lag4(OP))",营业利润TTM同比,0.0057035488600005,0.110729348035576,0.1015591454701201,0.0880793590918589,0.0171978334793148,-0.0635315832080964,0.4724517246164154,0.2706973856291859,|IC|<0.02
Round6-strat,inc_op_profit_yoy,JQ-成长,"growth(OP, lag4(OP))",营业利润TTM同比,0.007245405669301,0.1395230789236917,0.0748394174308562,0.0880793590918589,-0.0094895005443469,-0.1513551018669866,-0.2839995247748864,-0.0626969320973829,|IC|<0.02
Round6-raw,inc_np_yoy,JQ-成长,"growth(NPT, lag4(NPT))",净利润TTM同比,0.002894698639391,0.0380836849004876,0.0718491514709407,0.0880793590918589,-0.0128739846429366,-0.2130549273793104,-0.2469700594869218,-0.0604256601867581,|IC|<0.02
Round6-lnmc,inc_np_yoy,JQ-成长,"growth(NPT, lag4(NPT))",净利润TTM同比,0.0058856722782555,0.0918822995079786,0.0884738353375003,0.0880328168058754,0.0042419571451133,-0.0746869428445444,0.1246920253743219,0.0567965026221873,|IC|<0.02
Round6-barra,inc_np_yoy,JQ-成长,"growth(NPT, lag4(NPT))",净利润TTM同比,0.005645299419469,0.1075522573439918,0.0957576004158278,0.0880793590918589,0.0119176397443436,-0.0532032309157891,0.3305295215863036,0.2240021806797239,|IC|<0.02
Round6-strat,inc_np_yoy,JQ-成长,"growth(NPT, lag4(NPT))",净利润TTM同比,0.0072292434187851,0.1365568657353433,0.07461905442058,0.0880793590918589,-0.0098324860862203,-0.1483277076103955,-0.2901159428389807,-0.0662889371421205,|IC|<0.02
Round6-raw,inc_np_sh_yoy,JQ-成长,"growth(NI, lag4(NI))",归母净利TTM同比,0.0030734997896712,0.0402905786043568,0.0700150165707262,0.0880793590918589,-0.0147883556971677,-0.2178815787045764,-0.2880273875362399,-0.0678733639855764,|IC|<0.02
Round6-lnmc,inc_np_sh_yoy,JQ-成长,"growth(NI, lag4(NI))",归母净利TTM同比,0.0060347826148416,0.0939650878817186,0.0912642993605246,0.0880328168058754,0.0067840306144089,-0.0736916271295063,0.1884910273918913,0.0920597207398689,|IC|<0.02
Round6-barra,inc_np_sh_yoy,JQ-成长,"growth(NI, lag4(NI))",归母净利TTM同比,0.0057075503882995,0.1087428773141348,0.0919299718364876,0.0880793590918589,0.0082343093544652,-0.0723115484608596,0.2390173880793209,0.1138726735871552,|IC|<0.02
Round6-strat,inc_np_sh_yoy,JQ-成长,"growth(NI, lag4(NI))",归母净利TTM同比,0.0073894871340798,0.1394975826353816,0.0704593633469869,0.0880793590918589,-0.0136435835835648,-0.1797125119564095,-0.4155837573043431,-0.0759189409520591,|IC|<0.02
Round6-raw,inc_total_rev_qoq,JQ-成长,"growth(TOTREV, lag1(TOTREV))",营业总收入TTM环比,0.0095798376270308,0.1163273468948779,0.1069707548285476,0.0889296367485221,0.0190986160474655,-0.2040930497737355,0.3257538349308652,0.0935779835160428,|IC|<0.02
Round6-lnmc,inc_total_rev_qoq,JQ-成长,"growth(TOTREV, lag1(TOTREV))",营业总收入TTM环比,0.0124153799474359,0.1663310647438939,0.1254997654876837,0.0888820694948007,0.0379445614082898,-0.0888290311851686,0.7748297294666773,0.4271639677032217,|IC|<0.02
Round6-barra,inc_total_rev_qoq,JQ-成长,"growth(TOTREV, lag1(TOTREV))",营业总收入TTM环比,0.0113860769279607,0.2051905069760966,0.1092203888125631,0.0889296367485221,0.0220534093896602,-0.0888203812559325,0.6291068955902568,0.2482922171445563,|IC|<0.02
Round6-strat,inc_total_rev_qoq,JQ-成长,"growth(TOTREV, lag1(TOTREV))",营业总收入TTM环比,0.0129764176985431,0.2433334953588388,0.0933783001626475,0.0889296367485221,0.0070926340216324,-0.082647284313136,0.2268222179137959,0.0858181134513707,|IC|<0.02
Round6-raw,inc_op_profit_qoq,JQ-成长,"growth(OP, lag1(OP))",营业利润TTM环比,0.0107047549871174,0.1448584064404005,0.1182350423281706,0.0879448480286799,0.030318756797703,-0.1407869086684517,0.5936138427949813,0.2153521025815164,|IC|<0.02
Round6-lnmc,inc_op_profit_qoq,JQ-成长,"growth(OP, lag1(OP))",营业利润TTM环比,0.0130211452062972,0.1923346743773359,0.1337815724602558,0.0878984145123606,0.0459787533037892,-0.0603853652514834,1.020477654969992,0.7614221278997678,|IC|<0.02
Round6-barra,inc_op_profit_qoq,JQ-成长,"growth(OP, lag1(OP))",营业利润TTM环比,0.0120870290357249,0.2122882088329549,0.1131576440303363,0.0879448480286799,0.0275198882391893,-0.0602979277249541,0.6453840633500445,0.4563985741719007,|IC|<0.02
Round6-strat,inc_op_profit_qoq,JQ-成长,"growth(OP, lag1(OP))",营业利润TTM环比,0.0125780363231229,0.2171348396512343,0.0955975296546101,0.0879448480286799,0.0088461882317967,-0.1009232998040202,0.2395912659711091,0.0876525861617174,|IC|<0.02
Round6-raw,sq_op_yoy,JQ-成长,"growth(sq_ttm(OP), sq_ttm(OP,-4季))",单季营业利润同比,0.0099016656027954,0.1639965132513296,0.1046590489651093,0.0878201376723031,0.014533467111196,-0.1592357156392647,0.3221268869822781,0.0912701466053032,|IC|<0.02
Round6-lnmc,sq_op_yoy,JQ-成长,"growth(sq_ttm(OP), sq_ttm(OP,-4季))",单季营业利润同比,0.0111868315016328,0.195788461846578,0.1137407751009353,0.0877735618742858,0.0245208844676863,-0.1003919813282941,0.589061607984852,0.2442514246979544,|IC|<0.02
Round6-barra,sq_op_yoy,JQ-成长,"growth(sq_ttm(OP), sq_ttm(OP,-4季))",单季营业利润同比,0.0102843319088705,0.2185289692027294,0.1109280056790673,0.0878201376723031,0.0218312091448003,-0.06185617569414,0.5978085799423009,0.3529349963817515,|IC|<0.02
Round6-strat,sq_op_yoy,JQ-成长,"growth(sq_ttm(OP), sq_ttm(OP,-4季))",单季营业利润同比,0.0106589062057675,0.223260606580216,0.103023408257493,0.0878201376723031,0.0127858129078426,-0.0882952990070643,0.3548658652068136,0.144807402564203,|IC|<0.02
Round6-raw,sq_np_yoy2,JQ-成长,"growth(sq_ttm(NPT), sq_ttm(NPT,-4季))",单季净利润同比(TTM差口径),0.0091951920293085,0.1504857065741468,0.0970048797355267,0.0878631206924231,0.0075070101915579,-0.1639737380609136,0.177609346392344,0.0457817835973784,|IC|<0.02
Round6-lnmc,sq_np_yoy2,JQ-成长,"growth(sq_ttm(NPT), sq_ttm(NPT,-4季))",单季净利润同比(TTM差口径),0.0105681679677079,0.1826390048876431,0.1060159317057032,0.0878165731599243,0.0171088848884404,-0.1143060241868457,0.4198778568296369,0.1496761435816722,|IC|<0.02
Round6-barra,sq_np_yoy2,JQ-成长,"growth(sq_ttm(NPT), sq_ttm(NPT,-4季))",单季净利润同比(TTM差口径),0.0096938314474899,0.2031047138792777,0.1070738200986167,0.0878631206924231,0.0181553246064192,-0.0626072246588909,0.5073282645554126,0.2899876924003046,|IC|<0.02
Round6-strat,sq_np_yoy2,JQ-成长,"growth(sq_ttm(NPT), sq_ttm(NPT,-4季))",单季净利润同比(TTM差口径),0.0100313114688574,0.2074897131996467,0.0972167738988365,0.0878631206924231,0.007616111205049,-0.0963994362895719,0.2206357587640491,0.0790057649525165,|IC|<0.02
Round6-raw,int_debt_neg,JQ-风险,-ID/TA,有息负债率(反向),0.0061104419774249,0.0830600745838505,0.1055242544568177,0.0893941513426286,0.0165674473756582,-0.1195907494168364,0.3843727600517314,0.1385345225817764,|IC|<0.02
Round6-lnmc,int_debt_neg,JQ-风险,-ID/TA,有息负债率(反向),0.0055073300517288,0.0761712247170584,0.103274353937097,0.089358678695075,0.0133678472339562,-0.1350780476036152,0.3178730140202079,0.0989638765966177,|IC|<0.02
Round6-barra,int_debt_neg,JQ-风险,-ID/TA,有息负债率(反向),0.0057166836725215,0.1379869255737759,0.0980600201630308,0.0893941513426286,0.0064891770371546,-0.0733210381112148,0.2332264960143514,0.0885036164833313,|IC|<0.02
Round6-strat,int_debt_neg,JQ-风险,-ID/TA,有息负债率(反向),0.0054224971623225,0.1282290035759687,0.093035475794559,0.0893941513426286,0.0016247417487169,-0.0859304856819159,0.0688451985990896,0.0189076290657913,|IC|<0.02
Round6-raw,debt_to_equity_neg,JQ-风险,-TL/EQ,产权比率(反向),0.0045553034313944,0.046342572129515,0.0877046493291164,0.0895032928490509,0.0032611386982057,-0.1503821675065166,0.0874540796793424,0.0216856742543257,|IC|<0.02
Round6-lnmc,debt_to_equity_neg,JQ-风险,-TL/EQ,产权比率(反向),0.0014443576466243,0.0159210419350042,0.0653640742878647,0.0894683683902388,-0.0213425369942181,-0.2838348335531917,-0.3520424438164055,-0.0751935085875162,|IC|<0.02
Round6-barra,debt_to_equity_neg,JQ-风险,-TL/EQ,产权比率(反向),0.0023207526654465,0.046905474827502,0.0731710100829592,0.0895032928490509,-0.0139165111240062,-0.1588801075893409,-0.3922001761459492,-0.0875912745475753,|IC|<0.02
Round6-strat,debt_to_equity_neg,JQ-风险,-TL/EQ,产权比率(反向),0.0026559087286309,0.0510612937692885,0.0746257556113814,0.0895032928490509,-0.0123850905277224,-0.1696194643182845,-0.336475690438307,-0.0730169180612565,|IC|<0.02
Round6-raw,goodwill_neg,JQ-风险,-goodwill/TA,商誉占比(反向),0.006962082123093,0.0872917665745462,0.0826590707774306,0.0833873738456756,0.0010085017507408,-0.0982066372798298,0.0453167086704465,0.0102691811742543,|IC|<0.02
Round6-lnmc,goodwill_neg,JQ-风险,-goodwill/TA,商誉占比(反向),0.008234814773999,0.1090666809180955,0.0860428418267078,0.0833405892073508,0.0054592473681904,-0.1066689498853131,0.1386569432817561,0.0511793485738828,|IC|<0.02
Round6-barra,goodwill_neg,JQ-风险,-goodwill/TA,商誉占比(反向),0.0073323329926932,0.1681900580343097,0.1006243675292661,0.0833873738456756,0.0189913562908063,-0.0562046276980561,0.5252182003282811,0.3378966656061174,|IC|<0.02
Round6-strat,goodwill_neg,JQ-风险,-goodwill/TA,商誉占比(反向),0.0038214496961743,0.0793042171934806,0.058694026917442,0.0833873738456756,-0.0250857965449819,-0.2237140783008199,-0.6484794235004813,-0.1121332941382887,|IC|<0.02
Round6-raw,rnd_ratio,JQ-其他,rnd_to_revenue,"研发费用率(覆盖仅27%, 参考)",0.00308163345789,0.019484566541241,0.1176925684048819,0.0918250359615948,0.0335190307627815,-0.2124829360557497,0.3711485850475607,0.1577492827658736,|IC|<0.02
Round6-lnmc,rnd_ratio,JQ-其他,rnd_to_revenue,"研发费用率(覆盖仅27%, 参考)",0.0017017908578579,0.0110634302102831,0.1028427424363627,0.0917730317401952,0.0175610339263623,-0.2622897498705459,0.2199036036923155,0.066952802902247,|IC|<0.02
Round6-barra,rnd_ratio,JQ-其他,rnd_to_revenue,"研发费用率(覆盖仅27%, 参考)",0.0011361177668089,0.0161210171532959,0.0945430157046491,0.0918250359615948,0.0046945208791882,-0.1106478586155659,0.123235923213142,0.0424275800537524,|IC|<0.02
Round6-strat,rnd_ratio,JQ-其他,rnd_to_revenue,"研发费用率(覆盖仅27%, 参考)",0.0005753179333605,0.0086246214733746,0.0946363331220319,0.0918250359615948,0.0055977287093276,-0.0685140907884954,0.152640038710431,0.0817018608129521,|IC|<0.02
Round7-raw,combo_all,成长-复合,"mean(rank(G6五虎), rank(G5b五因子))",十因子成长复合,0.0135216617256479,0.1488263666398623,0.1349092821188753,0.0895032928490509,0.0425975821275157,-0.2515036233384903,0.5752277786618508,0.1693716438835757,|IC|<0.02
Round7-lnmc,combo_all,成长-复合,"mean(rank(G6五虎), rank(G5b五因子))",十因子成长复合,0.0166392400934436,0.2064170289568523,0.1527439827872476,0.0894683683902388,0.0616697925134095,-0.1098318094097136,1.0604681954152098,0.5614930032096459,|IC|<0.02
Round7-barra,combo_all,成长-复合,"mean(rank(G6五虎), rank(G5b五因子))",十因子成长复合,0.0158299215659244,0.2413584714339092,0.1370723443200168,0.0895032928490509,0.0470129407385868,-0.0550942006238501,1.02039079913983,0.8533192279086276,|IC|<0.02
Round7-strat,combo_all,成长-复合,"mean(rank(G6五虎), rank(G5b五因子))",十因子成长复合,0.0166798493628358,0.2514847745929074,0.1320573051355067,0.0895032928490509,0.040687797242805,-0.0878440707405558,0.8158941009908873,0.463182055428361,|IC|<0.02
Round7-raw,combo_g6,成长-复合,"mean(rank(inc_op_profit_qoq), rank(inc_total_rev_qoq), rank(sq_op_yoy), rank(sq_np_yoy2), rank(ocf_to_asset))","★基本面成长复合(五虎): 四口径同向为正, 与市值因子正交, 分段稳定",0.0151915652718462,0.1799418252855933,0.1231996459398765,0.0895032928490509,0.0283090141485702,-0.2275247359437401,0.4669879186837699,0.1244216987271669,|IC|<0.02
Round7-lnmc,combo_g6,成长-复合,"mean(rank(inc_op_profit_qoq), rank(inc_total_rev_qoq), rank(sq_op_yoy), rank(sq_np_yoy2), rank(ocf_to_asset))","★基本面成长复合(五虎): 四口径同向为正, 与市值因子正交, 分段稳定",0.0179132408496831,0.2387215776524583,0.1543870681667942,0.0894683683902388,0.0599037972120337,-0.0739984574878681,1.1859902459321718,0.8095276475439346,|IC|<0.02
Round7-barra,combo_g6,成长-复合,"mean(rank(inc_op_profit_qoq), rank(inc_total_rev_qoq), rank(sq_op_yoy), rank(sq_np_yoy2), rank(ocf_to_asset))","★基本面成长复合(五虎): 四口径同向为正, 与市值因子正交, 分段稳定",0.0171065541183726,0.2817436455699805,0.1436500374897364,0.0895032928490509,0.0524510222559257,-0.0660577234192361,1.0791352269561325,0.7940180124441283,|IC|<0.02
Round7-strat,combo_g6,成长-复合,"mean(rank(inc_op_profit_qoq), rank(inc_total_rev_qoq), rank(sq_op_yoy), rank(sq_np_yoy2), rank(ocf_to_asset))","★基本面成长复合(五虎): 四口径同向为正, 与市值因子正交, 分段稳定",0.017571612218777,0.2870893988449495,0.1404784789656012,0.0895032928490509,0.047854580357515,-0.0837507728740852,0.9632739466694132,0.5713927014078037,|IC|<0.02
Round7-raw,combo_g5b,其他,(见代码),combo_g5b,0.0123181082966533,0.1363150701896676,0.1251614691534104,0.0895032928490509,0.0352063170392791,-0.2594869057610864,0.4800046272432461,0.1356766613560613,|IC|<0.02
Round7-lnmc,combo_g5b,其他,(见代码),combo_g5b,0.0152366883557935,0.1875329793218802,0.1526627446191908,0.0894683683902388,0.0627257113678545,-0.104856121368785,1.0700557739977845,0.5982074346164737,|IC|<0.02
Round7-barra,combo_g5b,其他,(见代码),combo_g5b,0.0144247385782801,0.2210867044515766,0.1262671309693821,0.0895032928490509,0.0379917299354399,-0.0651624111705077,0.8367157116675543,0.5830313712000105,|IC|<0.02
Round7-strat,combo_g5b,其他,(见代码),combo_g5b,0.015360010339769,0.2335578407884312,0.1198848251016375,0.0895032928490509,0.0300997688481303,-0.1142098709211031,0.6210315269836774,0.2635478755502969,|IC|<0.02
Round7-raw,combo_qoq,成长-复合,"mean(rank(inc_op_profit_qoq), rank(inc_total_rev_qoq), rank(ttm_np_chg), rank(ttm_rev_chg))",纯环比族复合,0.0133166301420128,0.1634666991572422,0.1282701012374862,0.0895032928490509,0.0373576364266741,-0.2219693013005882,0.5934904468207983,0.1683009146210035,|IC|<0.02
Round7-lnmc,combo_qoq,成长-复合,"mean(rank(inc_op_profit_qoq), rank(inc_total_rev_qoq), rank(ttm_np_chg), rank(ttm_rev_chg))",纯环比族复合,0.0158072771342712,0.2146839205885705,0.1528987246780326,0.0894683683902388,0.0620870858538502,-0.0763366023062815,1.1725695424127125,0.813333105981601,|IC|<0.02
Round7-barra,combo_qoq,成长-复合,"mean(rank(inc_op_profit_qoq), rank(inc_total_rev_qoq), rank(ttm_np_chg), rank(ttm_rev_chg))",纯环比族复合,0.0149716714408004,0.246836473588802,0.1394953913048666,0.0895032928490509,0.0510837951539744,-0.0963673309208423,0.918200480570772,0.5300945316824791,|IC|<0.02
Round7-strat,combo_qoq,成长-复合,"mean(rank(inc_op_profit_qoq), rank(inc_total_rev_qoq), rank(ttm_np_chg), rank(ttm_rev_chg))",纯环比族复合,0.0156455467610833,0.2578794657221935,0.1326082074044865,0.0895032928490509,0.0428370021354556,-0.1132744412559265,0.7891712774622825,0.378170059022157,|IC|<0.02
Round7-raw,combo_sq,成长-复合,"mean(rank(sq_op_yoy), rank(sq_np_yoy2), rank(sq_np_yoy), rank(sq_rev_yoy), rank(sue_np))",单季同比族复合,0.012030278066338,0.1462723574793195,0.1240097367218755,0.0895032928490509,0.0339259092422297,-0.2467072287137718,0.4807632797649159,0.1375148568572765,|IC|<0.02
Round7-lnmc,combo_sq,成长-复合,"mean(rank(sq_op_yoy), rank(sq_np_yoy2), rank(sq_np_yoy), rank(sq_rev_yoy), rank(sue_np))",单季同比族复合,0.0145922785332438,0.1953395909646907,0.1497616561588128,0.0894683683902388,0.0595630752527196,-0.1097322511303395,1.0080985123039223,0.5428037303451547,|IC|<0.02
Round7-barra,combo_sq,成长-复合,"mean(rank(sq_op_yoy), rank(sq_np_yoy2), rank(sq_np_yoy), rank(sq_rev_yoy), rank(sue_np))",单季同比族复合,0.0138656057663765,0.226418341448001,0.1430494317952155,0.0895032928490509,0.0529999541426893,-0.0651452511601311,1.12271299338643,0.8135658885159884,|IC|<0.02
Round7-strat,combo_sq,成长-复合,"mean(rank(sq_op_yoy), rank(sq_np_yoy2), rank(sq_np_yoy), rank(sq_rev_yoy), rank(sue_np))",单季同比族复合,0.0142221405827819,0.2314940935506959,0.1223236113924135,0.0895032928490509,0.0321744172818656,-0.104509857030675,0.6499312356519096,0.3078601214852109,|IC|<0.02
Round7-barra,combo_all[2018-2021],成长-复合,"mean(rank(G6五虎), rank(G5b五因子))",十因子成长复合,0.0223163592649685,0.3377600934143359,0.1373036957362785,0.0789331100198467,0.0563697624351546,-0.0536895049395799,1.382675273710493,1.0499214417899927,通过
Round7-strat,combo_all[2018-2021],成长-复合,"mean(rank(G6五虎), rank(G5b五因子))",十因子成长复合,0.0231713210315279,0.3426737977791981,0.1268805826530468,0.0789331100198467,0.0455038581173743,-0.0591048734133886,1.0491471918616144,0.7698833529193658,通过
Round7-barra,combo_all[2022-2026],成长-复合,"mean(rank(G6五虎), rank(G5b五因子))",十因子成长复合,0.0101695593406598,0.1572764327152882,0.1363959091626536,0.0988311106780734,0.0384637135203331,-0.0550942006238502,0.7712133402351095,0.6981445067683263,|IC|<0.02
Round7-strat,combo_all[2022-2026],成长-复合,"mean(rank(G6五虎), rank(G5b五因子))",十因子成长复合,0.0110150942654031,0.1703136694672687,0.136160586367336,0.0988311106780734,0.0360889435759135,-0.0761117123855289,0.661447434076755,0.4741575566334924,|IC|<0.02
Round7-barra,combo_g6[2018-2021],成长-复合,"mean(rank(inc_op_profit_qoq), rank(inc_total_rev_qoq), rank(sq_op_yoy), rank(sq_np_yoy2), rank(ocf_to_asset))","★基本面成长复合(五虎): 四口径同向为正, 与市值因子正交, 分段稳定",0.0226561509603251,0.3542004759899705,0.1358817204869062,0.0789331100198467,0.0541658448919795,-0.0660577234192361,1.2354028552573102,0.819977469526392,通过
Round7-strat,combo_g6[2018-2021],成长-复合,"mean(rank(inc_op_profit_qoq), rank(inc_total_rev_qoq), rank(sq_op_yoy), rank(sq_np_yoy2), rank(ocf_to_asset))","★基本面成长复合(五虎): 四口径同向为正, 与市值因子正交, 分段稳定",0.0233899794678344,0.3586210546812652,0.1342108800830321,0.0789331100198467,0.0513829663166567,-0.0604217773721407,1.1161721600683672,0.8504047472848489,通过
Round7-barra,combo_g6[2022-2026],成长-复合,"mean(rank(inc_op_profit_qoq), rank(inc_total_rev_qoq), rank(sq_op_yoy), rank(sq_np_yoy2), rank(ocf_to_asset))","★基本面成长复合(五虎): 四口径同向为正, 与市值因子正交, 分段稳定",0.012263722076023,0.2139327079508264,0.1500083846487476,0.0988311106780734,0.0505151484047536,-0.0565761789770925,0.9651661537734856,0.8928695666281572,|IC|<0.02
Round7-strat,combo_g6[2022-2026],成长-复合,"mean(rank(inc_op_profit_qoq), rank(inc_total_rev_qoq), rank(sq_op_yoy), rank(sq_np_yoy2), rank(ocf_to_asset))","★基本面成长复合(五虎): 四口径同向为正, 与市值因子正交, 分段稳定",0.0124942388256535,0.2191241116712596,0.1455325398365556,0.0988311106780734,0.0443623353662367,-0.0573345474794738,0.8437517180069758,0.7737452777859422,|IC|<0.02
Round7-raw,combo_all[小市值30%],成长-复合,"mean(rank(G6五虎), rank(G5b五因子))",十因子成长复合,0.0193901846848941,0.2709774547458868,0.2384546904722868,0.1981101430615193,0.0318783822426063,-0.1509158158754119,0.6029907843245856,0.2112328787919975,|IC|<0.02
Round7-barra,combo_all[小市值30%],成长-复合,"mean(rank(G6五虎), rank(G5b五因子))",十因子成长复合,0.0200548785418989,0.3221860237495865,0.2355292193889104,0.1981101430615193,0.0301776973336647,-0.1098516172994972,0.6444161565426108,0.2747132730088884,Calmar=0.27<0.5
Round7-raw,combo_all[小市值50%],成长-复合,"mean(rank(G6五虎), rank(G5b五因子))",十因子成长复合,0.0174875692040138,0.236749618699027,0.1916175961833695,0.1450580182540126,0.0394817384920682,-0.1353012242382261,0.7541689544636238,0.2918062176773242,|IC|<0.02
Round7-barra,combo_all[小市值50%],成长-复合,"mean(rank(G6五虎), rank(G5b五因子))",十因子成长复合,0.0186828671335293,0.2996312759319173,0.1809266434253253,0.1450580182540126,0.0308963053163529,-0.064244559784612,0.7120393722893601,0.4809170678410223,|IC|<0.02
Round7-raw,combo_g6[小市值30%],成长-复合,"mean(rank(inc_op_profit_qoq), rank(inc_total_rev_qoq), rank(sq_op_yoy), rank(sq_np_yoy2), rank(ocf_to_asset))","★基本面成长复合(五虎): 四口径同向为正, 与市值因子正交, 分段稳定",0.0200645253800123,0.2631894710752127,0.2401118365282801,0.1981101430615193,0.031308631335962,-0.0990518990968777,0.5982532686765734,0.3160831000861543,Calmar=0.32<0.5
Round7-barra,combo_g6[小市值30%],成长-复合,"mean(rank(inc_op_profit_qoq), rank(inc_total_rev_qoq), rank(sq_op_yoy), rank(sq_np_yoy2), rank(ocf_to_asset))","★基本面成长复合(五虎): 四口径同向为正, 与市值因子正交, 分段稳定",0.0210650856303065,0.3248426827538438,0.2710909395606906,0.1981101430615193,0.0588170068173934,-0.0626006457800055,1.1289498032233456,0.9395591065320829,通过
Round7-raw,combo_g6[小市值50%],成长-复合,"mean(rank(inc_op_profit_qoq), rank(inc_total_rev_qoq), rank(sq_op_yoy), rank(sq_np_yoy2), rank(ocf_to_asset))","★基本面成长复合(五虎): 四口径同向为正, 与市值因子正交, 分段稳定",0.0177633276745186,0.2370225473651145,0.1804085048765,0.1450580182540126,0.0272180708351696,-0.1395022384383044,0.5593326478965118,0.1951084881495075,|IC|<0.02
Round7-barra,combo_g6[小市值50%],成长-复合,"mean(rank(inc_op_profit_qoq), rank(inc_total_rev_qoq), rank(sq_op_yoy), rank(sq_np_yoy2), rank(ocf_to_asset))","★基本面成长复合(五虎): 四口径同向为正, 与市值因子正交, 分段稳定",0.0191158425982272,0.3065072569614465,0.2061593799684697,0.1450580182540126,0.0522669118805854,-0.0679168160525206,1.120598973982097,0.7695724699486349,|IC|<0.02
